video_id,video_source,video_type,fps,inference_type,question,prior,depth_info
simulation_0007,simulation,S2MC,24,SS,What is the width of the wooden pier in meters?,length of boat = 3.62m,
simulation_0007,simulation,S2MC,24,SS,What is the length of the pier in meters?,length of boat = 3.62m,
simulation_0007,simulation,S2MC,24,SS,"When t=3s, what is the minimum distance from the outer end of the pier to the boat in meters?",length of boat = 3.62m,
simulation_0007,simulation,S2MC,24,SD,What is the speed of the boat at 1.0s in m/s?,length of boat = 3.62m,
simulation_0012,simulation,V2MC,24,DS,What is the total width of the house from eave to eave in meters?,speed of the bird =6m/s,
simulation_0012,simulation,V2MC,24,DS,What is the body length of the bird in meters?,speed of the bird =6m/s,
simulation_0012,simulation,V2MC,24,DS,How wide is the bird's wingspan when it spreads its wings in meters?,speed of the bird =6m/s,
simulation_0020,simulation,A2MC,30,DS,What is the height of the person in meters?,gravity acc = 9.8m/s^2,
simulation_0020,simulation,A2MC,30,DD,What is the velocity of the ball at 0.0s in m/s?,gravity acc = 9.8m/s^2,
simulation_0020,simulation,A2MC,30,DS,What is the diameter of the ball in meters?,gravity acc = 9.8m/s^2,
simulation_0041,simulation,S2MC,24,SS,What is the length of the boat in meters?,height of the person = 1.75m,
simulation_0041,simulation,S2MC,24,SS,What is the width of the boat in meters?,height of the person = 1.75m,
simulation_0041,simulation,S2MC,24,SD,What is the speed of the boat at 1.0s in m/s?,height of the person = 1.75m,
simulation_0041,simulation,S2MC,24,SD,What is the speed of the person at 1.0s in m/s?,height of the person = 1.75m,
simulation_0047,simulation,V2MC,33,DS,What is the width of the telephone booth in meters?,speed of the walking person = 1.236m/s,
simulation_0047,simulation,V2MC,33,DS,What is the length of the planter area between the two staircases in meters?,speed of the walking person = 1.236m/s,
simulation_0047,simulation,V2MC,33,DS,What is the length of the moving bicycle in meters?,speed of the walking person = 1.236m/s,
simulation_0047,simulation,V2MC,33,DD,What is the speed of the moving bicycle at 1.0s in m/s?,speed of the walking person = 1.236m/s,
simulation_0053,simulation,A2MC,30,DD,What is the speed of the green car at 2.0s in m/s?,acceleration of the orange car = -2.86m/s^2,
simulation_0053,simulation,A2MC,30,DS,What is the length of the orange car in meters?,acceleration of the orange car = -2.86m/s^2,
simulation_0053,simulation,A2MC,30,DS,What is the length of the green car in meters?,acceleration of the orange car = -2.86m/s^2,
simulation_0053,simulation,A2MC,30,DS,What is the distance between the two black lamps in meters?,acceleration of the orange car = -2.86m/s^2,
simulation_0053,simulation,A2MC,30,DD,What is the walking speed of the person at 2.0s in m/s?,acceleration of the orange car = -2.86m/s^2,
simulation_0054,simulation,A2MC,30,DD,What is the speed of the green car at 2.0s in m/s?,acceleration of the orange car = -2.86m/s^2,
simulation_0054,simulation,A2MC,30,DS,What is the length of the orange car in meters?,acceleration of the orange car = -2.86m/s^2,
simulation_0054,simulation,A2MC,30,DS,What is the length of the green car in meters?,acceleration of the orange car = -2.86m/s^2,
simulation_0054,simulation,A2MC,30,DS,What is the distance between the two black lamps in meters?,acceleration of the orange car = -2.86m/s^2,
simulation_0054,simulation,A2MC,30,DS,What is the width of the orange car in meters?,acceleration of the orange car = -2.86m/s^2,
simulation_0054,simulation,A2MC,30,DS,What is the width of the green car in meters?,acceleration of the orange car = -2.86m/s^2,
simulation_0057,simulation,A2MC,30,DS,What is the length of the orange car in meters?,acceleration of the orange car = -2.86m/s^2,
simulation_0057,simulation,A2MC,30,DS,What is the distance between the two black lamps in meters?,acceleration of the orange car = -2.86m/s^2,
simulation_0057,simulation,A2MC,30,DS,What is the width of the orange car in meters?,acceleration of the orange car = -2.86m/s^2,
simulation_0068,simulation,A2MS,24,DD,What is the speed of the yellow car at 2.5s in m/s?,acceleration of the white car = 4m/s^2,
simulation_0068,simulation,A2MS,24,DS,What is the length of the turning yellow car in meters?,acceleration of the white car = 4m/s^2,
simulation_0068,simulation,A2MS,24,DS,What is the width of the turning yellow car in meters?,acceleration of the white car = 4m/s^2,
simulation_0068,simulation,A2MS,24,DS,What is the width of the white car in meters?,acceleration of the white car = 4m/s^2,
simulation_0068,simulation,A2MS,24,DS,What is the length of the white car in meters?,acceleration of the white car = 4m/s^2,
simulation_0069,simulation,A2MS,24,DD,What is the speed of the walking pedestrian at 1.0s in m/s?,acceleration of the white car = 4m/s^2,
simulation_0069,simulation,A2MS,24,DS,What is the width of the white car in meters?,acceleration of the white car = 4m/s^2,
simulation_0069,simulation,A2MS,24,DS,What is the length of the white car in meters?,acceleration of the white car = 4m/s^2,
simulation_0070,simulation,S2MS,24,SD,What is the speed of the turing yellow car at 2.5s in m/s?,length of the yellow car = 5.44m,
simulation_0070,simulation,S2MS,24,SS,What is the width of the turning yellow car in meters?,length of the yellow car = 5.44m,
simulation_0070,simulation,S2MS,24,SD,What is the speed of the bicycle at 1.0s in m/s?,length of the yellow car = 5.44m,
simulation_0071,simulation,S2MS,24,SD,What is the speed of the turing yellow car at 2.5s in m/s?,length of the yellow car = 5.44m,
simulation_0071,simulation,S2MS,24,SS,What is the width of the turning yellow car in meters?,length of the yellow car = 5.44m,
simulation_0071,simulation,S2MS,24,SD,What is the speed of the walking pedestrian at 1.0s in m/s?,length of the yellow car = 5.44m,
simulation_0072,simulation,V2MS,24,DD,What is the speed of the walking pedestrian at 1.0s in m/s?,speed of the bicycle = 5.33m/s,
simulation_0073,simulation,V2MS,24,DS,What is the width of the white car in meters?,speed of the bicycle = 5.33m/s,
simulation_0073,simulation,V2MS,24,DS,What is the length of the white car in meters?,speed of the bicycle = 5.33m/s,
simulation_0073,simulation,V2MS,24,DS,What is the distance between the white car and the bicycle at 1.0s in meters?,speed of the bicycle = 5.33m/s,
simulation_0073,simulation,V2MS,24,DS,What is the  distance between the white car and the bicycle at 2.0s in meters?,speed of the bicycle = 5.33m/s,
simulation_0073,simulation,V2MS,24,DD,What is the acceleration of the white car at 1.0s in m/s^2?,speed of the bicycle = 5.33m/s,
simulation_0073,simulation,V2MS,24,DS,What is the side length of the square earthen platform in meters?,speed of the bicycle = 5.33m/s,
simulation_0073,simulation,V2MS,24,DD,What is the speed of the white car at 1.0s in m/s?,speed of the bicycle = 5.33m/s,
simulation_0075,simulation,S2MS,24,SS,What is the length of the turning yellow car in meters?,length of the white car = 6m,
simulation_0075,simulation,S2MS,24,SD,What is the speed of the walking pedestrian at 1.0s in m/s?,length of the white car = 6m,
simulation_0075,simulation,S2MS,24,SD,What is the speed of the turing yellow car at 2.5s in m/s?,length of the white car = 6m,
simulation_0075,simulation,S2MS,24,SS,What is the width of the turning yellow car in meters?,length of the white car = 6m,
simulation_0075,simulation,S2MS,24,SS,What is the width of the purple car in meters?,length of the white car = 6m,
simulation_0075,simulation,S2MS,24,SS,What is the length of the purple car in meters?,length of the white car = 6m,
simulation_0075,simulation,S2MS,24,SD,What is the speed of the bicycle at 1.0s in m/s?,length of the white car = 6m,
simulation_0075,simulation,S2MS,24,SS,What is the side length of the square earthen platform in meters?,length of the white car = 6m,
simulation_0075,simulation,S2MS,24,SS,What is the width of the white car in meters?,length of the white car = 6m,
simulation_0075,simulation,S2MS,24,SD,What is the acceleration of the white car at 1.0s in m/s^2?,length of the white car = 6m,
simulation_0075,simulation,S2MS,24,SS,What is the width of the green car in meters?,length of the white car = 6m,
simulation_0075,simulation,S2MS,24,SS,What is the length of the green car in meters?,length of the white car = 6m,
simulation_0076,simulation,V2MX,24,DD,What is the speed of the person in the white shirt at 1.0s in m/s?,speed of the person in the black shirt = 1m/s,
simulation_0076,simulation,V2MX,24,DS,What is the distance between the person in the black shirt and the person in the white shirt at 1.0s in meters?,speed of the person in the black shirt = 1m/s,
simulation_0076,simulation,V2MX,24,DS,What is the distance between the person in the black shirt and the person in the white shirt at 2.0s in meters?,speed of the person in the black shirt = 1m/s,
simulation_0077,simulation,V2MX,24,DD,What is the speed of the person in the white shirt at 1.0s in m/s?,speed of the person in the black shirt = 1m/s,
simulation_0077,simulation,V2MX,24,DS,What is the distance between the person in the black shirt and the person in the white shirt at 1.0s in meters?,speed of the person in the black shirt = 1m/s,
simulation_0077,simulation,V2MX,24,DS,What is the distance between the person in the black shirt and the person in the white shirt at 2.0s in meters?,speed of the person in the black shirt = 1m/s,
simulation_0078,simulation,V2MX,24,DD,What is the speed of the person in the black shirt at 1.0s in m/s?,speed of the person in the white shirt = 1.3m/s,
simulation_0078,simulation,V2MX,24,DS,What is the distance between the person in the black shirt and the person in the white shirt at 1.0s in meters?,speed of the person in the white shirt = 1.3m/s,
simulation_0078,simulation,V2MX,24,DS,What is the distance between the person in the black shirt and the person in the white shirt at 2.0s in meters?,speed of the person in the white shirt = 1.3m/s,
simulation_0079,simulation,S2MX,24,SD,What is the speed of the walking person at 1.0s in m/s?,length of the bike = 1.7m,
simulation_0079,simulation,S2MX,24,SD,What is the speed of the bike at 1.0s in m/s?,length of the bike = 1.7m,
simulation_0079,simulation,S2MX,24,SS,What is the distance between the walking person and the bike at 1.0s in meters?,length of the bike = 1.7m,
simulation_0079,simulation,S2MX,24,SS,What is the distance between the walking person and the bike at 0.5s in meters?,length of the bike = 1.7m,
simulation_0080,simulation,S2MX,24,SD,What is the speed of the walking person at 0.5s in m/s?,length of the bike = 1.7m,
simulation_0080,simulation,S2MX,24,SD,What is the speed of the bike at 0.5s in m/s?,length of the bike = 1.7m,
simulation_0080,simulation,S2MX,24,SS,What is the distance between the walking person and the bike at 0.5 s in meters?,length of the bike = 1.7m,
simulation_0080,simulation,S2MX,24,SS,What is the distance between the walking person and the bike at 1.0s in meters?,length of the bike = 1.7m,
simulation_0081,simulation,S2MX,24,SD,What is the speed of the walking person at 0.5s in m/s?,length of the bike = 1.7m,
simulation_0081,simulation,S2MX,24,SD,What is the speed of the bike at 0.5s in m/s?,length of the bike = 1.7m,
simulation_0081,simulation,S2MX,24,SS,What is the distance between the walking person and the bike at 0.5 s in meters?,length of the bike = 1.7m,
simulation_0081,simulation,S2MX,24,SS,What is the distance between the walking person and the bike at 1.0 s in meters?,length of the bike = 1.7m,
simulation_0082,simulation,S2MX,24,SS,What is the width of the yellow car in meters?,length of the yellow car = 5.67m,
simulation_0082,simulation,S2MX,24,SS,What is the length of the black and white car in meters?,length of the yellow car = 5.67m,
simulation_0082,simulation,S2MX,24,SS,What is the width of the black and white car in meters?,length of the yellow car = 5.67m,
simulation_0082,simulation,S2MX,24,SS,What is the distance between the yellow car and the black and white car at 1.0s in meters?,length of the yellow car = 5.67m,
simulation_0082,simulation,S2MX,24,SS,What is the distance between the yellow car and the black and white car at 2.0s in meters?,length of the yellow car = 5.67m,
simulation_0082,simulation,S2MX,24,SD,What is the speed of the yellow car at 1.0s in m/s?,length of the yellow car = 5.67m,
simulation_0082,simulation,S2MX,24,SD,What is the speed of the black and white car at 1.0s in m/s?,length of the yellow car = 5.67m,
simulation_0083,simulation,S2MX,24,SS,What is the width of the yellow car in meters?,length of the yellow car = 5.67m,
simulation_0083,simulation,S2MX,24,SS,What is the length of the black and white car in meters?,length of the yellow car = 5.67m,
simulation_0083,simulation,S2MX,24,SS,What is the width of the black and white car in meters?,length of the yellow car = 5.67m,
simulation_0083,simulation,S2MX,24,SS,What is the distance between the yellow car and the black and white car at 1.0s in meters?,length of the yellow car = 5.67m,
simulation_0083,simulation,S2MX,24,SS,What is the distance between the yellow car and the black and white car at 2.0s in meters?,length of the yellow car = 5.67m,
simulation_0083,simulation,S2MX,24,SD,What is the speed of the yellow car at 1.0s in m/s?,length of the yellow car = 5.67m,
simulation_0083,simulation,S2MX,24,SD,What is the speed of the black and white car at 1.0s in m/s?,length of the yellow car = 5.67m,
simulation_0084,simulation,V2MX,24,DS,What is the length of the yellow car in meters?,speed of the yellow car = 5.07m/s,
simulation_0084,simulation,V2MX,24,DS,What is the width of the yellow car in meters?,speed of the yellow car = 5.07m/s,
simulation_0084,simulation,V2MX,24,DS,What is the length of the black and white car in meters?,speed of the yellow car = 5.07m/s,
simulation_0084,simulation,V2MX,24,DS,What is the width of the black and white car in meters?,speed of the yellow car = 5.07m/s,
simulation_0084,simulation,V2MX,24,DS,What is the distance between the yellow car and the black and white car at 1.0s in meters?,speed of the yellow car = 5.07m/s,
simulation_0084,simulation,V2MX,24,DS,What is the distance between the yellow car and the black and white car at 2.0s in meters?,speed of the yellow car = 5.07m/s,
simulation_0084,simulation,V2MX,24,DD,What is the speed of the black and white car at 1.0s in m/s?,length of the yellow car = 5.67m,
simulation_0085,simulation,A2MX,24,DD,What is the speed of the bike at 1.0s in m/s?,acceleration of the car = 4.03m/s^2,
simulation_0085,simulation,A2MX,24,DS,What is the length of the bike in meters?,acceleration of the car = 4.03m/s^2,
simulation_0085,simulation,A2MX,24,DS,What is the length of the car in meters?,acceleration of the car = 4.03m/s^2,
simulation_0085,simulation,A2MX,24,DS,What is the width of the car in meters?,acceleration of the car = 4.03m/s^2,
simulation_0085,simulation,A2MX,24,DS,What is the distance between the car and the bike at 1.0s in meters?,acceleration of the car = 4.03m/s^2,
simulation_0085,simulation,A2MX,24,DS,What is the distance between the car and the bike at 2.0s in meters?,acceleration of the car = 4.03m/s^2,
simulation_0085,simulation,A2MX,24,DD,What is the speed of the car at 1.5s in m/s?,acceleration of the car = 4.03m/s^2,
simulation_0086,simulation,A2MX,24,DD,What is the speed of the bike at 1.0s in m/s?,acceleration of the car = 4.03m/s^2,
simulation_0086,simulation,A2MX,24,DS,What is the length of the bike in meters?,acceleration of the car = 4.03m/s^2,
simulation_0086,simulation,A2MX,24,DS,What is the length of the car in meters?,acceleration of the car = 4.03m/s^2,
simulation_0086,simulation,A2MX,24,DS,What is the width of the car in meters?,acceleration of the car = 4.03m/s^2,
simulation_0086,simulation,A2MX,24,DS,What is the distance between the car and the bike at 1.0s in meters?,acceleration of the car = 4.03m/s^2,
simulation_0086,simulation,A2MX,24,DS,What is the distance between the car and the bike at 2.0s in meters?,acceleration of the car = 4.03m/s^2,
simulation_0086,simulation,A2MX,24,DD,What is the speed of the car at 1.5s in m/s?,acceleration of the car = 4.03m/s^2,
simulation_0087,simulation,V2MX,24,DD,What is the acceleration of the car at 1.0s in m/s^2?,speed of the bike = 5.07m/s,
simulation_0087,simulation,V2MX,24,DS,What is the length of the bike in meters?,acceleration of the car = 4.03m/s^2,
simulation_0087,simulation,V2MX,24,DS,What is the length of the car in meters?,acceleration of the car = 4.03m/s^2,
simulation_0087,simulation,V2MX,24,DS,What is the width of the car in meters?,acceleration of the car = 4.03m/s^2,
simulation_0087,simulation,V2MX,24,DS,What is the distance between the car and the bike at 0.5 s in meters?,acceleration of the car = 4.03m/s^2,
simulation_0087,simulation,V2MX,24,DS,What is the distance between the car and the bike at 1.0s in meters?,acceleration of the car = 4.03m/s^2,
simulation_0087,simulation,V2MX,24,DD,What is the speed of the car at 1.0s in m/s?,acceleration of the car = 4.03m/s^2,
simulation_0088,simulation,V2MX,24,DD,What is the speed of the small bird at 0.3s in m/s?,speed of the big bird = 17.98m/s,
simulation_0088,simulation,V2MX,24,DS,What is the distance between the big bird and the small bird at 0.3s in meters?,speed of the big bird = 17.98m/s,
simulation_0088,simulation,V2MX,24,DS,What is the body length of the big bird in meters?,speed of the big bird = 17.98m/s,
simulation_0088,simulation,V2MX,24,DS,What is the width (wingspan) of the big bird in meters?,speed of the big bird = 17.98m/s,
simulation_0088,simulation,V2MX,24,DS,What is the body length of the small bird in meters?,speed of the big bird = 17.98m/s,
simulation_0088,simulation,V2MX,24,DS,What is the width (wingspan) of the small bird in meters?,speed of the big bird = 17.98m/s,
simulation_0089,simulation,S2MX,24,SS,What is the length of the big bird in meters?,length of the small bird = 0.94m,
simulation_0089,simulation,S2MX,24,SS,What is the width (wingspan) of the big bird in meters?,length of the small bird = 0.94m,
simulation_0089,simulation,S2MX,24,SS,What is the width (wingspan) of the small bird in meters?,length of the small bird = 0.94m,
simulation_0089,simulation,S2MX,24,SD,What is the speed of the small bird at 0.3s in m/s?,length of the small bird = 0.94m,
simulation_0089,simulation,S2MX,24,SD,What is the speed of the big bird at 0.3s in m/s?,length of the small bird = 0.94m,
simulation_0089,simulation,S2MX,24,SS,What is the distance between the big bird and the small bird at 0.3s in meters?,length of the small bird = 0.94m,
simulation_0090,simulation,V2MX,24,DD,What is the speed of the big bird at 0.2s in m/s?,speed of the small bird = 11m/s,
simulation_0090,simulation,V2MX,24,DS,What is the distance between the big bird and the small bird at 0.3s in meters?,speed of the small bird = 11m/s,
simulation_0090,simulation,V2MX,24,DS,What is the body length of the big bird in meters?,speed of the small bird = 11m/s,
simulation_0090,simulation,V2MX,24,DS,What is the body length of the small bird in meters?,speed of the small bird = 11m/s,
simulation_0091,simulation,V2MX,24,DD,What is the speed of the big bird at 0.3s in m/s?,speed of the small bird = 11m/s,
simulation_0091,simulation,V2MX,24,DS,What is the distance between the big bird and the small bird at 0.3s in meters?,speed of the small bird = 11m/s,
simulation_0091,simulation,V2MX,24,DS,What is the length of the big bird in meters?,speed of the small bird = 11m/s,
simulation_0091,simulation,V2MX,24,DS,What is the length of the small bird in meters?,speed of the small bird = 11m/s,
simulation_0092,simulation,S2MX,24,SS,What is the height of the car in meters?,length of the car = 5.67m,
simulation_0092,simulation,S2MX,24,SS,What is the length of the plane in meters?,length of the car = 5.67m,
simulation_0092,simulation,S2MX,24,SS,What is the height of the plane in meters?,length of the car = 5.67m,
simulation_0092,simulation,S2MX,24,SD,What is the speed of the plane at 1.0s in m/s?,length of the car = 5.67m,
simulation_0092,simulation,S2MX,24,SD,What is the speed of the car at 1.0s in m/s?,length of the car = 5.67m,
simulation_0093,simulation,S2MX,24,SS,What is the height of the car in meters?,length of the car = 5.67m,
simulation_0093,simulation,S2MX,24,SS,What is the length of the plane in meters?,length of the car = 5.67m,
simulation_0093,simulation,S2MX,24,SS,What is the height of the plane in meters?,length of the car = 5.67m,
simulation_0093,simulation,S2MX,24,SD,What is the speed of the plane at 0.5s in m/s?,length of the car = 5.67m,
simulation_0093,simulation,S2MX,24,SD,What is the speed of the car at 1.0s in m/s?,length of the car = 5.67m,
simulation_0094,simulation,V2MX,24,DS,What is the length of the car in meters?,speed of the car = 30m/s,
simulation_0094,simulation,V2MX,24,DS,What is the height of the car in meters?,speed of the car = 30m/s,
simulation_0094,simulation,V2MX,24,DS,What is the length of the plane in meters?,speed of the car = 30m/s,
simulation_0094,simulation,V2MX,24,DS,What is the height of the plane in meters?,speed of the car = 30m/s,
simulation_0095,simulation,A2MX,24,DD,What is the speed of the plane at 0.5s in m/s?,acceleration of the car = 10m/s^2,
simulation_0095,simulation,A2MX,24,DS,What is the length of the car in meters?,acceleration of the car = 10m/s^2,
simulation_0095,simulation,A2MX,24,DS,What is the height of the car in meters?,acceleration of the car = 10m/s^2,
simulation_0095,simulation,A2MX,24,DS,What is the length of the plane in meters?,acceleration of the car = 10m/s^2,
simulation_0095,simulation,A2MX,24,DS,What is the height of the plane in meters?,acceleration of the car = 10m/s^2,
simulation_0096,simulation,A2MX,24,DD,What is the speed of the plane at 0.3s in m/s?,acceleration of the car = 10m/s^2,
simulation_0096,simulation,A2MX,24,DS,What is the length of the car in meters?,acceleration of the car = 10m/s^2,
simulation_0096,simulation,A2MX,24,DS,What is the height of the car in meters?,acceleration of the car = 10m/s^2,
simulation_0096,simulation,A2MX,24,DS,What is the length of the plane in meters?,acceleration of the car = 10m/s^2,
simulation_0096,simulation,A2MX,24,DS,What is the height of the plane in meters?,acceleration of the car = 10m/s^2,
simulation_0097,simulation,A2MX,24,DD,What is the speed of the plane at 0.3s in m/s?,acceleration of the car = 10m/s^2,
simulation_0097,simulation,A2MX,24,DS,What is the length of the car in meters?,acceleration of the car = 10m/s^2,
simulation_0097,simulation,A2MX,24,DS,What is the height of the car in meters?,acceleration of the car = 10m/s^2,
simulation_0097,simulation,A2MX,24,DS,What is the length of the plane in meters?,acceleration of the car = 10m/s^2,
simulation_0097,simulation,A2MX,24,DS,What is the height of the plane in meters?,acceleration of the car = 10m/s^2,
simulation_0098,simulation,V2MS,24,DD,What is the speed of the boat at 1.0s in m/s?,speed of the shark = 3m/s,
simulation_0098,simulation,V2MS,24,DS,What is the length of the boat in meters?,speed of the shark = 3m/s,
simulation_0098,simulation,V2MS,24,DS,What is the length of the shark in meters?,speed of the shark = 3m/s,
simulation_0098,simulation,V2MS,24,DS,What is the height of the shark in meters?,speed of the shark = 3m/s,
simulation_0099,simulation,S2MS,24,SD,What is the speed of the boat at 1.0s in m/s?,length of the boat = 10m,
simulation_0099,simulation,S2MS,24,SD,What is the speed of the shark at 1.0s in m/s?,length of the boat = 10m,
simulation_0099,simulation,S2MS,24,SS,What is the length of the shark in meters?,length of the boat = 10m,
simulation_0099,simulation,S2MS,24,SS,What is the height of the shark in meters?,length of the boat = 10m,
simulation_0100,simulation,S2MS,24,SD,What is the speed of the boat at 1.0s in m/s?,length of the boat = 10m,
simulation_0100,simulation,S2MS,24,SD,What is the speed of the shark at 1.0s in m/s?,length of the boat = 10m,
simulation_0100,simulation,S2MS,24,SS,What is the length of the shark in meters?,length of the boat = 10m,
simulation_0100,simulation,S2MS,24,SS,What is the height of the shark in meters?,length of the boat = 10m,
simulation_0101,simulation,A2MS,24,DD,What is the speed of the shark at 0.0s in m/s?,acceleration of the shark = 1m/s^2,
simulation_0101,simulation,A2MS,24,DD,What is the speed of the boat at 1.0s in m/s?,acceleration of the shark = 1m/s^2,
simulation_0101,simulation,A2MS,24,DS,What is the length of the boat in meters?,acceleration of the shark = 1m/s^2,
simulation_0101,simulation,A2MS,24,DS,What is the length of the shark in meters?,acceleration of the shark = 1m/s^2,
simulation_0101,simulation,A2MS,24,DS,What is the height of the shark in meters?,acceleration of the shark = 1m/s^2,
simulation_0102,simulation,A2MS,24,DD,What is the speed of the shark at 0.0s in m/s?,acceleration of the shark = 1m/s^2,
simulation_0102,simulation,A2MS,24,DD,What is the speed of the boat at 1.0s in m/s?,acceleration of the shark = 1m/s^2,
simulation_0102,simulation,A2MS,24,DS,What is the length of the boat in meters?,acceleration of the shark = 1m/s^2,
simulation_0102,simulation,A2MS,24,DS,What is the length of the shark in meters?,acceleration of the shark = 1m/s^2,
simulation_0102,simulation,A2MS,24,DS,What is the height of the shark in meters?,acceleration of the shark = 1m/s^2,
simulation_0102,simulation,A2MS,24,DS,What is the distance between the shark and the boat at 0.5s in meters?,acceleration of the shark = 1m/s^2,
simulation_0103,simulation,A2MS,24,DD,What is the speed of the shark at 0.0s in m/s?,acceleration of the shark = 1m/s^2,
simulation_0103,simulation,A2MS,24,DD,What is the speed of the boat at 1.0s in m/s?,acceleration of the shark = 1m/s^2,
simulation_0103,simulation,A2MS,24,DS,What is the length of the boat in meters?,acceleration of the shark = 1m/s^2,
simulation_0103,simulation,A2MS,24,DS,What is the length of the shark in meters?,acceleration of the shark = 1m/s^2,
simulation_0103,simulation,A2MS,24,DS,What is the height of the shark in meters?,acceleration of the shark = 1m/s^2,
simulation_0103,simulation,A2MS,24,DS,What is the distance between the shark and the boat at 0.5s in meters?,acceleration of the shark = 1m/s^2,
simulation_0104,simulation,V2MX,24,DS,What is the diagonal length of the phone in meters?,the lifting speed of the charging post = 0.2m/s,
simulation_0104,simulation,V2MX,24,DS,What is the diameter of the gray truncated cone on the charging post in meters?,the lifting speed of the charging post = 0.2m/s,
simulation_0104,simulation,V2MX,24,DS,What is the extension of the charging post at 0.5s in meters?,the lifting speed of the charging post = 0.2m/s,
simulation_0105,simulation,A2MX,24,DS,What is the height of the ice cube in meters?,gravity acc = 9.8m/s^2,
simulation_0105,simulation,A2MX,24,DS,What is the height of the teacup with the plate in meters?,gravity acc = 9.8m/s^2,
simulation_0105,simulation,A2MX,24,DS,What is the width of the teacup with the plate in meters?,gravity acc = 9.8m/s^2,
simulation_0105,simulation,A2MX,24,DD,What is the velocity of the ice cube at 1.0s in m/s?,gravity acc = 9.8m/s^2,
simulation_0106,simulation,V2MX,24,DD,What is the velocity of the left virus at 1.0s in m/s?,speed of the right virus = 1.5667m/s,
simulation_0106,simulation,V2MX,24,DS,What is the distance between two viruses at 1.0s in meters?,speed of the right virus = 1.5667m/s,
simulation_0106,simulation,V2MX,24,DS,What is the distance between two viruses at 2.0s in meters?,speed of the right virus = 1.5667m/s,
simulation_0107,simulation,V2MX,24,DD,What is the velocity of the left virus at 1.0s in m/s?,speed of the right virus = 1.7393m/s,
simulation_0107,simulation,V2MX,24,DS,What is the distance between two viruses at 1.0s in meters?,speed of the right virus = 1.7393m/s,
simulation_0107,simulation,V2MX,24,DS,What is the distance between two viruses at 2.0s in meters?,speed of the right virus = 1.7393m/s,
simulation_0108,simulation,V2MX,24,DD,What is the velocity of the left virus at 1.0s in m/s?,speed of the left virus = 1.7393m/s,
simulation_0108,simulation,V2MX,24,DS,What is the distance between two viruses at 1.0s in meters?,speed of the left virus = 1.7393m/s,
simulation_0108,simulation,V2MX,24,DS,What is the distance between two viruses at 2.0s in meters?,speed of the left virus = 1.7393m/s,
simulation_0111,simulation,V2MC,24,DS,What is the length of the boat in meters?,speed of the boat = 2m/s,
simulation_0111,simulation,V2MC,24,DS,What is the width of the boat in meters?,speed of the boat = 2m/s,
simulation_0111,simulation,V2MC,24,DS,What is the width of the bridge in meters?,speed of the boat = 2m/s,
simulation_0112,simulation,V2MC,24,DS,What is the thickness of the bridge in meters?,speed of the car = 6.66m/s,
simulation_0112,simulation,V2MC,24,DS,What is the height of the car in meters?,speed of the car = 6.66m/s,
simulation_0112,simulation,V2MC,24,DS,What is the diameter of the wheel in meters?,speed of the car = 6.66m/s,
simulation_0112,simulation,V2MC,24,DS,What is the length of the car in meters?,speed of the car = 6.66m/s,
simulation_0113,simulation,S2MC,24,SD,What is the speed of the swim ring at 1.0s in m/s?,diameter of the swim ring = 1m,
simulation_0113,simulation,S2MC,24,SS,What is the side length of the pool in meters?,diameter of the swim ring = 1m,
simulation_0114,simulation,A2SC,24,DS,What is the width of the plane in meters?,acceleration of the plane = 18m/s^2,
simulation_0114,simulation,A2SC,24,DS,What is the length of the plane in meters?,acceleration of the plane = 18m/s^2,
simulation_0114,simulation,A2SC,24,DD,What is the speed of the plane at 1.5s in m/s?,acceleration of the plane = 18m/s^2,
simulation_0116,simulation,A2MC,24,DS,What is the length of the football in meters?,gravity acc = 9.8m/s^2,
simulation_0116,simulation,A2MC,24,DS,What is the width of the football in meters?,gravity acc = 9.8m/s^2,
simulation_0116,simulation,A2MC,24,DS,What is the height of he middle yellow door in meters?,gravity acc = 9.8m/s^2,
simulation_0116,simulation,A2MC,24,DS,What is the width of the middle yellow door in meters?,gravity acc = 9.8m/s^2,
simulation_0116,simulation,A2MC,24,DD,What is the speed of the football at 0.5s in m/s?,gravity acc = 9.8m/s^2,
simulation_0117,simulation,A2MS,24,DS,What is the diameter of the ball in meters?,gravity acc = 9.8m/s^2,
simulation_0117,simulation,A2MS,24,DS,What is the height of the door in meters?,gravity acc = 9.8m/s^2,
simulation_0117,simulation,A2MS,24,DS,What is the width of the door in meters?,gravity acc = 9.8m/s^2,
simulation_0117,simulation,A2MS,24,DS,What is the length of the electronic lock in meters?,gravity acc = 9.8m/s^2,
simulation_0117,simulation,A2MS,24,DS,What is the width of the electronic lock in meters?,gravity acc = 9.8m/s^2,
simulation_0118,simulation,V2MC,24,DS,What is the total displacement of the toy car in meters?,speed of the toy car = 0.05m/s,
simulation_0118,simulation,V2MC,24,DS,What  is the length of the toy car in meters?,speed of the toy car = 0.05m/s,
simulation_0118,simulation,V2MC,24,DS,What is the diameter of the disc in meters?,speed of the toy car = 0.05m/s,
simulation_0118,simulation,V2MC,24,DS,What is the length of the book in meters?,speed of the toy car = 0.05m/s,
simulation_0118,simulation,V2MC,24,DS,What is the length of the table in meters?,speed of the toy car = 0.05m/s,
simulation_0118,simulation,V2MC,24,DS,What is the width of the table in meters?,speed of the toy car = 0.05m/s,
simulation_0119,simulation,V2MC,24,DS,What is the diameter of the moving chess piece in meters?,speed of the chess = 0.04m/s,
simulation_0119,simulation,V2MC,24,DS,What is the side length of the chessboard in meters?,speed of the chess = 0.04m/s,
simulation_0119,simulation,V2MC,24,DS,What is the length of the dark grey square tray placed next to the chessboard in meters?,speed of the chess = 0.04m/s,
simulation_0119,simulation,V2MC,24,DS,What is the side length of the table in meters?,speed of the chess = 0.04m/s,
simulation_0119,simulation,V2MC,24,DS,What is the distance moved by the chess piece in meters?,speed of the chess = 0.04m/s,
simulation_0120,simulation,V2MC,24,DS,What is the length of the sofa in meters?,speed of the robot cleaner = 1m/s,
simulation_0120,simulation,V2MC,24,DS,What is the length of the TV in meters?,speed of the robot cleaner = 1m/s,
simulation_0120,simulation,V2MC,24,DS,What is the diameter of the robot cleaner in meters?,speed of the robot cleaner = 1m/s,
simulation_0120,simulation,V2MC,24,DS,What is the side length of the chessboard in meters?,speed of the robot cleaner = 1m/s,
simulation_0120,simulation,V2MC,24,DS,What is the length of the square tray placed next to the chessboard with two art sculptures on it in meters?,speed of the robot cleaner = 1m/s,
simulation_0121,simulation,S2MS,30,SD,What is the speed of the left first ball at 0.5s in m/s?,diameter of the ball = 2m,
simulation_0121,simulation,S2MS,30,SD,What is the speed of the left first ball at 1.0s in m/s?,diameter of the ball = 2m,
simulation_0122,simulation,A2SC,25,DS,What is the length of the sword in meters?,gravity acc = 9.8m/s^2,
simulation_0123,simulation,V2MC,24,DS,What is the length of the blue rolling cup in meters?,speed of the cup = 0.338m/s,
simulation_0123,simulation,V2MC,24,DS,What is the diameter of the blue rolling cup in meters?,speed of the cup = 0.338m/s,
simulation_0123,simulation,V2MC,24,DS,What is the length of the green toothbrush lying on the sink in meters?,speed of the cup = 0.338m/s,
simulation_0123,simulation,V2MC,24,DS,What is the diameter of the blue cup with the blue toothbrush in meters?,speed of the cup = 0.338m/s,
simulation_0123,simulation,V2MC,24,DS,What is the length of the largest towel of the three stacked towels on the sink in meters?,speed of the cup = 0.338m/s,
simulation_0123,simulation,V2MC,24,DS,What is the width of the largest towel of the three stacked towels on the sink in meters?,speed of the cup = 0.338m/s,
simulation_0124,simulation,V2MC,24,DD,What is the speed of the grey and red car at 1.0s in m/s?,speed of the black car = 26.085m/s,
simulation_0124,simulation,V2MC,24,DS,What is the length of the grey and red car in meters?,speed of the black car = 26.085m/s,
simulation_0124,simulation,V2MC,24,DS,What is the width of the grey and red car in meters?,speed of the black car = 26.085m/s,
simulation_0124,simulation,V2MC,24,DS,What is the length of the black car in meters?,speed of the black car = 26.085m/s,
simulation_0124,simulation,V2MC,24,DS,What is the width of the black car in meters?,speed of the black car = 26.085m/s,
simulation_0124,simulation,V2MC,24,DS,What is the distance between the two cars at 1.0s in meters?,speed of the black car = 26.085m/s,
simulation_0124,simulation,V2MC,24,DS,What is the smallest distance between the two cars in meters?,speed of the black car = 26.085m/s,
simulation_0125,simulation,V2MC,24,DS,What is the height of the potted plant in meters?,speed of the person = 1.22 m/s,
simulation_0125,simulation,V2MC,24,DS,What is the height of the house in meters?,speed of the person = 1.22 m/s,
simulation_0125,simulation,V2MC,24,DS,What is the width of the house in meters?,speed of the person = 1.22 m/s,
simulation_0125,simulation,V2MC,24,DS,What is the height of the person in meters?,speed of the person = 1.22 m/s,
simulation_0126,simulation,S2MS,24,SS,What is the diameter of the handle in meters?,diameter of the puck = 0.074m,
simulation_0126,simulation,S2MS,24,SD,What is the speed of the puck at 0.5s in m/s?,diameter of the puck = 0.074m,
simulation_0126,simulation,S2MS,24,SD,What is the speed of the puck at 2.0s in m/s?,diameter of the puck = 0.074m,
simulation_0126,simulation,S2MS,24,SS,What is the horizontal distance between the two handles in meters?,diameter of the puck = 0.074m,
simulation_0126,simulation,S2MS,24,SS,What is the shortest distance between the puck and the handle on the right in meters?,diameter of the puck = 0.074m,
simulation_0127,simulation,V2MC,24,DD,What is the speed of the blue car at 1.0s in m/s?,speed of the bike = 24m/s,
simulation_0127,simulation,V2MC,24,DS,What is the width of the blue car in meters?,speed of the bike = 24m/s,
simulation_0127,simulation,V2MC,24,DS,What is the length of the blue car in meters?,speed of the bike = 24m/s,
simulation_0127,simulation,V2MC,24,DS,What is the length of the bike in meters?,speed of the bike = 24m/s,
simulation_0127,simulation,V2MC,24,DS,What is the width of the red car in meters?,speed of the bike = 24m/s,
simulation_0127,simulation,V2MC,24,DS,What is the length of the red car in meters?,speed of the bike = 24m/s,
simulation_0127,simulation,V2MC,24,DS,What is the width of the dark green car in meters?,speed of the bike = 24m/s,
simulation_0127,simulation,V2MC,24,DS,What is the length of the dark green car in meters?,speed of the bike = 24m/s,
simulation_0128,simulation,A2MC,24,DS,What is the diameter of the ball in meters?,gravity acceleration = 9.8m/s^2,
simulation_0128,simulation,A2MC,24,DS,What is the length of the forklift in meters?,gravity acceleration = 9.8m/s^2,
simulation_0128,simulation,A2MC,24,DS,What is the height of the forklift in meters?,gravity acceleration = 9.8m/s^2,
simulation_0129,simulation,A2MC,24,DS,What is the diameter of the ball in meters?,gravity acceleration = 9.8m/s^2,
simulation_0129,simulation,A2MC,24,DS,What is the length of the forklift in meters?,gravity acceleration = 9.8m/s^2,
simulation_0129,simulation,A2MC,24,DS,What is the height of the forklift in meters?,gravity acceleration = 9.8m/s^2,
simulation_0130,simulation,V2MC,24,DS,What is the length of the car in meters?,speed of the car = 11.155m/s,
simulation_0130,simulation,V2MC,24,DS,What is the width of the car in meters?,speed of the car = 11.155m/s,
simulation_0130,simulation,V2MC,24,DS,What is the length of the white airplane in meters?,speed of the car = 11.155m/s,
simulation_0130,simulation,V2MC,24,DS,What is the width of the white airplane in meters?,speed of the car = 11.155m/s,
simulation_0130,simulation,V2MC,24,DS,What is the length of the helicopter in meters?,speed of the car = 11.155m/s,
simulation_0130,simulation,V2MC,24,DS,What is the width of the helicopter in meters?,speed of the car = 11.155m/s,
simulation_0130,simulation,V2MC,24,DD,What is the speed of the white airplane at 1.0s in m/s?,speed of the car = 11.155m/s,
simulation_0131,simulation,V2SX,24,DS,What is the width of the hot air balloon in meters?,speed of the hot air balloon = 4m/s,
simulation_0131,simulation,V2SX,24,DS,What is the height of the hot air balloon in meters?,speed of the hot air balloon = 4m/s,
simulation_0263,simulation,A2SS,24,DS,What is the length of the spacecraft in meters?,acceleration of the spacecraft = 4m/s^2,
simulation_0132,simulation,A2MC,120,DS,What is the diameter of the apple in meters?,gravity acceleration = 9.8m/s^2,
simulation_0132,simulation,A2MC,120,DS,What is the height of the table in meters?,gravity acceleration = 9.8m/s^2,
simulation_0132,simulation,A2MC,120,DD,"What is the horizontal speed of the apple while it is in the air, in m/s?",gravity acceleration = 9.8m/s^2,
simulation_0132,simulation,A2MC,120,DS,"What is the horizontal distance of the apple during its parabolic motion, in meters?",gravity acceleration = 9.8m/s^2,
simulation_0133,simulation,A2MS,30,DS,What is the diameter of the apple in meters?,gravity acceleration = 9.8m/s^2,
simulation_0133,simulation,A2MS,30,DS,What is the height of the table in meters?,gravity acceleration = 9.8m/s^2,
simulation_0133,simulation,A2MS,30,DD,"What is the horizontal speed of the apple when it leaves the table, in m/s?",gravity acceleration = 9.8m/s^2,
simulation_0133,simulation,A2MS,30,DS,"What is the horizontal displacement of the apple during its parabolic motion, in meters?",gravity acceleration = 9.8m/s^2,
simulation_0133,simulation,A2MS,30,DD,"What is the speed of the apple at time 1.2s, in m/s?",gravity acceleration = 9.8m/s^2,
simulation_0134,simulation,S2MC,24,SS,"What is the length of the toast, in meters?",height of the toaster = 0.166m,
simulation_0134,simulation,S2MC,24,SS,"What is the length of the toaster, in meters?",height of the toaster = 0.166m,
simulation_0134,simulation,S2MC,24,SS,What is the peak vertical displacement of the bread slice (relative to its starting position) in meters?,height of the toaster = 0.166m,
simulation_0134,simulation,S2MC,24,SD,"What is the acceleration of the bread slice at time1.75 s, in m/s^2?",height of the toaster = 0.166m,
simulation_0135,simulation,S2MC,24,SS,What is the length of the toaster in meters?,diameter of the cup = 0.087m,
simulation_0135,simulation,S2MC,24,SS,What is the height of the power outlet in meters?,diameter of the cup = 0.087m,
simulation_0135,simulation,S2MC,24,SD,"What is the speed of the cup at time 1s, in m/s?",diameter of the cup = 0.087m,
simulation_0135,simulation,S2MC,24,SD,What is the speed of the cup at time 2.25s in m/s?,diameter of the cup = 0.087m,
simulation_0136,simulation,S2MC,24,SS,What is the length of the toaster in meters?,diameter of the cup = 0.087m,
simulation_0136,simulation,S2MC,24,SD,"What is the speed of the cup at time 1s, in m/s?",diameter of the cup = 0.087m,
simulation_0136,simulation,S2MC,24,SD,What is the speed of the cup at time 2.25s in m/s?,diameter of the cup = 0.087m,
simulation_0137,simulation,V2MC,60,DS,What is the total length of the bird’s flight path in meters?,speed of the bird = 9.146m/s,
simulation_0137,simulation,V2MC,60,DS,What is the length of the house in meters?,speed of the bird = 9.146m/s,
simulation_0137,simulation,V2MC,60,DS,What is the height of the house in meters?,speed of the bird = 9.146m/s,
simulation_0137,simulation,V2MC,60,DS,"What is the distance from the bird to the roof at 1s, in meters?",speed of the bird = 9.146m/s,
simulation_0142,simulation,V2MC,24,DS,What is the height of the man in meters?,walking speed = 1.693m/s,
simulation_0142,simulation,V2MC,24,DS,What is the total distance the man walked in meters?,walking speed = 1.693m/s,
simulation_0142,simulation,V2MC,24,DS,What is the side length of the floor tile in meters?,walking speed = 1.693m/s,
simulation_0142,simulation,V2MC,24,DS,What is the height from the floor to the ceiling in meters?,walking speed = 1.693m/s,
simulation_0145,simulation,S2MC,24,SS,What is the diameter of the tire in meters?,length of the rocket = 2.9m,
simulation_0145,simulation,S2MC,24,SD,What is the average speed of the rocket from beginning to end in m/s?,length of the rocket = 2.9m,
simulation_0145,simulation,S2MC,24,SD,What is the speed of the rocket at time 1s in m/s?,length of the rocket = 2.9m,
simulation_0145,simulation,S2MC,24,SD,What is the acceleration of the rocket at time 1s in m/s^2?,length of the rocket = 2.9m,
simulation_0148,simulation,S2MC,24,SD,What is the speed of the train at time 1s in m/s?,width of the side windows on this train (not the door windows) = 1.8m,
simulation_0148,simulation,S2MC,24,SD,What is the speed of the train at time 0.5s in m/s?,width of the side windows on this train (not the door windows) = 1.8m,
simulation_0148,simulation,S2MC,24,SD,What is the acceleration of the train at time 0.5s in m/s^2?,width of the side windows on this train (not the door windows) = 1.8m,
simulation_0148,simulation,S2MC,24,SS,What is the length of the door on the train in meters?,width of the side windows on this train (not the door windows) = 1.8m,
simulation_0148,simulation,S2MC,24,SS,"What is the height, in meters, of the white pillar in the center of the semicircular arch?",width of the side windows on this train (not the door windows) = 1.8m,
simulation_0153,simulation,S2SC,24,SS,What is the length of the blue car in meters (including the extending wire)?,diameter of the tire of the blue car = 0.369m,
simulation_0153,simulation,S2SC,24,SD,What is the speed of the blue car at time 1s in m/s?,diameter of the tire of the blue car = 0.369m,
simulation_0153,simulation,S2SC,24,SD,What is the acceleration of the blue car at time 1s in m/s^2?,diameter of the tire of the blue car = 0.369m,
simulation_0153,simulation,S2SC,24,SD,What is the speed of the blue car at time 1.5s in m/s?,diameter of the tire of the blue car = 0.369m,
simulation_0153,simulation,S2SC,24,SD,What is the acceleration of the blue car at time 1.5s in m/s^2?,diameter of the tire of the blue car = 0.369m,
simulation_0154,simulation,V2SC,24,DS,What is the length of the shark in meters?,speed of the shark = 7 m/s,
simulation_0154,simulation,V2SC,24,DS,What is the displacement of the shark in meters?,speed of the shark = 7 m/s,
simulation_0155,simulation,V2SS,24,DS,What is the length of the shark in meters?,speed of the shark = 7 m/s,
simulation_0155,simulation,V2SS,24,DS,What is the displacement of the shark in meters?,speed of the shark = 7 m/s,
simulation_0156,simulation,V2MS,24,DS,What is the length of the shark in meters?,speed of the shark = 7 m/s,
simulation_0156,simulation,V2MS,24,DS,What is the displacement of the shark in meters?,speed of the shark = 7 m/s,
simulation_0156,simulation,V2MS,24,DD,What is the speed of the turtle at 1s in m/s?,speed of the shark = 7 m/s,
simulation_0156,simulation,V2MS,24,DS,What is the length of the turtle in meters?,speed of the shark = 7 m/s,
simulation_0157,simulation,A2SS,24,DS,What is the length of the turtle in meters?,acceleration of the turtle = 2.639 m/s^2,
simulation_0157,simulation,A2SS,24,DD,What is the speed of the turtle at time 1s in m/s?,acceleration of the turtle = 2.639 m/s^2,
simulation_0157,simulation,A2SS,24,DD,What is the speed of the turtle at time 1.5s in m/s?,acceleration of the turtle = 2.639 m/s^2,
simulation_0158,simulation,A2MS,24,DS,What is the length of the turtle in meters?,acceleration of the turtle = 2.639 m/s^2,
simulation_0158,simulation,A2MS,24,DD,What is the speed of the turtle at time 1s in m/s?,acceleration of the turtle = 2.639 m/s^2,
simulation_0158,simulation,A2MS,24,DD,What is the speed of the turtle at time 1.5s in m/s?,acceleration of the turtle = 2.639 m/s^2,
simulation_0158,simulation,A2MS,24,DS,How long is the shark in meters?,acceleration of the turtle = 2.639 m/s^2,
simulation_0158,simulation,A2MS,24,DS,What is the length of the shark in meters?,acceleration of the turtle = 2.639 m/s^2,
simulation_0158,simulation,A2MS,24,DD,What is the acceleration of the shark at 1s in m/s^2?,acceleration of the turtle = 2.639 m/s^2,
simulation_0158,simulation,A2MS,24,DD,What is the speed of the shark at time 1s in m/s?,acceleration of the turtle = 2.639 m/s^2,
simulation_0158,simulation,A2MS,24,DD,What is the speed of the shark at time 1.5s in m/s?,acceleration of the turtle = 2.639 m/s^2,
simulation_0160,simulation,S2MC,30,SS,What is the length of the billiard table in meters?,diameter of the ball = 0.0757m,
simulation_0160,simulation,S2MC,30,SS,What is the width of the billiard table in meters?,diameter of the ball = 0.0757m,
simulation_0160,simulation,S2MC,30,SS,What is the diameter of the pockets on the billiard table in meters?,diameter of the ball = 0.0757m,
simulation_0160,simulation,S2MC,30,SD,What is the speed of the ball at time 0.5s in m/s?,diameter of the ball = 0.0757m,
simulation_0160,simulation,S2MC,30,SD,What is the speed of the ball at time 1s in m/s?,diameter of the ball = 0.0757m,
simulation_0162,simulation,S2SC,24,SD,What is the speed of the ball at time 1s in m/s?,diameter of the ball = 0.21m,
simulation_0162,simulation,S2SC,24,SD,What is the acceleration of the ball at time 1s in m/s^2?,diameter of the ball = 0.21m,
simulation_0162,simulation,S2SC,24,SD,What is the speed of the ball at time 2s in m/s?,diameter of the ball = 0.21m,
simulation_0162,simulation,S2SC,24,SD,What is the acceleration of the ball at time 2s in m/s^2?,diameter of the ball = 0.21m,
simulation_0163,simulation,S2MC,24,SD,What is the speed of the ball at time 0.5s in m/s?,diameter of the ball = 0.21m,
simulation_0163,simulation,S2MC,24,SD,What is the acceleration of the ball at time 0.5s in m/s^2?,diameter of the ball = 0.21m,
simulation_0163,simulation,S2MC,24,SD,What is the speed of the ball at time 1s in m/s?,diameter of the ball = 0.21m,
simulation_0163,simulation,S2MC,24,SD,What is the acceleration of the ball at time 1s in m/s^2?,diameter of the ball = 0.21m,
simulation_0163,simulation,S2MC,24,SS,What is the height of the bowling pin in meters?,diameter of the ball = 0.21m,
simulation_0165,simulation,V2MC,24,DS,What is the diameter of the bike's wheel in meters?,speed of the bike = 5.52m/s,
simulation_0165,simulation,V2MC,24,DS,What is the width of the road that the bike is crossing through in meters?,speed of the bike = 5.52m/s,
simulation_0165,simulation,V2MC,24,DS,What is the length of the bike in meters?,speed of the bike = 5.52m/s,
simulation_0166,simulation,V2MC,24,DS,What is the diameter of the bike's wheel in meters?,speed of the bike = 5.52m/s,
simulation_0166,simulation,V2MC,24,DS,What is the width of the road that the bike is crossing through in meters?,speed of the bike = 5.52m/s,
simulation_0166,simulation,V2MC,24,DS,What is the length of the bike in meters?,speed of the bike = 5.52m/s,
simulation_0166,simulation,V2MC,24,DS,What is the length of the police car in meters?,speed of the bike = 5.52m/s,
simulation_0166,simulation,V2MC,24,DS,What is the diameter of the police car's tire in meters?,speed of the bike = 5.52m/s,
simulation_0166,simulation,V2MC,24,DD,What is the speed of the police car at 1s in m/s?,speed of the bike = 5.52m/s,
simulation_0167,simulation,V2MC,24,DS,What is the width of the road that the bike crossed through in meters?,speed of the bike = 5.52m/s,
simulation_0167,simulation,V2MC,24,DS,What is the length of the bike in meters?,speed of the bike = 5.52m/s,
simulation_0167,simulation,V2MC,24,DS,What is the length of the police car in meters?,speed of the bike = 5.52m/s,
simulation_0167,simulation,V2MC,24,DS,What is the width of the police car in meters?,speed of the bike = 5.52m/s,
simulation_0167,simulation,V2MC,24,DD,What is the speed of the police car at 1s in m/s?,speed of the bike = 5.52m/s,
simulation_0167,simulation,V2MC,24,DS,What is the width of the road that the bike and the car are on in meters?,speed of the bike = 5.52m/s,
simulation_0169,simulation,S2SS,24,SD,What is the speed of the astronaut at time 0.5s in m/s?,height of the astronaut = 2.2m,
simulation_0169,simulation,S2SS,24,SD,What is the acceleration of the astronaut at time 0.5s in m/s^2?,height of the astronaut = 2.2m,
simulation_0169,simulation,S2SS,24,SD,What is the speed of the astronaut at time 1s in m/s?,height of the astronaut = 2.2m,
simulation_0169,simulation,S2SS,24,SD,What is the acceleration of the astronaut at time 1s in m/s^2?,height of the astronaut = 2.2m,
simulation_0169,simulation,S2SS,24,SD,What is the speed of the astronaut at time 2s in m/s?,height of the astronaut = 2.2m,
simulation_0169,simulation,S2SS,24,SD,What is the acceleration of the astronaut at time 2s in m/s^2?,height of the astronaut = 2.2m,
simulation_0169,simulation,S2SS,24,SD,What is the speed of the astronaut at time 3s in m/s?,height of the astronaut = 2.2m,
simulation_0169,simulation,S2SS,24,SD,What is the acceleration of the astronaut at time 3s in m/s^2?,height of the astronaut = 2.2m,
simulation_0171,simulation,S2SS,24,SD,What is the speed of the astronaut at time 0.5s in m/s?,height of the astronaut = 2.2m,
simulation_0171,simulation,S2SS,24,SD,What is the acceleration of the astronaut at time 0.5s in m/s^2?,height of the astronaut = 2.2m,
simulation_0171,simulation,S2SS,24,SD,What is the speed of the astronaut at time 1s in m/s?,height of the astronaut = 2.2m,
simulation_0171,simulation,S2SS,24,SD,What is the acceleration of the astronaut at time 1s in m/s^2?,height of the astronaut = 2.2m,
simulation_0171,simulation,S2SS,24,SD,What is the speed of the astronaut at time 2s in m/s?,height of the astronaut = 2.2m,
simulation_0171,simulation,S2SS,24,SD,What is the acceleration of the astronaut at time 2s in m/s^2?,height of the astronaut = 2.2m,
simulation_0171,simulation,S2SS,24,SD,What is the speed of the astronaut at time 3s in m/s?,height of the astronaut = 2.2m,
simulation_0171,simulation,S2SS,24,SD,What is the acceleration of the astronaut at time 3s in m/s^2?,height of the astronaut = 2.2m,
simulation_0173,simulation,V2MC,24,DS,What is the length of the airplane in meters?,speed of the airplane = 153.582m/s,
simulation_0173,simulation,V2MC,24,DS,What is the height of the stone cliff on the beach in meters?,speed of the airplane = 153.582m/s,
simulation_0173,simulation,V2MC,24,DS,What is the diameter of the rear wheels on an aircraft landing gear in meters?,speed of the airplane = 153.582m/s,
simulation_0175,simulation,V2MC,24,DS,What is the length of the airplane in meters?,speed of the airplane = 153.582m/s,
simulation_0175,simulation,V2MC,24,DS,What is the height of the stone cliff on the beach in meters?,speed of the airplane = 153.582m/s,
simulation_0175,simulation,V2MC,24,DS,What is the diameter of the rear wheels on an aircraft landing gear in meters?,speed of the airplane = 153.582m/s,
simulation_0177,simulation,V2SC,24,DS,What is the height of the elephant in meters?,speed of the elephant = 1.424m/s,
simulation_0177,simulation,V2SC,24,DS,What is the displacement of the elephant in meters?,speed of the elephant = 1.424m/s,
simulation_0178,simulation,V2MC,24,DD,What is the speed of the small elephant at 1s in m/s?,speed of the big elephant = 2.313m/s,
simulation_0178,simulation,V2MC,24,DS,What is the height of the big elephant in meters?,speed of the big elephant = 2.313m/s,
simulation_0178,simulation,V2MC,24,DD,What is the height of the small elephant in meters?,speed of the big elephant = 2.313m/s,
simulation_0178,simulation,V2MC,24,DS,What is the displacement of the big elephant in meters?,speed of the big elephant = 2.313m/s,
simulation_0178,simulation,V2MC,24,DS,What is the displacement of the small elephant in meters?,speed of the big elephant = 2.313m/s,
simulation_0179,simulation,A2MC,24,DS,What is the length of the trolley in meters?,acceleration of the trolley = 1.507m/s,
simulation_0179,simulation,A2MC,24,DS,What is the height of the trolley in meters?,acceleration of the trolley = 1.507m/s,
simulation_0179,simulation,A2MC,24,DS,What is the height of the entrance gate (including the frame) in meters?,acceleration of the trolley = 1.507m/s,
simulation_0179,simulation,A2MC,24,DS,What is the length of the side of the orange tiles on the floor in meters?,acceleration of the trolley = 1.507m/s,
simulation_0179,simulation,A2MC,24,DD,What is the speed of the trolley at time 1s in m/s?,acceleration of the trolley = 1.507m/s,
simulation_0179,simulation,A2MC,24,DD,What is the speed of the trolley at time 2s in m/s?,acceleration of the trolley = 1.507m/s,
simulation_0181,simulation,A2MC,24,DD,What is the acceleration of the box from 0s to 0.3s in m/s^2?,acceleration of the box after 0.75s = 2.338m/s^2,
simulation_0181,simulation,A2MC,24,DD,What is the speed of the box at time 1s in m/s?,acceleration of the box after 0.75s = 2.338m/s^2,
simulation_0181,simulation,A2MC,24,DD,What is the speed of the box at time 1.5s in m/s?,acceleration of the box after 0.75s = 2.338m/s^2,
simulation_0181,simulation,A2MC,24,DS,What is the width of the box in meters?,acceleration of the box after 0.75s = 2.338m/s^2,
simulation_0181,simulation,A2MC,24,DS,What is the height of the box in meters?,acceleration of the box after 0.75s = 2.338m/s^2,
simulation_0183,simulation,A2MC,24,DD,What is the acceleration of the box from 0s to 0.3s in m/s^2?,acceleration of the tool box after 1.25s = 1.58m/s^2,
simulation_0183,simulation,A2MC,24,DD,What is the speed of the box at time 1s in m/s?,acceleration of the tool box after 1.25s = 1.58m/s^2,
simulation_0183,simulation,A2MC,24,DD,What is the speed of the box at time 1.5s in m/s?,acceleration of the tool box after 1.25s = 1.58m/s^2,
simulation_0183,simulation,A2MC,24,DS,What is the length of the box in meters?,acceleration of the tool box after 1.25s = 1.58m/s^2,
simulation_0183,simulation,A2MC,24,DS,What is the height of the box in meters?,acceleration of the tool box after 1.25s = 1.58m/s^2,
simulation_0185,simulation,A2MC,24,DD,What is the acceleration of the box from 0s to 0.3s in m/s^2?,acceleration of the gift box after 1s = 3.18m/s^2,
simulation_0185,simulation,A2MC,24,DD,What is the speed of the box at time 1s in m/s?,acceleration of the gift box after 1s = 3.18m/s^2,
simulation_0185,simulation,A2MC,24,DD,What is the speed of the box at time 1.5s in m/s?,acceleration of the gift box after 1s = 3.18m/s^2,
simulation_0185,simulation,A2MC,24,DS,What is the length of the box in meters?,acceleration of the gift box after 1s = 3.18m/s^2,
simulation_0185,simulation,A2MC,24,DS,What is the height of the box in meters?,acceleration of the gift box after 1s = 3.18m/s^2,
simulation_0187,simulation,A2SS,30,DS,What is the length of the truck in meters?,acceleration of the truck = 10.757m/s^2,
simulation_0187,simulation,A2SS,30,DS,What is the height of the truck in meters?,acceleration of the truck = 10.757m/s^2,
simulation_0187,simulation,A2SS,30,DS,What is the diameter of the truck's tire in meters?,acceleration of the truck = 10.757m/s^2,
simulation_0187,simulation,A2SS,30,DD,What is the speed of the truck at time 1s in m/s?,acceleration of the truck = 10.757m/s^2,
simulation_0187,simulation,A2SS,30,DD,What is the speed of the truck at time 1.5s in m/s?,acceleration of the truck = 10.757m/s^2,
simulation_0189,simulation,V2MS,120,DS,What is the length of the box in meters?,speed of the box = 0.094m/s,
simulation_0189,simulation,V2MS,120,DS,What is the height of the box in meters?,speed of the box = 0.094m/s,
simulation_0189,simulation,V2MS,120,DS,What is the length of the truck in meters?,speed of the box = 0.094m/s,
simulation_0189,simulation,V2MS,120,DS,What is the height of the truck(at time 0s) in meters?,speed of the box = 0.094m/s,
simulation_0189,simulation,V2MS,120,DS,What is the diameter of the truck's tire in meters?,speed of the box = 0.094m/s,
simulation_0190,simulation,S2MS,120,DS,What is the height of the truck(at time 0s) in meters?,width of the box = 1.33m,
simulation_0190,simulation,S2MS,120,DS,What is the width of the truck in meters?,width of the box = 1.33m,
simulation_0190,simulation,S2MS,120,DS,What is the height of the box in meters?,width of the box = 1.33m,
simulation_0190,simulation,S2MS,120,DD,What is the speed of the box at time 1s in m/s?,width of the box = 1.33m,
simulation_0190,simulation,S2MS,120,DD,What is the speed of the box at time 2s in m/s?,width of the box = 1.33m,
simulation_0191,simulation,A2MS,120,DS,What is the width of the box in meters?,acceleration of the box before 0.6s = 9.8m/s,
simulation_0191,simulation,A2MS,120,DS,What is the height of the box in meters?,acceleration of the box before 0.6s = 9.8m/s,
simulation_0191,simulation,A2MS,120,DS,What is the length of the truck in meters?,acceleration of the box before 0.6s = 9.8m/s,
simulation_0191,simulation,A2MS,120,DS,What is the height of the truck in meters?,acceleration of the box before 0.6s = 9.8m/s,
simulation_0191,simulation,A2MS,120,DS,What is the diameter of the truck's tire in meters?,acceleration of the box before 0.6s = 9.8m/s,
simulation_0191,simulation,A2MS,120,DD,What is the speed of the box at time 0.2s in m/s?,acceleration of the box before 0.6s = 9.8m/s,
simulation_0191,simulation,A2MS,120,DD,What is the speed of the box at time 0.4s in m/s?,acceleration of the box before 0.6s = 9.8m/s,
simulation_0192,simulation,A2MS,120,DS,What is the height of the box in meters?,acceleration of the box before 0.6s = 9.8m/s,
simulation_0192,simulation,A2MS,120,DS,What is the width of the truck in meters?,acceleration of the box before 0.6s = 9.8m/s,
simulation_0192,simulation,A2MS,120,DS,What is the width of the box in meters?,acceleration of the box before 0.6s = 9.8m/s,
simulation_0192,simulation,A2MS,120,DD,What is the speed of the box at time 0.2s in m/s?,acceleration of the box before 0.6s = 9.8m/s,
simulation_0192,simulation,A2MS,120,DD,What is the speed of the box at time 0.4s in m/s?,acceleration of the box before 0.6s = 9.8m/s,
simulation_0193,simulation,V2MC,30,DS,What is the diameter of the model of Callisto(the outermost planet) in meters?,Callisto's model speed(the outermost planet) = 0.627 m/s,
simulation_0193,simulation,V2MC,30,DS,What is the diameter of the model of Jupiter (the one at the center) in meters?,Callisto's model speed(the outermost planet) = 0.627 m/s,
simulation_0193,simulation,V2MC,30,DD,What is the speed of the model of Io at 1s in m/s?,Callisto's model speed(the outermost planet) = 0.627 m/s,
simulation_0193,simulation,V2MC,30,DD,What is the speed of the model of Europa at 1s in m/s?,Callisto's model speed(the outermost planet) = 0.627 m/s,
simulation_0193,simulation,V2MC,30,DD,What is the speed of the model of Ganymede at 1s in m/s?,Callisto's model speed(the outermost planet) = 0.627 m/s,
simulation_0193,simulation,V2MC,30,DS,What is the diameter of the model of Io in meters?,Callisto's model speed(the outermost planet) = 0.627 m/s,
simulation_0193,simulation,V2MC,30,DS,What is the diameter of the model of Europa in meters?,Callisto's model speed(the outermost planet) = 0.627 m/s,
simulation_0193,simulation,V2MC,30,DS,What is the diameter of the model of Ganymede in meters?,Callisto's model speed(the outermost planet) = 0.627 m/s,
simulation_0193,simulation,V2MC,30,DS,What is the orbital diameter of the Io model in meters?,Callisto's model speed(the outermost planet) = 0.627 m/s,
simulation_0193,simulation,V2MC,30,DS,What is the orbital diameter of the Europa model in meters?,Callisto's model speed(the outermost planet) = 0.627 m/s,
simulation_0193,simulation,V2MC,30,DS,What is the orbital diameter of the Ganymede model in meters?,Callisto's model speed(the outermost planet) = 0.627 m/s,
simulation_0193,simulation,V2MC,30,DS,What is the orbital diameter of the Callisto model in meters?,Callisto's model speed(the outermost planet) = 0.627 m/s,
simulation_0194,simulation,V2MS,30,DS,What is the orbital diameter of the Callisto model in meters?,Callisto's model speed(the outermost planet) = 0.627 m/s,
simulation_0194,simulation,V2MS,30,DS,What is the diameter of the model of Callisto in meters?,Callisto's model speed(the outermost planet) = 0.627 m/s,
simulation_0194,simulation,V2MS,30,DS,What is the diameter of the model of Jupiter (the one at the center) in meters?,Callisto's model speed(the outermost planet) = 0.627 m/s,
simulation_0196,simulation,V2MS,30,DS,What is the diameter of the plunge tube in meters?,speed of the bubble in the drop = 0.00144m/s,
simulation_0196,simulation,V2MS,30,DS,What is the horizontal length of the droplet in meters?,speed of the bubble in the drop = 0.00144m/s,
simulation_0196,simulation,V2MS,30,DS,What is the horizontal length of the “skynova” text on the bottle in meters?,speed of the bubble in the drop = 0.00144m/s,
simulation_0196,simulation,V2MS,30,DS,What is the vertical height of the “skynova” lettering on the bottle in meters?,speed of the bubble in the drop = 0.00144m/s,
simulation_0197,simulation,S2MS,30,SS,What is the diameter of the plunge tube in meters?,the horizontal width of the “skynova” text on the bottle = 0.00188m,
simulation_0197,simulation,S2MS,30,SS,What is the width of the droplet in meters?,the horizontal width of the “skynova” text on the bottle = 0.00188m,
simulation_0197,simulation,S2MS,30,SS,What is the vertical height of the “skynova” lettering on the bottle in meters?,the horizontal width of the “skynova” text on the bottle = 0.00188m,
simulation_0197,simulation,S2MS,30,SS,What is the diameter of the bottle's neck in meters?,the horizontal width of the “skynova” text on the bottle = 0.00188m,
simulation_0197,simulation,S2MS,30,SS,What is the diameter of the bottle's body in meters?,the horizontal width of the “skynova” text on the bottle = 0.00188m,
simulation_0197,simulation,S2MS,30,SD,What is the speed of the bubble at time 0.5s in m/s?,the horizontal width of the “skynova” text on the bottle = 0.00188m,
simulation_0197,simulation,S2MS,30,SD,What is the speed of the bubble at time 0.8s in m/s?,the horizontal width of the “skynova” text on the bottle = 0.00188m,
simulation_0197,simulation,S2MS,30,SD,What is the speed of the bubble at time 1s in m/s?,the horizontal width of the “skynova” text on the bottle = 0.00188m,
simulation_0198,simulation,A2MC,60,DS,What is the height of the droplet in meters?,acceleration of the droplet = 9.7m/s^2,
simulation_0198,simulation,A2MC,60,DS,What is the horizontal length of the droplet in meters?,acceleration of the droplet = 9.7m/s^2,
simulation_0198,simulation,A2MC,60,DS,What is the diameter of the bottle's neck in meters?,acceleration of the droplet = 9.7m/s^2,
simulation_0198,simulation,A2MC,60,DS,What is the diameter of the bottle's body in meters?,acceleration of the droplet = 9.7m/s^2,
simulation_0198,simulation,A2MC,60,DS,What is the horizontal length of the “skynova” text on the bottle in meters?,acceleration of the droplet = 9.7m/s^2,
simulation_0198,simulation,A2MC,60,DS,What is the vertical height of the “skynova” lettering on the bottle in meters?,acceleration of the droplet = 9.7m/s^2,
simulation_0198,simulation,A2MC,60,DD,What is the speed of the droplet at time 0.2s in m/s?,acceleration of the droplet = 9.7m/s^2,
simulation_0198,simulation,A2MC,60,DD,What is the speed of the droplet at time 0.05s in m/s?,acceleration of the droplet = 9.7m/s^2,
simulation_0198,simulation,A2MC,60,DD,What is the speed of the droplet at time 0.1s in m/s?,acceleration of the droplet = 9.7m/s^2,
simulation_0199,simulation,A2MS,60,DS,What is the height of the droplet in meters?,acceleration of the droplet = 9.7m/s^2,
simulation_0199,simulation,A2MS,60,DS,What is the horizontal length of the droplet in meters?,acceleration of the droplet = 9.7m/s^2,
simulation_0199,simulation,A2MS,60,DS,What is the diameter of the bottle's neck in meters?,acceleration of the droplet = 9.7m/s^2,
simulation_0199,simulation,A2MS,60,DS,What is the diameter of the bottle's body in meters?,acceleration of the droplet = 9.7m/s^2,
simulation_0199,simulation,A2MS,60,DS,What is the horizontal width of the “skynova” text on the bottle in meters?,acceleration of the droplet = 9.7m/s^2,
simulation_0199,simulation,A2MS,60,DS,What is the vertical height of the “skynova” lettering on the bottle in meters?,acceleration of the droplet = 9.7m/s^2,
simulation_0199,simulation,A2MS,60,DD,What is the speed of the droplet at time 0.2s in m/s?,acceleration of the droplet = 9.7m/s^2,
simulation_0199,simulation,A2MS,60,DD,What is the speed of the droplet at time 0.05s in m/s?,acceleration of the droplet = 9.7m/s^2,
simulation_0199,simulation,A2MS,60,DD,What is the speed of the droplet at time 0.1s in m/s?,acceleration of the droplet = 9.7m/s^2,
simulation_0200,simulation,A2MS,60,DS,What is the height of the droplet in meters?,acceleration of the droplet = 9.7m/s^2,
simulation_0200,simulation,A2MS,60,DS,What is the horizontal length of the droplet in meters?,acceleration of the droplet = 9.7m/s^2,
simulation_0200,simulation,A2MS,60,DS,What is the diameter of the bottle's neck in meters?,acceleration of the droplet = 9.7m/s^2,
simulation_0200,simulation,A2MS,60,DS,What is the diameter of the bottle's body in meters?,acceleration of the droplet = 9.7m/s^2,
simulation_0200,simulation,A2MS,60,DS,What is the vertical height of the “skynova” lettering on the bottle in meters?,acceleration of the droplet = 9.7m/s^2,
simulation_0200,simulation,A2MS,60,DD,What is the speed of the droplet at time 0.2s in m/s?,acceleration of the droplet = 9.7m/s^2,
simulation_0200,simulation,A2MS,60,DD,What is the speed of the droplet at time 0.05s in m/s?,acceleration of the droplet = 9.7m/s^2,
simulation_0200,simulation,A2MS,60,DD,What is the speed of the droplet at time 0.1s in m/s?,acceleration of the droplet = 9.7m/s^2,
simulation_0203,simulation,A2MC,24,DS,What is the length of the table in meters?,acceleration of the magnifying glass before 0.5s = 9.8m/s^2,
simulation_0203,simulation,A2MC,24,DS,What is the length of the typewriter in meters?,acceleration of the magnifying glass before 0.5s = 9.8m/s^2,
simulation_0203,simulation,A2MC,24,DS,What is the height of the typewriter in meters?,acceleration of the magnifying glass before 0.5s = 9.8m/s^2,
simulation_0203,simulation,A2MC,24,DS,What is the width of the paper next to the magnifying glass in meters?,acceleration of the magnifying glass before 0.5s = 9.8m/s^2,
simulation_0203,simulation,A2MC,24,DS,What is the length of the letter placed under the gun in meters?,acceleration of the magnifying glass before 0.5s = 9.8m/s^2,
simulation_0203,simulation,A2MC,24,DD,What is the speed of the magnifying glass at time 0.125s in m/s?,acceleration of the magnifying glass before 0.5s = 9.8m/s^2,
simulation_0203,simulation,A2MC,24,DD,What is the speed of the magnifying glass at time 0.25s in m/s?,acceleration of the magnifying glass before 0.5s = 9.8m/s^2,
simulation_0203,simulation,A2MC,24,DD,What is the speed of the magnifying glass at time 0.333s in m/s?,acceleration of the magnifying glass before 0.5s = 9.8m/s^2,
simulation_0204,simulation,A2MS,24,DS,What is the length of the table in meters?,acceleration of the magnifying glass before 0.5s = 9.8m/s^2,
simulation_0204,simulation,A2MS,24,DS,What is the length of the typewriter in meters?,acceleration of the magnifying glass before 0.5s = 9.8m/s^2,
simulation_0204,simulation,A2MS,24,DS,What is the height of the typewriter in meters?,acceleration of the magnifying glass before 0.5s = 9.8m/s^2,
simulation_0204,simulation,A2MS,24,DS,What is the length of the letter placed under the gun in meters?,acceleration of the magnifying glass before 0.5s = 9.8m/s^2,
simulation_0204,simulation,A2MS,24,DD,What is the speed of the magnifying glass at time 0.125s in m/s?,acceleration of the magnifying glass before 0.5s = 9.8m/s^2,
simulation_0204,simulation,A2MS,24,DD,What is the speed of the magnifying glass at time 0.25s in m/s?,acceleration of the magnifying glass before 0.5s = 9.8m/s^2,
simulation_0204,simulation,A2MS,24,DD,What is the speed of the magnifying glass at time 0.333s in m/s?,acceleration of the magnifying glass before 0.5s = 9.8m/s^2,
simulation_0207,simulation,A2MC,24,DS,What is the length of the table in meters?,acceleration of the typewriter before 0.45s = 9.8m/s^2,
simulation_0207,simulation,A2MC,24,DS,What is the length of the typewriter in meters?,acceleration of the typewriter before 0.45s = 9.8m/s^2,
simulation_0207,simulation,A2MC,24,DS,What is the height of the typewriter in meters?,acceleration of the typewriter before 0.45s = 9.8m/s^2,
simulation_0207,simulation,A2MC,24,DS,What is the width of the paper next to the typewriter in meters?,acceleration of the typewriter before 0.45s = 9.8m/s^2,
simulation_0207,simulation,A2MC,24,DS,What is the length of the letter placed under the gun in meters?,acceleration of the typewriter before 0.45s = 9.8m/s^2,
simulation_0207,simulation,A2MC,24,DD,What is the speed of the typewriter at time 0.125s in m/s?,acceleration of the typewriter before 0.45s = 9.8m/s^2,
simulation_0207,simulation,A2MC,24,DD,What is the speed of the typewriter at time 0.25s in m/s?,acceleration of the typewriter before 0.45s = 9.8m/s^2,
simulation_0207,simulation,A2MC,24,DD,What is the speed of the typewriter at time 0.333s in m/s?,acceleration of the typewriter before 0.45s = 9.8m/s^2,
simulation_0208,simulation,A2MS,24,DS,What is the length of the table in meters?,acceleration of the typewriter before 0.45s = 9.8m/s^2,
simulation_0208,simulation,A2MS,24,DS,What is the length of the typewriter in meters?,acceleration of the typewriter before 0.45s = 9.8m/s^2,
simulation_0208,simulation,A2MS,24,DS,What is the height of the typewriter in meters?,acceleration of the typewriter before 0.45s = 9.8m/s^2,
simulation_0208,simulation,A2MS,24,DS,What is the length of the letter placed under the gun in meters?,acceleration of the typewriter before 0.45s = 9.8m/s^2,
simulation_0208,simulation,A2MS,24,DD,What is the speed of the typewriter at time 0.125s in m/s?,acceleration of the typewriter before 0.45s = 9.8m/s^2,
simulation_0208,simulation,A2MS,24,DD,What is the speed of the typewriter at time 0.25s in m/s?,acceleration of the typewriter before 0.45s = 9.8m/s^2,
simulation_0208,simulation,A2MS,24,DD,What is the speed of the typewriter at time 0.333s in m/s?,acceleration of the typewriter before 0.45s = 9.8m/s^2,
simulation_0210,simulation,V2MS,24,DS,What is the length of the black cat (including its tail) in meters?,speed of the black cat = 0.94m/s,
simulation_0210,simulation,V2MS,24,DS,What is the height of the black cat (including its tail) in meters?,speed of the black cat = 0.94m/s,
simulation_0210,simulation,V2MS,24,DS,What is the length of the wooden bench in meters?,speed of the black cat = 0.94m/s,
simulation_0210,simulation,V2MS,24,DS,What is the height of the wooden bench in meters?,speed of the black cat = 0.94m/s,
simulation_0210,simulation,V2MS,24,DS,What is the height of the lampshade of the table lamp in meters?,speed of the black cat = 0.94m/s,
simulation_0210,simulation,V2MS,24,DS,What is the diameter of the lampshade of the table lamp in meters?,speed of the black cat = 0.94m/s,
simulation_0210,simulation,V2MS,24,DS,What is the height of the table lamp in meters?,speed of the black cat = 0.94m/s,
simulation_0210,simulation,V2MS,24,DS,What is the height of the vase in meters?,speed of the black cat = 0.94m/s,
simulation_0210,simulation,V2MS,24,DS,What is the height of the floor mirror in meters?,speed of the black cat = 0.94m/s,
simulation_0210,simulation,V2MS,24,DS,What is the width of the floor mirror in meters?,speed of the black cat = 0.94m/s,
simulation_0213,simulation,V2MC,24,DS,What is the length of the black cat (including its tail) in meters?,speed of the black cat = 0.94m/s,
simulation_0213,simulation,V2MC,24,DS,What is the height of the black cat (including its tail) in meters?,speed of the black cat = 0.94m/s,
simulation_0213,simulation,V2MC,24,DS,What is the length of the wooden bench in meters?,speed of the black cat = 0.94m/s,
simulation_0213,simulation,V2MC,24,DS,What is the height of the wooden bench in meters?,speed of the black cat = 0.94m/s,
simulation_0213,simulation,V2MC,24,DS,What is the height of the lampshade of the table lamp in meters?,speed of the black cat = 0.94m/s,
simulation_0213,simulation,V2MC,24,DS,What is the diameter of the lampshade of the table lamp in meters?,speed of the black cat = 0.94m/s,
simulation_0213,simulation,V2MC,24,DS,What is the height of the table lamp in meters?,speed of the black cat = 0.94m/s,
simulation_0213,simulation,V2MC,24,DS,What is the height of the vase in meters?,speed of the black cat = 0.94m/s,
simulation_0213,simulation,V2MC,24,DS,What is the height of the floor mirror in meters?,speed of the black cat = 0.94m/s,
simulation_0213,simulation,V2MC,24,DS,What is the width of the floor mirror in meters?,speed of the black cat = 0.94m/s,
simulation_0213,simulation,V2MC,24,DD,What is the speed of the dog at time 1s in m/s?,speed of the black cat = 0.94m/s,
simulation_0213,simulation,V2MC,24,DD,What is the speed of the dog at time 1.5s in m/s?,speed of the black cat = 0.94m/s,
simulation_0213,simulation,V2MC,24,DS,What is the length of the dog (including its tail) in meters?,speed of the black cat = 0.94m/s,
simulation_0213,simulation,V2MC,24,DS,What is the height of the dog (including its tail) in meters?,speed of the black cat = 0.94m/s,
simulation_0214,simulation,V2MC,24,DS,What is the length of the black cat (including its tail) in meters?,speed of the black cat = 0.94m/s,
simulation_0214,simulation,V2MC,24,DS,What is the length of the wooden bench in meters?,speed of the black cat = 0.94m/s,
simulation_0214,simulation,V2MC,24,DS,What is the width of the wooden bench in meters?,speed of the black cat = 0.94m/s,
simulation_0214,simulation,V2MC,24,DS,What is the length of the TV stand in meters?,speed of the black cat = 0.94m/s,
simulation_0214,simulation,V2MC,24,DS,What is the width of the TV stand in meters?,speed of the black cat = 0.94m/s,
simulation_0214,simulation,V2MC,24,DS,What is the diameter of the lampshade of the table lamp in meters?,speed of the black cat = 0.94m/s,
simulation_0214,simulation,V2MC,24,DS,What is the width of the floor mirror in meters?,speed of the black cat = 0.94m/s,
simulation_0214,simulation,V2MC,24,DD,What is the speed of the dog at time 1s in m/s?,speed of the black cat = 0.94m/s,
simulation_0214,simulation,V2MC,24,DD,What is the speed of the dog at time 1.5s in m/s?,speed of the black cat = 0.94m/s,
simulation_0214,simulation,V2MC,24,DS,What is the length of the dog (including its tail) in meters?,speed of the black cat = 0.94m/s,
simulation_0214,simulation,V2MC,24,DS,What is the diameter of the white fur carpet in meters?,speed of the black cat = 0.94m/s,
simulation_0214,simulation,V2MC,24,DS,What is the length of the white sofa in meters?,speed of the black cat = 0.94m/s,
simulation_0214,simulation,V2MC,24,DS,What is the width of the white sofa in meters?,speed of the black cat = 0.94m/s,
simulation_0215,simulation,V2MC,24,DS,What is the length of the black cat (including its tail) in meters?,speed of the black cat = 0.94m/s,
simulation_0215,simulation,V2MC,24,DS,What is the length of the wooden bench in meters?,speed of the black cat = 0.94m/s,
simulation_0215,simulation,V2MC,24,DS,What is the width of the wooden bench in meters?,speed of the black cat = 0.94m/s,
simulation_0215,simulation,V2MC,24,DS,What is the length of the TV stand in meters?,speed of the black cat = 0.94m/s,
simulation_0215,simulation,V2MC,24,DS,What is the width of the TV stand in meters?,speed of the black cat = 0.94m/s,
simulation_0215,simulation,V2MC,24,DS,What is the diameter of the lampshade of the table lamp in meters?,speed of the black cat = 0.94m/s,
simulation_0215,simulation,V2MC,24,DS,What is the diameter of the vase in meters?,speed of the black cat = 0.94m/s,
simulation_0215,simulation,V2MC,24,DS,What is the width of the floor mirror in meters?,speed of the black cat = 0.94m/s,
simulation_0215,simulation,V2MC,24,DS,What is the diameter of the white fur carpet in meters?,speed of the black cat = 0.94m/s,
simulation_0215,simulation,V2MC,24,DS,What is the length of the white sofa in meters?,speed of the black cat = 0.94m/s,
simulation_0215,simulation,V2MC,24,DS,What is the width of the white sofa in meters?,speed of the black cat = 0.94m/s,
simulation_0216,simulation,V2MC,24,DS,What is the length of the black cat (including its tail) in meters?,speed of the black cat = 0.94m/s,
simulation_0216,simulation,V2MC,24,DS,What is the height of the black cat (including its tail) in meters?,speed of the black cat = 0.94m/s,
simulation_0216,simulation,V2MC,24,DS,What is the length of the wooden bench in meters?,speed of the black cat = 0.94m/s,
simulation_0216,simulation,V2MC,24,DS,What is the height of the wooden bench in meters?,speed of the black cat = 0.94m/s,
simulation_0216,simulation,V2MC,24,DS,What is the height of the lampshade of the table lamp in meters?,speed of the black cat = 0.94m/s,
simulation_0216,simulation,V2MC,24,DS,What is the diameter of the lampshade of the table lamp in meters?,speed of the black cat = 0.94m/s,
simulation_0216,simulation,V2MC,24,DS,What is the height of the table lamp in meters?,speed of the black cat = 0.94m/s,
simulation_0216,simulation,V2MC,24,DS,What is the height of the vase in meters?,speed of the black cat = 0.94m/s,
simulation_0216,simulation,V2MC,24,DS,What is the height of the floor mirror in meters?,speed of the black cat = 0.94m/s,
simulation_0216,simulation,V2MC,24,DS,What is the length of the floor mirror in meters?,speed of the black cat = 0.94m/s,
simulation_0216,simulation,V2MC,24,DS,What is the length of the TV in meters?,speed of the black cat = 0.94m/s,
simulation_0216,simulation,V2MC,24,DS,What is the height of the TV in meters?,speed of the black cat = 0.94m/s,
simulation_0216,simulation,V2MC,24,DS,What is the length of the TV stand in meters?,speed of the black cat = 0.94m/s,
simulation_0216,simulation,V2MC,24,DS,What is the height of the TV stand in meters?,speed of the black cat = 0.94m/s,
simulation_0217,simulation,V2MC,24,DS,What is the length of the black cat (including its tail) in meters?,speed of the black cat = 0.94m/s,
simulation_0217,simulation,V2MC,24,DS,What is the length of the TV in meters?,speed of the black cat = 0.94m/s,
simulation_0217,simulation,V2MC,24,DS,What is the length of the wooden bench in meters?,speed of the black cat = 0.94m/s,
simulation_0217,simulation,V2MC,24,DS,What is the width of the wooden bench in meters?,speed of the black cat = 0.94m/s,
simulation_0217,simulation,V2MC,24,DS,What is the width of the TV stand in meters?,speed of the black cat = 0.94m/s,
simulation_0217,simulation,V2MC,24,DS,What is the diameter of the lampshade of the table lamp in meters?,speed of the black cat = 0.94m/s,
simulation_0217,simulation,V2MC,24,DS,What is the diameter of the vase in meters?,speed of the black cat = 0.94m/s,
simulation_0217,simulation,V2MC,24,DS,What is the width of the floor mirror in meters?,speed of the black cat = 0.94m/s,
simulation_0217,simulation,V2MC,24,DD,What is the speed of the dog at time 1s in m/s?,speed of the black cat = 0.94m/s,
simulation_0217,simulation,V2MC,24,DD,What is the speed of the dog at time 1.5s in m/s?,speed of the black cat = 0.94m/s,
simulation_0217,simulation,V2MC,24,DS,What is the length of the dog (including its tail) in meters?,speed of the black cat = 0.94m/s,
simulation_0217,simulation,V2MC,24,DS,What is the diameter of the white fur carpet in meters?,speed of the black cat = 0.94m/s,
simulation_0217,simulation,V2MC,24,DS,What is the length of the white sofa in meters?,speed of the black cat = 0.94m/s,
simulation_0217,simulation,V2MC,24,DS,What is the width of the white sofa in meters?,speed of the black cat = 0.94m/s,
simulation_0218,simulation,V2MC,24,DS,What is the length of the big robot in meters?,speed of the big robot = 5.924m/s,
simulation_0218,simulation,V2MC,24,DS,What is the height of the big robot in meters?,speed of the big robot = 5.924m/s,
simulation_0218,simulation,V2MC,24,DS,What is the length in meters of the long side of a marked parking space on the ground?,speed of the big robot = 5.924m/s,
simulation_0218,simulation,V2MC,24,DS,What is the outer diameter of the robot's tires in meters?,speed of the big robot = 5.924m/s,
simulation_0219,simulation,V2MC,24,DS,What is the length of the big robot in meters?,speed of the big robot = 5.924m/s,
simulation_0219,simulation,V2MC,24,DS,What is the height of the big robot in meters?,speed of the big robot = 5.924m/s,
simulation_0219,simulation,V2MC,24,DS,What is the length in meters of the long side of a marked parking space on the ground?,speed of the big robot = 5.924m/s,
simulation_0219,simulation,V2MC,24,DS,What is the outer diameter of the robot's tires in meters?,speed of the big robot = 5.924m/s,
simulation_0219,simulation,V2MC,24,DD,What is the speed of the small robot at 1s in m/s?,speed of the big robot = 5.924m/s,
simulation_0219,simulation,V2MC,24,DS,What is the height of the small robot in meters?,speed of the big robot = 5.924m/s,
simulation_0220,simulation,V2MC,24,DS,What is the length in meters of the long side of a marked parking space on the ground?,speed of the small robot = 0.82m/s,
simulation_0220,simulation,V2MC,24,DS,What is the height of the small robot in meters?,speed of the small robot = 0.82m/s,
simulation_0221,simulation,S2MC,24,SS,What is the length of the wooden bench in meters?,diameter of the vacuum cleaner = 0.438m,
simulation_0221,simulation,S2MC,24,SS,What is the width of the wooden bench in meters?,diameter of the vacuum cleaner = 0.438m,
simulation_0221,simulation,S2MC,24,SS,What is the length of the TV stand in meters?,diameter of the vacuum cleaner = 0.438m,
simulation_0221,simulation,S2MC,24,SS,What is the width of the TV stand in meters?,diameter of the vacuum cleaner = 0.438m,
simulation_0221,simulation,S2MC,24,SS,What is the diameter of the lampshade of the table lamp in meters?,diameter of the vacuum cleaner = 0.438m,
simulation_0221,simulation,S2MC,24,SS,What is the diameter of the vase in meters?,diameter of the vacuum cleaner = 0.438m,
simulation_0221,simulation,S2MC,24,SS,What is the width of the floor mirror in meters?,diameter of the vacuum cleaner = 0.438m,
simulation_0221,simulation,S2MC,24,SS,What is the diameter of the white fur carpet in meters?,diameter of the vacuum cleaner = 0.438m,
simulation_0221,simulation,S2MC,24,SS,What is the length of the white sofa in meters?,diameter of the vacuum cleaner = 0.438m,
simulation_0221,simulation,S2MC,24,SS,What is the width of the white sofa in meters?,diameter of the vacuum cleaner = 0.438m,
simulation_0221,simulation,S2MC,24,SD,What is the speed of the vacuum cleaner at time 0.5s in m/s?,diameter of the vacuum cleaner = 0.438m,
simulation_0221,simulation,S2MC,24,SD,What is the acceleration of the vacuum cleaner at time 0.5s in m/s^2?,diameter of the vacuum cleaner = 0.438m,
simulation_0221,simulation,S2MC,24,SD,What is the speed of the vacuum cleaner at time 1s in m/s?,diameter of the vacuum cleaner = 0.438m,
simulation_0221,simulation,S2MC,24,SD,What is the acceleration of the vacuum cleaner at time 1s in m/s^2?,diameter of the vacuum cleaner = 0.438m,
simulation_0221,simulation,S2MC,24,SD,What is the speed of the vacuum cleaner at time 2s in m/s?,diameter of the vacuum cleaner = 0.438m,
simulation_0221,simulation,S2MC,24,SD,What is the acceleration of the vacuum cleaner at time 2s in m/s^2?,diameter of the vacuum cleaner = 0.438m,
simulation_0222,simulation,S2MS,24,SS,What is the length of the wooden bench in meters?,diameter of the vacuum cleaner = 0.438m,
simulation_0222,simulation,S2MS,24,SS,What is the width of the wooden bench in meters?,diameter of the vacuum cleaner = 0.438m,
simulation_0222,simulation,S2MS,24,SS,What is the length of the TV stand in meters?,diameter of the vacuum cleaner = 0.438m,
simulation_0222,simulation,S2MS,24,SS,What is the width of the TV stand in meters?,diameter of the vacuum cleaner = 0.438m,
simulation_0222,simulation,S2MS,24,SS,What is the diameter of the lampshade of the table lamp in meters?,diameter of the vacuum cleaner = 0.438m,
simulation_0222,simulation,S2MS,24,SS,What is the diameter of the vase in meters?,diameter of the vacuum cleaner = 0.438m,
simulation_0222,simulation,S2MS,24,SS,What is the width of the floor mirror in meters?,diameter of the vacuum cleaner = 0.438m,
simulation_0222,simulation,S2MS,24,SS,What is the diameter of the white fur carpet in meters?,diameter of the vacuum cleaner = 0.438m,
simulation_0222,simulation,S2MS,24,SS,What is the length of the white sofa in meters?,diameter of the vacuum cleaner = 0.438m,
simulation_0222,simulation,S2MS,24,SS,What is the width of the white sofa in meters?,diameter of the vacuum cleaner = 0.438m,
simulation_0222,simulation,S2MS,24,SD,What is the speed of the vacuum cleaner at time 0.5s in m/s?,diameter of the vacuum cleaner = 0.438m,
simulation_0222,simulation,S2MS,24,SD,What is the acceleration of the vacuum cleaner at time 0.5s in m/s^2?,diameter of the vacuum cleaner = 0.438m,
simulation_0222,simulation,S2MS,24,SD,What is the speed of the vacuum cleaner at time 1s in m/s?,diameter of the vacuum cleaner = 0.438m,
simulation_0222,simulation,S2MS,24,SD,What is the acceleration of the vacuum cleaner at time 1s in m/s^2?,diameter of the vacuum cleaner = 0.438m,
simulation_0222,simulation,S2MS,24,SD,What is the speed of the vacuum cleaner at time 2s in m/s?,diameter of the vacuum cleaner = 0.438m,
simulation_0222,simulation,S2MS,24,SD,What is the acceleration of the vacuum cleaner at time 2s in m/s^2?,diameter of the vacuum cleaner = 0.438m,
simulation_0223,simulation,S2MC,24,SS,What is the length(horizontal) of the chinese chess board in meters?,diameter of one chinese chess = 0.097m,
simulation_0223,simulation,S2MC,24,SS,What is the width(vertical) of the chinese chess board in meters?,diameter of one chinese chess = 0.097m,
simulation_0223,simulation,S2MC,24,SD,What is the speed of the moving red general chess at time 0.5s in m/s?,diameter of one chinese chess = 0.097m,
simulation_0223,simulation,S2MC,24,SD,What is the acceleration of the moving red general chess at time 0.5s in m/s^2?,diameter of one chinese chess = 0.097m,
simulation_0223,simulation,S2MC,24,SD,What is the speed of the moving red general chess at time 1s in m/s?,diameter of one chinese chess = 0.097m,
simulation_0223,simulation,S2MC,24,SD,What is the acceleration of the moving red general chess at time 1s in m/s^2?,diameter of one chinese chess = 0.097m,
simulation_0223,simulation,S2MC,24,SD,What is the speed of the moving red general chess at time 1.5s in m/s?,diameter of one chinese chess = 0.097m,
simulation_0223,simulation,S2MC,24,SD,What is the acceleration of the moving red general chess at time 1.5s in m/s^2?,diameter of one chinese chess = 0.097m,
simulation_0224,simulation,S2MC,24,SS,What is the length of the chinese chess board in meters?,diameter of one chinese chess = 0.097m,
simulation_0224,simulation,S2MC,24,SD,What is the speed of the moving chess at time 0.5s in m/s?,diameter of one chinese chess = 0.097m,
simulation_0224,simulation,S2MC,24,SD,What is the acceleration of the moving chess at time 0.5s in m/s^2?,diameter of one chinese chess = 0.097m,
simulation_0224,simulation,S2MC,24,SD,What is the speed of the moving chess at time 1s in m/s?,diameter of one chinese chess = 0.097m,
simulation_0224,simulation,S2MC,24,SD,What is the acceleration of the moving chess at time 1s in m/s^2?,diameter of one chinese chess = 0.097m,
simulation_0224,simulation,S2MC,24,SD,What is the speed of the moving chess at time 1.5s in m/s?,diameter of one chinese chess = 0.097m,
simulation_0224,simulation,S2MC,24,SD,What is the acceleration of the moving chess at time 1.5s in m/s^2?,diameter of one chinese chess = 0.097m,
simulation_0225,simulation,V2MC,24,DS,What is the length of the black cat (including its tail) in meters?,speed of the black cat = 1.041m/s,
simulation_0225,simulation,V2MC,24,DS,What is the height of the black cat (including its tail) in meters?,speed of the black cat = 1.041m/s,
simulation_0225,simulation,V2MC,24,DS,What is the width of the beach chair in meters?,speed of the black cat = 1.041m/s,
simulation_0225,simulation,V2MC,24,DS,What is the width of the pool tiles (horizontal side) in meters?,speed of the black cat = 1.041m/s,
simulation_0226,simulation,V2MC,24,DS,What is the length of the black cat (including its tail) in meters?,speed of the black cat = 1.041m/s,
simulation_0226,simulation,V2MC,24,DS,What is the width of the beach chair in meters?,speed of the black cat = 1.041m/s,
simulation_0226,simulation,V2MC,24,DS,What is the width of the pool tiles (horizontal side) in meters?,speed of the black cat = 1.041m/s,
simulation_0227,simulation,V2MC,24,DS,What is the length of the black cat (including its tail) in meters?,speed of the black cat = 1.041m/s,
simulation_0227,simulation,V2MC,24,DS,What is the height of the black cat (including its tail) in meters?,speed of the black cat = 1.041m/s,
simulation_0227,simulation,V2MC,24,DS,What is the width of the beach chair in meters?,speed of the black cat = 1.041m/s,
simulation_0227,simulation,V2MC,24,DS,What is the width of the pool tiles (horizontal side) in meters?,speed of the black cat = 1.041m/s,
simulation_0227,simulation,V2MC,24,DS,What is the length of the swimming ring in meters?,speed of the black cat = 1.041m/s,
simulation_0227,simulation,V2MC,24,DS,What is the height of the swimming ring in meters?,speed of the black cat = 1.041m/s,
simulation_0227,simulation,V2MC,24,DD,What is the speed of the swimming ring at time 0.5s in m/s?,speed of the black cat = 1.041m/s,
simulation_0228,simulation,V2MC,24,DS,What is the length of the black cat (including its tail) in meters?,speed of the black cat = 1.041m/s,
simulation_0228,simulation,V2MC,24,DS,What is the width of the beach chair in meters?,speed of the black cat = 1.041m/s,
simulation_0228,simulation,V2MC,24,DS,What is the width of the paving stones in meters?,speed of the black cat = 1.041m/s,
simulation_0228,simulation,V2MC,24,DS,What is the length of the swimming ring in meters?,speed of the black cat = 1.041m/s,
simulation_0228,simulation,V2MC,24,DD,What is the speed of the swimming ring at time 0.5s in m/s?,speed of the black cat = 1.041m/s,
simulation_0229,simulation,S2MC,24,SS,What is the diameter of the clock in meters?,length of the chalkboard = 5m,
simulation_0229,simulation,S2MC,24,SS,What is the height of the chalkboard in meters?,length of the chalkboard = 5m,
simulation_0229,simulation,S2MC,24,SS,What is the width of the orange chair next to the blackboard in meters?,length of the chalkboard = 5m,
simulation_0229,simulation,S2MC,24,SS,What is the length of the teacher's table in meters?,length of the chalkboard = 5m,
simulation_0229,simulation,S2MC,24,SS,What is the ceiling height of the room in meters?,length of the chalkboard = 5m,
simulation_0229,simulation,S2MC,24,SD,What is the speed of the paper airplane at time 1s in m/s?,length of the chalkboard = 5m,
simulation_0229,simulation,S2MC,24,SD,What is the acceleration of the paper airplane at time 1s in m/s^2?,length of the chalkboard = 5m,
simulation_0229,simulation,S2MC,24,SD,What is the speed of the paper airplane at time 1.25s in m/s?,length of the chalkboard = 5m,
simulation_0229,simulation,S2MC,24,SD,What is the acceleration of the paper airplane at time 1.25s in m/s^2?,length of the chalkboard = 5m,
simulation_0230,simulation,S2MC,24,SS,What is the diameter of the clock in meters?,length of the chalkboard = 5m,
simulation_0230,simulation,S2MC,24,SS,What is the height of the chalkboard in meters?,length of the chalkboard = 5m,
simulation_0230,simulation,S2MC,24,SS,What is the width of the orange chair next to the blackboard in meters?,length of the chalkboard = 5m,
simulation_0230,simulation,S2MC,24,SS,What is the length of the teacher's table in meters?,length of the chalkboard = 5m,
simulation_0230,simulation,S2MC,24,SS,What is the ceiling height of the room in meters?,length of the chalkboard = 5m,
simulation_0230,simulation,S2MC,24,SD,What is the speed of the paper airplane at time 1s in m/s?,length of the chalkboard = 5m,
simulation_0230,simulation,S2MC,24,SD,What is the acceleration of the paper airplane at time 1s in m/s^2?,length of the chalkboard = 5m,
simulation_0230,simulation,S2MC,24,SD,What is the speed of the paper airplane at time 1.25s in m/s?,length of the chalkboard = 5m,
simulation_0230,simulation,S2MC,24,SD,What is the acceleration of the paper airplane at time 1.25s in m/s^2?,length of the chalkboard = 5m,
simulation_0230,simulation,S2MC,24,SS,What is the length of the black cat (including its tail) in meters?,length of the chalkboard = 5m,
simulation_0230,simulation,S2MC,24,SS,What is the height of the black cat (including its tail) in meters?,length of the chalkboard = 5m,
simulation_0230,simulation,S2MC,24,SD,What is the average speed of the black cat from the beginning to the end in m/s?,length of the chalkboard = 5m,
simulation_0231,simulation,V2MC,24,DS,What is the height of the chalkboard in meters?,speed of the black cat = 0.714m/s,
simulation_0231,simulation,V2MC,24,DS,What is the width of the orange chair next to the blackboard in meters?,speed of the black cat = 0.714m/s,
simulation_0231,simulation,V2MC,24,DS,What is the length of the teacher's table in meters?,speed of the black cat = 0.714m/s,
simulation_0231,simulation,V2MC,24,DS,What is the ceiling height of the room in meters?,speed of the black cat = 0.714m/s,
simulation_0231,simulation,V2MC,24,DD,What is the speed of the paper airplane at time 1s in m/s?,speed of the black cat = 0.714m/s,
simulation_0231,simulation,V2MC,24,DD,What is the acceleration of the paper airplane at time 1s in m/s^2?,speed of the black cat = 0.714m/s,
simulation_0231,simulation,V2MC,24,DD,What is the speed of the paper airplane at time 1.25s in m/s?,speed of the black cat = 0.714m/s,
simulation_0231,simulation,V2MC,24,DD,What is the acceleration of the paper airplane at time 1.25s in m/s^2?,speed of the black cat = 0.714m/s,
simulation_0231,simulation,V2MC,24,DS,What is the length of the black cat (including its tail) in meters?,speed of the black cat = 0.714m/s,
simulation_0231,simulation,V2MC,24,DS,What is the height of the black cat (including its tail) in meters?,speed of the black cat = 0.714m/s,
simulation_0231,simulation,V2MC,24,DS,What is the length of the chalkboard in meters?,speed of the black cat = 0.714m/s,
simulation_0231,simulation,V2MC,24,DS,What is the diameter of the clock in meters?,speed of the black cat = 0.714m/s,
simulation_0232,simulation,V2MS,24,DS,What is the width of the chair next to the blackboard in meters?,speed of the black cat = 0.714m/s,
simulation_0232,simulation,V2MS,24,DS,What is the length of the teacher's table in meters?,speed of the black cat = 0.714m/s,
simulation_0232,simulation,V2MS,24,DS,What is the ceiling height of the room in meters?,speed of the black cat = 0.714m/s,
simulation_0232,simulation,V2MS,24,DD,What is the speed of the paper airplane at time 1s in m/s?,speed of the black cat = 0.714m/s,
simulation_0232,simulation,V2MS,24,DD,What is the acceleration of the paper airplane at time 1s in m/s^2?,speed of the black cat = 0.714m/s,
simulation_0232,simulation,V2MS,24,DD,What is the speed of the paper airplane at time 1.25s in m/s?,speed of the black cat = 0.714m/s,
simulation_0232,simulation,V2MS,24,DD,What is the acceleration of the paper airplane at time 1.25s in m/s^2?,speed of the black cat = 0.714m/s,
simulation_0232,simulation,V2MS,24,DS,What is the length of the black cat (including its tail) in meters?,speed of the black cat = 0.714m/s,
simulation_0232,simulation,V2MS,24,DS,What is the height of the black cat (including its tail) in meters?,speed of the black cat = 0.714m/s,
simulation_0232,simulation,V2MS,24,DS,What is the diameter of the clock in meters?,speed of the black cat = 0.714m/s,
simulation_0233,simulation,V2MC,24,DS,What is the length of the black cat (including its tail) in meters?,speed of the black cat = 0.714m/s,
simulation_0233,simulation,V2MC,24,DS,What is the width of the chair in meters?,speed of the black cat = 0.714m/s,
simulation_0233,simulation,V2MC,24,DS,What is the length of the chair in meters?,speed of the black cat = 0.714m/s,
simulation_0234,simulation,S2MC,24,SS,What is the length of the white basketball backboard in meters?,diameter of the basketball = 0.282m,
simulation_0234,simulation,S2MC,24,SS,What is the height of the white basketball backboard in meters?,diameter of the basketball = 0.282m,
simulation_0234,simulation,S2MC,24,SS,What is the height of the green section on the wall in meters?,diameter of the basketball = 0.282m,
simulation_0234,simulation,S2MC,24,SD,What is the speed of the basketball at time 0.5s in m/s?,diameter of the basketball = 0.282m,
simulation_0234,simulation,S2MC,24,SD,What is the acceleration of the basketball at time 0.5s in m/s^2?,diameter of the basketball = 0.282m,
simulation_0234,simulation,S2MC,24,SD,What is the speed of the basketball at time 1.5s in m/s?,diameter of the basketball = 0.282m,
simulation_0234,simulation,S2MC,24,SD,What is the acceleration of the basketball at time 1.5s in m/s^2?,diameter of the basketball = 0.282m,
simulation_0235,simulation,S2MS,24,SS,What is the height of the trophy next to the basketball in meters?,diameter of the basketball = 0.282m,
simulation_0235,simulation,S2MS,24,SS,What is the length of each small pane of the window in meters?,diameter of the basketball = 0.282m,
simulation_0235,simulation,S2MS,24,SS,What is the height of each small pane of the window in meters?,diameter of the basketball = 0.282m,
simulation_0235,simulation,S2MS,24,SS,What is the height of the green section on the wall in meters?,diameter of the basketball = 0.282m,
simulation_0235,simulation,S2MS,24,SD,What is the speed of the basketball at time 0.5s in m/s?,diameter of the basketball = 0.282m,
simulation_0235,simulation,S2MS,24,SD,What is the acceleration of the basketball at time 0.5s in m/s^2?,diameter of the basketball = 0.282m,
simulation_0235,simulation,S2MS,24,SD,What is the speed of the basketball at time 1.5s in m/s?,diameter of the basketball = 0.282m,
simulation_0235,simulation,S2MS,24,SD,What is the acceleration of the basketball at time 1.5s in m/s^2?,diameter of the basketball = 0.282m,
simulation_0236,simulation,V2MC,24,DS,What is the height of the brown horse in meters?,speed of the horse at the back = 0.874m/s,
simulation_0236,simulation,V2MC,24,DS,What is the length of the brown horse in meters?,speed of the horse at the back = 0.874m/s,
simulation_0236,simulation,V2MC,24,DS,What is the height of the house in meters?,speed of the horse at the back = 0.874m/s,
simulation_0236,simulation,V2MC,24,DS,What is the width of the house in meters?,speed of the horse at the back = 0.874m/s,
simulation_0236,simulation,V2MC,24,DS,What is the height of each glass window in meters?,speed of the horse at the back = 0.874m/s,
simulation_0236,simulation,V2MC,24,DS,What is the width of each glass window in meters?,speed of the horse at the back = 0.874m/s,
simulation_0237,simulation,V2MC,24,DS,What is the length of the brown horse in meters?,speed of the horse at the back = 0.874m/s,
simulation_0237,simulation,V2MC,24,DS,What is the width of the house in meters?,speed of the horse at the back = 0.874m/s,
simulation_0237,simulation,V2MC,24,DS,What is the length of the house in meters?,speed of the horse at the back = 0.874m/s,
simulation_0238,simulation,V2MC,24,DS,What is the height of the brown horse in meters?,speed of the horse at the back = 0.874m/s,
simulation_0238,simulation,V2MC,24,DS,What is the length of the brown horse in meters?,speed of the horse at the back = 0.874m/s,
simulation_0238,simulation,V2MC,24,DS,What is the height of the house in meters?,speed of the horse at the back = 0.874m/s,
simulation_0238,simulation,V2MC,24,DS,What is the width of the house in meters?,speed of the horse at the back = 0.874m/s,
simulation_0238,simulation,V2MC,24,DS,What is the height of each glass window in meters?,speed of the horse at the back = 0.874m/s,
simulation_0238,simulation,V2MC,24,DS,What is the width of each glass window in meters?,speed of the horse at the back = 0.874m/s,
simulation_0238,simulation,V2MC,24,DD,What is the speed of the horse in the front in m/s?,speed of the horse at the back = 0.874m/s,
simulation_0238,simulation,V2MC,24,DS,What is the height of the horse in the front in meters?,speed of the horse at the back = 0.874m/s,
simulation_0238,simulation,V2MC,24,DS,What is the length of the horse in the front in meters?,speed of the horse at the back = 0.874m/s,
simulation_0239,simulation,V2MC,24,DS,What is the length of the horse at the back in meters?,speed of the horse at the back = 0.874m/s,
simulation_0239,simulation,V2MC,24,DS,What is the width of the house in meters?,speed of the horse at the back = 0.874m/s,
simulation_0239,simulation,V2MC,24,DS,What is the length of the house in meters?,speed of the horse at the back = 0.874m/s,
simulation_0239,simulation,V2MC,24,DD,What is the speed of the horse in the front at 1s in m/s?,speed of the horse at the back = 0.874m/s,
simulation_0239,simulation,V2MC,24,DS,What is the length of the horse in the front in meters?,speed of the horse at the back = 0.874m/s,
simulation_0240,simulation,V2MC,24,DS,What is the height of the horse at the back in meters?,speed of the horse at the back = 0.874m/s,
simulation_0240,simulation,V2MC,24,DS,What is the length of the horse at the back in meters?,speed of the horse at the back = 0.874m/s,
simulation_0240,simulation,V2MC,24,DS,What is the height of the house in meters?,speed of the horse at the back = 0.874m/s,
simulation_0240,simulation,V2MC,24,DS,What is the width of the house in meters?,speed of the horse at the back = 0.874m/s,
simulation_0240,simulation,V2MC,24,DS,What is the height of each glass window in meters?,speed of the horse at the back = 0.874m/s,
simulation_0240,simulation,V2MC,24,DS,What is the width of each glass window in meters?,speed of the horse at the back = 0.874m/s,
simulation_0240,simulation,V2MC,24,DD,What is the speed of the horse in the front at 1s in m/s?,speed of the horse at the back = 0.874m/s,
simulation_0240,simulation,V2MC,24,DS,What is the height of the horse in the front in meters?,speed of the horse at the back = 0.874m/s,
simulation_0240,simulation,V2MC,24,DS,What is the length of the horse in the front in meters?,speed of the horse at the back = 0.874m/s,
simulation_0240,simulation,V2MC,24,DD,What is the speed of the rabbit at 1s in m/s?,speed of the horse at the back = 0.874m/s,
simulation_0240,simulation,V2MC,24,DS,What is the length of the rabbit in meters?,speed of the horse at the back = 0.874m/s,
simulation_0241,simulation,V2MC,24,DS,What is the length of the brown horse in meters?,speed of the horse at the back = 0.874m/s,
simulation_0241,simulation,V2MC,24,DS,What is the width of the house in meters?,speed of the horse at the back = 0.874m/s,
simulation_0241,simulation,V2MC,24,DS,What is the length of the house in meters?,speed of the horse at the back = 0.874m/s,
simulation_0241,simulation,V2MC,24,DD,What is the speed of the white horse at 1s in m/s?,speed of the horse at the back = 0.874m/s,
simulation_0241,simulation,V2MC,24,DS,What is the length of the white horse in meters?,speed of the horse at the back = 0.874m/s,
simulation_0241,simulation,V2MC,24,DS,What is the length of the rabbit in meters?,speed of the horse at the back = 0.874m/s,
simulation_0241,simulation,V2MC,24,DD,What is the speed of the rabbit at 1s in m/s?,speed of the horse at the back = 0.874m/s,
simulation_0243,simulation,V2MC,30,DS,What is the height of the antelope in meters?,speed of the antelope = 1.277m/s,
simulation_0243,simulation,V2MC,30,DS,What is the length of the antelope in meters?,speed of the antelope = 1.277m/s,
simulation_0243,simulation,V2MC,30,DS,What is the height of the tree on the left in meters?,speed of the antelope = 1.277m/s,
simulation_0244,simulation,V2MC,30,DS,What is the height of the antelope in meters?,speed of the antelope = 1.277m/s,
simulation_0244,simulation,V2MC,30,DS,What is the length of the antelope in meters?,speed of the antelope = 1.277m/s,
simulation_0244,simulation,V2MC,30,DS,What is the height of the tree on the left in meters?,speed of the antelope = 1.277m/s,
simulation_0244,simulation,V2MC,30,DD,What is the speed of the rabbit in m/s?,speed of the antelope = 1.277m/s,
simulation_0244,simulation,V2MC,30,DS,What is the height of the rabbit in meters?,speed of the antelope = 1.277m/s,
simulation_0244,simulation,V2MC,30,DS,What is the length of the rabbit in meters?,speed of the antelope = 1.277m/s,
simulation_0245,simulation,V2MS,30,DS,What is the height of the antelope in meters?,speed of the antelope = 1.277m/s,
simulation_0245,simulation,V2MS,30,DS,What is the length of the antelope in meters?,speed of the antelope = 1.277m/s,
simulation_0245,simulation,V2MS,30,DD,What is the speed of the rabbit at 1s in m/s?,speed of the antelope = 1.277m/s,
simulation_0245,simulation,V2MS,30,DS,What is the height of the rabbit in meters?,speed of the antelope = 1.277m/s,
simulation_0245,simulation,V2MS,30,DS,What is the length of the rabbit in meters?,speed of the antelope = 1.277m/s,
simulation_0246,simulation,V2MS,30,DS,What is the length of the antelope in meters?,speed of the antelope = 1.277m/s,
simulation_0246,simulation,V2MS,30,DD,What is the speed of the rabbit at 1s in m/s?,speed of the antelope = 1.277m/s,
simulation_0246,simulation,V2MS,30,DS,What is the length of the rabbit in meters?,speed of the antelope = 1.277m/s,
simulation_0248,simulation,V2MS,24,DS,What is the height of the horse at the back in meters?,speed of the horse at the back = 0.874m/s,
simulation_0248,simulation,V2MS,24,DS,What is the length of the horse at the back in meters?,speed of the horse at the back = 0.874m/s,
simulation_0248,simulation,V2MS,24,DD,What is the speed of the horse in the front at 1s in m/s?,speed of the horse at the back = 0.874m/s,
simulation_0248,simulation,V2MS,24,DS,What is the height of the horse in the front in meters?,speed of the horse at the back = 0.874m/s,
simulation_0248,simulation,V2MS,24,DS,What is the length of horse in the front in meters?,speed of the horse at the back = 0.874m/s,
simulation_0248,simulation,V2MS,24,DD,What is the speed of the rabbit at 1s in m/s?,speed of the horse at the back = 0.874m/s,
simulation_0248,simulation,V2MS,24,DS,What is the length of the rabbit in meters?,speed of the horse at the back = 0.874m/s,
simulation_0248,simulation,V2MS,24,DS,What is the height of the rabbit in meters?,speed of the horse at the back = 0.874m/s,
simulation_0249,simulation,V2MS,24,DS,What is the length of the horse at the back in meters?,speed of the horse at the back = 0.874m/s,
simulation_0249,simulation,V2MS,24,DD,What is the speed of the horse in the front at 1s in m/s?,speed of the horse at the back = 0.874m/s,
simulation_0249,simulation,V2MS,24,DS,What is the length of horse in the front in meters?,speed of the horse at the back = 0.874m/s,
simulation_0249,simulation,V2MS,24,DS,What is the length of the rabbit in meters?,speed of the horse at the back = 0.874m/s,
simulation_0249,simulation,V2MS,24,DD,What is the speed of the rabbit at 1s in m/s?,speed of the horse at the back = 0.874m/s,
simulation_0251,simulation,S2SS,24,SD,What is the speed of the soccer ball at time 0.5s in m/s?,diameter of the soccer ball = 0.344m,
simulation_0251,simulation,S2SS,24,SD,What is the speed of the soccer ball at time 2s in m/s?,diameter of the soccer ball = 0.344m,
simulation_0251,simulation,S2SS,24,SD,What is the speed of the soccer ball at time 1s in m/s?,diameter of the soccer ball = 0.344m,
simulation_0251,simulation,S2SS,24,SD,What is the speed of the soccer ball at time 1.5s in m/s?,diameter of the soccer ball = 0.344m,
simulation_0252,simulation,S2SS,24,SD,What is the speed of the soccer ball at time 0.5s in m/s?,diameter of the soccer ball = 0.344m,
simulation_0252,simulation,S2SS,24,SD,What is the speed of the soccer ball at time 1s in m/s?,diameter of the soccer ball = 0.344m,
simulation_0252,simulation,S2SS,24,SD,What is the speed of the soccer ball at time 1.5s in m/s?,diameter of the soccer ball = 0.344m,
simulation_0252,simulation,S2SS,24,SD,What is the speed of the soccer ball at time 2s in m/s?,diameter of the soccer ball = 0.344m,
simulation_0253,simulation,S2SS,24,SD,What is the speed of the box at time 0.5s in m/s?,width of the box (side parallel to the slope) = 0.611m,
simulation_0253,simulation,S2SS,24,SD,What is the speed of the box at time 1s in m/s?,width of the box (side parallel to the slope) = 0.611m,
simulation_0253,simulation,S2SS,24,SD,What is the speed of the box at time 1.5s in m/s?,width of the box (side parallel to the slope) = 0.611m,
simulation_0253,simulation,S2SS,24,SD,What is the speed of the box at time 1.75s in m/s?,width of the box (side parallel to the slope) = 0.611m,
simulation_0253,simulation,S2SS,24,SD,What is the acceleration of the box at time 0.5s in m/s^2?,width of the box (side parallel to the slope) = 0.611m,
simulation_0253,simulation,S2SS,24,SD,What is the acceleration of the box at time 1s in m/s^2?,width of the box (side parallel to the slope) = 0.611m,
simulation_0253,simulation,S2SS,24,SD,What is the acceleration of the box at time 1.5s in m/s^2?,width of the box (side parallel to the slope) = 0.611m,
simulation_0253,simulation,S2SS,24,SD,What is the acceleration of the box at time 1.75s in m/s^2?,width of the box (side parallel to the slope) = 0.611m,
simulation_0254,simulation,S2SS,24,SD,What is the speed of the tennis ball at time 0.5s in m/s?,diameter of the tennis ball = 0.17m,
simulation_0254,simulation,S2SS,24,SD,What is the speed of the tennis ball at time 1s in m/s?,diameter of the tennis ball = 0.17m,
simulation_0254,simulation,S2SS,24,SD,What is the speed of the tennis ball at time 1.5s in m/s?,diameter of the tennis ball = 0.17m,
simulation_0254,simulation,S2SS,24,SD,What is the speed of the tennis ball at time 1.75s in m/s?,diameter of the tennis ball = 0.17m,
simulation_0254,simulation,S2SS,24,SD,What is the acceleration of the tennis ball at time 0.5s in m/s^2?,diameter of the tennis ball = 0.17m,
simulation_0254,simulation,S2SS,24,SD,What is the acceleration of the tennis ball at time 1s in m/s^2?,diameter of the tennis ball = 0.17m,
simulation_0254,simulation,S2SS,24,SD,What is the acceleration of the tennis ball at time 1.5s in m/s^2?,diameter of the tennis ball = 0.17m,
simulation_0254,simulation,S2SS,24,SD,What is the acceleration of the tennis ball at time 1.75s in m/s^2?,diameter of the tennis ball = 0.17m,
simulation_0255,simulation,S2SS,24,SD,What is the speed of the tennis ball at time 0.5s in m/s?,diameter of the tennis ball = 0.17m,
simulation_0255,simulation,S2SS,24,SD,What is the speed of the tennis ball at time 1s in m/s?,diameter of the tennis ball = 0.17m,
simulation_0255,simulation,S2SS,24,SD,What is the speed of the tennis ball at time 1.5s in m/s?,diameter of the tennis ball = 0.17m,
simulation_0255,simulation,S2SS,24,SD,What is the acceleration of the tennis ball at time 0.5s in m/s^2?,diameter of the tennis ball = 0.17m,
simulation_0255,simulation,S2SS,24,SD,What is the acceleration of the tennis ball at time 1s in m/s^2?,diameter of the tennis ball = 0.17m,
simulation_0255,simulation,S2SS,24,SD,What is the acceleration of the tennis ball at time 1.5s in m/s^2?,diameter of the tennis ball = 0.17m,
simulation_0256,simulation,S2SS,24,SD,What is the speed of the tennis ball at time 0.5s in m/s?,diameter of the tennis ball = 0.17m,
simulation_0256,simulation,S2SS,24,SD,What is the speed of the tennis ball at time 1s in m/s?,diameter of the tennis ball = 0.17m,
simulation_0256,simulation,S2SS,24,SD,What is the speed of the tennis ball at time 1.5s in m/s?,diameter of the tennis ball = 0.17m,
simulation_0256,simulation,S2SS,24,SD,What is the acceleration of the tennis ball at time 0.5s in m/s^2?,diameter of the tennis ball = 0.17m,
simulation_0256,simulation,S2SS,24,SD,What is the acceleration of the tennis ball at time 1s in m/s^2?,diameter of the tennis ball = 0.17m,
simulation_0256,simulation,S2SS,24,SD,What is the acceleration of the tennis ball at time 1.5s in m/s^2?,diameter of the tennis ball = 0.17m,
simulation_0257,simulation,A2MC,30,DS,What is the height of the plant in meters?,acceleration of the plant before 0.5s = 9.8m/s^2,
simulation_0257,simulation,A2MC,30,DS,What is the diameter (width) of the plant in meters?,acceleration of the plant before 0.5s = 9.8m/s^2,
simulation_0257,simulation,A2MC,30,DS,What is the width (longer side) of the table in meters?,acceleration of the plant before 0.5s = 9.8m/s^2,
simulation_0257,simulation,A2MC,30,DS,What is the width (longer side) of the AC in meters?,acceleration of the plant before 0.5s = 9.8m/s^2,
simulation_0257,simulation,A2MC,30,DS,"What is the width of the phone placed to the right of the plant, in meters?",acceleration of the plant before 0.5s = 9.8m/s^2,
simulation_0257,simulation,A2MC,30,DD,What is the speed of the plant at time 0.2s in m/s?,acceleration of the plant before 0.5s = 9.8m/s^2,
simulation_0257,simulation,A2MC,30,DD,What is the speed of the plant at time 0.4s in m/s?,acceleration of the plant before 0.5s = 9.8m/s^2,
simulation_0258,simulation,A2MC,30,DS,What is the height of the plant in meters?,acceleration of the pen before 0.5s = 9.8m/s^2,
simulation_0258,simulation,A2MC,30,DS,What is the diameter (width) of the plant in meters?,acceleration of the pen before 0.5s = 9.8m/s^2,
simulation_0258,simulation,A2MC,30,DS,What is the width (longer side) of the table in meters?,acceleration of the pen before 0.5s = 9.8m/s^2,
simulation_0258,simulation,A2MC,30,DS,What is the width (longer side) of the AC in meters?,acceleration of the pen before 0.5s = 9.8m/s^2,
simulation_0258,simulation,A2MC,30,DS,"What is the width of the phone placed to the right of the plant, in meters?",acceleration of the pen before 0.5s = 9.8m/s^2,
simulation_0258,simulation,A2MC,30,DD,What is the speed of the pen at time 0.2s in m/s?,acceleration of the pen before 0.5s = 9.8m/s^2,
simulation_0258,simulation,A2MC,30,DD,What is the speed of the pen at time 0.4s in m/s?,acceleration of the pen before 0.5s = 9.8m/s^2,
simulation_0259,simulation,A2MC,30,DS,What is the height of the red cup in meters?,acceleration of the red cup before 0.5s = 9.8m/s^2,
simulation_0259,simulation,A2MC,30,DS,What is the height of the plant in meters?,acceleration of the red cup before 0.5s = 9.8m/s^2,
simulation_0259,simulation,A2MC,30,DS,What is the diameter（width) of the plant in meters?,acceleration of the red cup before 0.5s = 9.8m/s^2,
simulation_0259,simulation,A2MC,30,DS,What is the width(long side) of the table in meters?,acceleration of the red cup before 0.5s = 9.8m/s^2,
simulation_0259,simulation,A2MC,30,DS,What is the width(long side) of the AC in meters?,acceleration of the red cup before 0.5s = 9.8m/s^2,
simulation_0259,simulation,A2MC,30,DS,"What is the width of the iPhone placed to the right of the plant, in meters?",acceleration of the red cup before 0.5s = 9.8m/s^2,
simulation_0259,simulation,A2MC,30,DD,What is the speed of the red cup at time 0.2s in m/s?,acceleration of the red cup before 0.5s = 9.8m/s^2,
simulation_0259,simulation,A2MC,30,DD,What is the speed of the red cup at time 0.4s in m/s?,acceleration of the red cup before 0.5s = 9.8m/s^2,
simulation_0259,simulation,A2MC,30,DS,What is the height of the mug in meters?,acceleration of the red cup before 0.5s = 9.8m/s^2,
simulation_0259,simulation,A2MC,30,DS,What is the long side of the bag in meters?,acceleration of the red cup before 0.5s = 9.8m/s^2,
simulation_0260,simulation,A2MC,30,DS,What is the height of the red cup in meters?,acceleration of the mug cup before 0.5s = 9.8m/s^2,
simulation_0260,simulation,A2MC,30,DS,What is the height of the plant in meters?,acceleration of the mug cup before 0.5s = 9.8m/s^2,
simulation_0260,simulation,A2MC,30,DS,What is the diameter (width) of the plant in meters?,acceleration of the mug cup before 0.5s = 9.8m/s^2,
simulation_0260,simulation,A2MC,30,DS,What is the width (longer side) of the table in meters?,acceleration of the mug cup before 0.5s = 9.8m/s^2,
simulation_0260,simulation,A2MC,30,DS,What is the width (longer side) of the AC in meters?,acceleration of the mug cup before 0.5s = 9.8m/s^2,
simulation_0260,simulation,A2MC,30,DS,"What is the width of the iphone placed to the right of the plant, in meters?",acceleration of the mug cup before 0.5s = 9.8m/s^2,
simulation_0260,simulation,A2MC,30,DD,What is the speed of the mug at time 0.2s in m/s?,acceleration of the mug cup before 0.5s = 9.8m/s^2,
simulation_0260,simulation,A2MC,30,DD,What is the speed of the mug at time 0.4s in m/s?,acceleration of the mug cup before 0.5s = 9.8m/s^2,
simulation_0260,simulation,A2MC,30,DS,What is the height of the mug in meters?,acceleration of the mug cup before 0.5s = 9.8m/s^2,
simulation_0260,simulation,A2MC,30,DS,What is the long side of the bag in meters?,acceleration of the mug cup before 0.5s = 9.8m/s^2,
simulation_0261,simulation,A2SS,24,DS,What is the height of the mug in meters?,acceleration of the mug cup before 1s = 9.8m/s^2,
simulation_0261,simulation,A2SS,24,DD,What is the speed of the mug at time 0.2s in m/s?,acceleration of the mug cup before 1s = 9.8m/s^2,
simulation_0261,simulation,A2SS,24,DD,What is the speed of the mug at time 0.4s in m/s?,acceleration of the mug cup before 1s = 9.8m/s^2,
simulation_0261,simulation,A2SS,24,DD,What is the speed of the mug at time 0.625s in m/s?,acceleration of the mug cup before 1s = 9.8m/s^2,
simulation_0262,simulation,A2SS,24,DS,What is the height of the red cup in meters?,acceleration of the red cup before 0.75s = 9.8m/s^2,
simulation_0262,simulation,A2SS,24,DD,What is the speed of the red cup at time 0.25s in m/s?,acceleration of the red cup before 0.75s = 9.8m/s^2,
simulation_0262,simulation,A2SS,24,DD,What is the speed of the red cup at time 0.5s in m/s?,acceleration of the red cup before 0.75s = 9.8m/s^2,
simulation_0262,simulation,A2SS,24,DD,What is the speed of the red cup at time 0.625s in m/s?,acceleration of the red cup before 0.75s = 9.8m/s^2,
simulation_0263,simulation,A2SS,24,DS,What is the length of the spacecraft in meters?,acceleration of the spacecraft at 1.0s = 4m/s^2,
simulation_0263,simulation,A2SS,24,DS,What is the width of the spacecraft in meters?,acceleration of the spacecraft at 1.0s = 4m/s^2,
simulation_0263,simulation,A2SS,24,DD,What is the speed of the spacecraft at 0.5s in m/s?,acceleration of the spacecraft at 1.0s = 4m/s^2,
simulation_0263,simulation,A2SS,24,DD,What is the speed of the spacecraft at 1.0s in m/s?,acceleration of the spacecraft at 1.0s = 4m/s^2,
simulation_0264,simulation,A2SS,24,DS,What is the length of the spacecraft in meters?,acceleration of the spacecraft at 1.0s = 4m/s^2,
simulation_0264,simulation,A2SS,24,DS,What is the height of the spacecraft in meters?,acceleration of the spacecraft at 1.0s = 4m/s^2,
simulation_0264,simulation,A2SS,24,DD,What is the speed of the spacecraft at 0.5s in m/s?,acceleration of the spacecraft at 1.0s = 4m/s^2,
simulation_0264,simulation,A2SS,24,DD,What is the speed of the spacecraft at 1.0s in m/s?,acceleration of the spacecraft at 1.0s = 4m/s^2,
simulation_0265,simulation,A2SS,24,DS,What is the length of the spacecraft in meters?,acceleration of the spacecraft at 1.0s = 4m/s^2,
simulation_0265,simulation,A2SS,24,DS,What is the width of the spacecraft in meters?,acceleration of the spacecraft at 1.0s = 4m/s^2,
simulation_0265,simulation,A2SS,24,DD,What is the speed of the spacecraft at 0.5s in m/s?,acceleration of the spacecraft at 1.0s = 4m/s^2,
simulation_0265,simulation,A2SS,24,DD,What is the speed of the spacecraft at 1.0s in m/s?,acceleration of the spacecraft at 1.0s = 4m/s^2,
simulation_0266,simulation,A2SC,24,DS,What is the length of the spacecraft in meters?,acceleration of the spacecraft at 1.0s = 4m/s^2,
simulation_0266,simulation,A2SC,24,DS,What is the width of the spacecraft in meters?,acceleration of the spacecraft at 1.0s = 4m/s^2,
simulation_0266,simulation,A2SC,24,DD,What is the speed of the spacecraft at 0.5s in m/s?,acceleration of the spacecraft at 1.0s = 4m/s^2,
simulation_0266,simulation,A2SC,24,DD,What is the speed of the spacecraft at 1.0s in m/s?,acceleration of the spacecraft at 1.0s = 4m/s^2,
simulation_0267,simulation,A2SC,24,DS,What is the length of the spacecraft in meters?,acceleration of the spacecraft at 1.0s = 4m/s^2,
simulation_0267,simulation,A2SC,24,DS,What is the height of the spacecraft in meters?,acceleration of the spacecraft at 1.0s = 4m/s^2,
simulation_0267,simulation,A2SC,24,DD,What is the speed of the spacecraft at 0.5s in m/s?,acceleration of the spacecraft at 1.0s = 4m/s^2,
simulation_0267,simulation,A2SC,24,DD,What is the speed of the spacecraft at 1.0s in m/s?,acceleration of the spacecraft at 1.0s = 4m/s^2,
simulation_0268,simulation,A2SC,24,DS,What is the length of the spacecraft in meters?,acceleration of the spacecraft at 1.0s = 4m/s^2,
simulation_0268,simulation,A2SC,24,DS,What is the width of the spacecraft in meters?,acceleration of the spacecraft at 1.0s = 4m/s^2,
simulation_0268,simulation,A2SC,24,DD,What is the speed of the spacecraft at 0.5s in m/s?,acceleration of the spacecraft at 1.0s = 4m/s^2,
simulation_0268,simulation,A2SC,24,DD,What is the speed of the spacecraft at 1.0s in m/s?,acceleration of the spacecraft at 1.0s = 4m/s^2,
simulation_0269,simulation,A2SS,24,DS,What is the body length of the phoenix in meters?,acceleration of the phoenix at 2.0s = 2m/s^2,
simulation_0269,simulation,A2SS,24,DS,What is the width (wing span) of the phoenix in meters?,acceleration of the phoenix at 2.0s = 2m/s^2,
simulation_0269,simulation,A2SS,24,DD,What is the speed of the phoenix at 0.5s in m/s?,acceleration of the phoenix at 2.0s = 2m/s^2,
simulation_0269,simulation,A2SS,24,DD,What is the speed of the phoenix at 1.0s in m/s?,acceleration of the phoenix at 2.0s = 2m/s^2,
simulation_0270,simulation,A2SS,24,DS,What is the length of the phoenix in meters?,acceleration of the phoenix at 2.0s = 2m/s^2,
simulation_0270,simulation,A2SS,24,DS,What is the height of the phoenix in meters?,acceleration of the phoenix at 2.0s = 2m/s^2,
simulation_0270,simulation,A2SS,24,DD,What is the speed of the phoenix at 0.5s in m/s?,acceleration of the phoenix at 2.0s = 2m/s^2,
simulation_0270,simulation,A2SS,24,DD,What is the speed of the phoenix at 1.0s in m/s?,acceleration of the phoenix at 2.0s = 2m/s^2,
simulation_0271,simulation,A2SS,24,DS,What is the body length of the phoenix in meters?,acceleration of the phoenix at 2.0s = 2m/s^2,
simulation_0271,simulation,A2SS,24,DS,What is the width (wing span) of the phoenix in meters?,acceleration of the phoenix at 2.0s = 2m/s^2,
simulation_0271,simulation,A2SS,24,DD,What is the speed of the phoenix at 0.5s in m/s?,acceleration of the phoenix at 2.0s = 2m/s^2,
simulation_0271,simulation,A2SS,24,DD,What is the speed of the phoenix at 1.0s in m/s?,acceleration of the phoenix at 2.0s = 2m/s^2,
simulation_0272,simulation,A2SC,24,DS,What is the body length of the phoenix in meters?,acceleration of the phoenix at 2.0s = 2m/s^2,
simulation_0272,simulation,A2SC,24,DS,What is the width (wing span) of the phoenix in meters?,acceleration of the phoenix at 2.0s = 2m/s^2,
simulation_0272,simulation,A2SC,24,DD,What is the speed of the phoenix at 0.5s in m/s?,acceleration of the phoenix at 2.0s = 2m/s^2,
simulation_0272,simulation,A2SC,24,DD,What is the speed of the phoenix at 1.0s in m/s?,acceleration of the phoenix at 2.0s = 2m/s^2,
simulation_0273,simulation,A2SC,24,DS,What is the body length of the phoenix in meters?,acceleration of the phoenix at 2.0s = 2m/s^2,
simulation_0273,simulation,A2SC,24,DD,What is the speed of the phoenix at 0.5s in m/s?,acceleration of the phoenix at 2.0s = 2m/s^2,
simulation_0273,simulation,A2SC,24,DD,What is the speed of the phoenix at 1.0s in m/s?,acceleration of the phoenix at 2.0s = 2m/s^2,
simulation_0274,simulation,S2SS,24,SS,What is the width of the raccoon in meters?,length of the raccoon = 1.51m,
simulation_0274,simulation,S2SS,24,SD,What is the speed of the raccoon at 1.0s in m/s?,length of the raccoon (tail included) = 1.51m,
simulation_0274,simulation,S2SS,24,SS,"What is the displacement of the raccoon from 0.5 s to 1.0 s, in meters?",length of the raccoon (tail included) = 1.51m,
simulation_0275,simulation,S2SS,24,SS,What is the height of the raccoon in meters?,length of the raccoon (tail included) = 1.51m,
simulation_0275,simulation,S2SS,24,SD,What is the speed of the raccoon at 1.0s in m/s?,length of the raccoon (tail included) = 1.51m,
simulation_0275,simulation,S2SS,24,SS,"What is the displacement of the raccoon from 0.5 s to 1.0 s, in meters?",length of the raccoon (tail included) = 1.51m,
simulation_0276,simulation,S2SC,24,SS,What is the width of the raccoon in meters?,length of the raccoon (tail included) = 1.51m,
simulation_0276,simulation,S2SC,24,SD,What is the speed of the raccoon at 1.0s in m/s?,length of the raccoon (tail included) = 1.51m,
simulation_0276,simulation,S2SC,24,SS,"What is the displacement of the raccoon from 0.5 s to 1.0 s, in meters?",length of the raccoon (tail included) = 1.51m,
simulation_0277,simulation,S2SC,24,SS,What is the height of the raccoon in meters?,length of the raccoon (tail included) = 1.51m,
simulation_0277,simulation,S2SC,24,SD,What is the speed of the raccoon at 1.0s in m/s?,length of the raccoon (tail included) = 1.51m,
simulation_0277,simulation,S2SC,24,SS,"What is the displacement of the raccoon from 0.5 s to 1.0 s, in meters?",length of the raccoon (tail included) = 1.51m,
simulation_0278,simulation,V2SS,24,DS,What is the length of the whale in meters?,speed of the whale = 1.67m/s,
simulation_0278,simulation,V2SS,24,DS,What is the width of the whale in meters?,speed of the whale = 1.67m/s,
simulation_0278,simulation,V2SS,24,DS,"What is the displacement of the whale from 0.5 s to 1.0 s, in meters?",speed of the whale = 1.67m/s,
simulation_0279,simulation,V2SS,24,DS,What is the length of the whale in meters?,speed of the whale = 1.67m/s,
simulation_0279,simulation,V2SS,24,DS,What is the height of the whale in meters?,speed of the whale = 1.67m/s,
simulation_0279,simulation,V2SS,24,DS,"What is the displacement of the whale from 0.5 s to 1.0 s, in meters?",speed of the whale = 1.67m/s,
simulation_0280,simulation,S2SC,24,DS,What is the speed of the whale at 1.0s in m/s?,length of the whale = 19.17m,
simulation_0280,simulation,S2SC,24,DS,What is the height of the whale in meters?,length of the whale = 19.17m,
simulation_0280,simulation,S2SC,24,DS,"What is the displacement of the whale from 0.5 s to 1.0 s, in meters?",length of the whale = 19.17m,
simulation_0281,simulation,S2SC,24,DS,What is the speed of the whale at 1.0s in m/s?,length of the whale = 19.17m,
simulation_0281,simulation,S2SC,24,DS,What is the width of the whale in meters?,length of the whale = 19.17m,
simulation_0281,simulation,S2SC,24,DS,"What is the displacement of the whale from 0.5 s to 1.0 s, in meters?",length of the whale = 19.17m,
simulation_0282,simulation,V2SS,24,DS,What is the body length of the dragon in meters?,speed of the dragon = 1.29m/s,
simulation_0282,simulation,V2SS,24,DS,What is the width (wing span) of the dragon in meters?,speed of the dragon = 1.29m/s,
simulation_0282,simulation,V2SS,24,DS,"What is the displacement of the dragon from 0.5 s to 1.0 s, in meters?",speed of the dragon = 1.29m/s,
simulation_0283,simulation,S2SC,24,SD,What is the speed of the dragon at 1.0s in m/s?,length of the dragon = 0.75m,
simulation_0283,simulation,S2SC,24,SS,"What is the displacement of the dragon from 0.5s to 1.0s, in meters?",length of the dragon = 0.75m,
simulation_0284,simulation,V2SS,25,DS,What is the length of the plane in meters?,speed of the plane = 22.16 m/s,
simulation_0284,simulation,V2SS,25,DS,What is the width of the plane in meters?,speed of the plane = 22.16 m/s,
simulation_0284,simulation,V2SS,25,DS,"What is the displacement of the plane from 0.5s to 1.0s, in meters?",speed of the plane = 22.16 m/s,
simulation_0285,simulation,V2SS,25,DS,What is the length of the plane in meters?,speed of the plane = 22.16 m/s,
simulation_0285,simulation,V2SS,25,DS,What is the height of the plane in meters?,speed of the plane = 22.16 m/s,
simulation_0285,simulation,V2SS,25,DS,"What is the displacement of the plane from 0.5 s to 1.0 s, in meters?",speed of the plane = 22.16 m/s,
simulation_0286,simulation,V2SC,25,DS,What is the length of the plane in meters?,speed of the plane = 22.16 m/s,
simulation_0286,simulation,V2SC,25,DS,What is the width of the plane in meters?,speed of the plane = 22.16 m/s,
simulation_0286,simulation,V2SC,25,DS,"What is the displacement of the plane from 0.5 s to 1.0 s, in meters?",speed of the plane = 22.16 m/s,
simulation_0287,simulation,V2SC,25,DS,What is the length of the plane in meters?,speed of the plane = 22.16 m/s,
simulation_0287,simulation,V2SC,25,DS,What is the height of the plane in meters?,speed of the plane = 22.16 m/s,
simulation_0287,simulation,V2SC,25,DS,"What is the displacement of the plane from 0.5 s to 1.0 s, in meters?",speed of the plane = 22.16 m/s,
simulation_0288,simulation,V2SS,24,DS,What is the length of the fish in meters?,speed of the fish = 0.67m/s,
simulation_0288,simulation,V2SS,24,DS,What is the width of the fish in meters?,speed of the fish = 0.67m/s,
simulation_0288,simulation,V2SS,24,DS,"What is the displacement of the fish from 0.5 s to 1.0 s, in meters?",speed of the fish = 0.67m/s,
simulation_0289,simulation,V2SS,24,DS,What is the length of the fish in meters?,speed of the fish = 0.67m/s,
simulation_0289,simulation,V2SS,24,DS,"What is the displacement of the fish from 0.5 s to 1.0 s, in meters?",speed of the fish = 0.67m/s,
simulation_0290,simulation,V2SC,24,DS,What is the length of the fish in meters?,speed of the fish = 0.67m/s,
simulation_0290,simulation,V2SC,24,DS,What is the width of the fish in meters?,speed of the fish = 0.67m/s,
simulation_0290,simulation,V2SC,24,DS,"What is the displacement of the fish from 0.5 s to 1.0 s, in meters?",speed of the fish = 0.67m/s,
simulation_0291,simulation,V2SC,24,DS,What is the length of the fish in meters?,speed of the fish = 0.67m/s,
simulation_0291,simulation,V2SC,24,DS,What is the height of the fish in meters?,speed of the fish = 0.67m/s,
simulation_0291,simulation,V2SC,24,DS,"What is the displacement of the fish from 0.5 s to 1.0 s, in meters?",speed of the fish = 0.67m/s,
simulation_0292,simulation,V2SS,24,DS,What is the length of the column below the drone in meters?,speed of the column below the drone =  0.96m/s,
simulation_0292,simulation,V2SS,24,DS,What is the height of the column below the drone in meters?,speed of the column below the drone =  0.96m/s,
simulation_0292,simulation,V2SS,24,DS,"What is the displacement of the column below the drone from 0.5 s to 1.0 s, in meters?",speed of the column below the drone =  0.96m/s,
simulation_0293,simulation,V2SC,24,DS,What is the length of the column below the drone in meters?,speed of the column below the drone =  0.96m/s,
simulation_0293,simulation,V2SC,24,DS,What is the height of the column below the drone in meters?,speed of the column below the drone =  0.96m/s,
simulation_0293,simulation,V2SC,24,DS,"What is the displacement of the column below the drone from 0.5 s to 1.0 s, in meters?",speed of the column below the drone =  0.96m/s,
simulation_0294,simulation,V2SS,24,DS,What is the length of the butterfly's wings in meters?,speed of the butterfly = 0.32m/s,
simulation_0294,simulation,V2SS,24,DS,"What is the displacement of the butterfly from 0.5 s to 1.0 s, in meters?",speed of the butterfly = 0.32m/s,
simulation_0295,simulation,V2SC,24,DS,What is the length of the butterfly's wings in meters?,speed of the butterfly = 0.32m/s,
simulation_0295,simulation,V2SC,24,DS,"What is the displacement of the butterfly from 0.5 s to 1.0 s, in meters?",speed of the butterfly = 0.32m/s,
simulation_0296,simulation,V2SC,24,DS,What is the width (wing span) of the butterfly in meters?,speed of the butterfly = 0.32m/s,
simulation_0296,simulation,V2SC,24,DS,What is the length of the butterfly's wings in meters?,speed of the butterfly = 0.32m/s,
simulation_0296,simulation,V2SC,24,DS,"What is the displacement of the butterfly from 0.5 s to 1.0 s, in meters?",speed of the butterfly = 0.32m/s,
simulation_0297,simulation,V2SC,24,DS,"What is the displacement of the jellyfish from 0.5 s to 1.0 s, in meters?",speed of the jellyfish = 1.75m/s,
simulation_0298,simulation,V2SX,24,DS,What is the length of the fire truck in meters?,speed of the fire truck = 11.18m/s,
simulation_0298,simulation,V2SX,24,DS,What is the width of the fire truck in meters?,speed of the fire truck = 11.18m/s,
simulation_0298,simulation,V2SX,24,DS,"What is the displacement of the fire truck from 0.5 s to 1.0 s, in meters?",speed of the fire truck = 11.18m/s,
simulation_0008,simulation,S3MC,24,SS,What is the width of the wooden pier in meters?,height of boat = 0.75m,"t=0s, distance_boat_camera = 7.452 m
t=1s, distance_boat_camera = 6.655m
distance_pier_camera = 11.579m
distance_stairs_camera = 17.623m"
simulation_0008,simulation,S3MC,24,SS,What is the length of the pier from the shore-side edge to the water-side edge in meters?,height of boat = 0.75m,"t=0s, distance_boat_camera = 7.452 m
t=1s, distance_boat_camera = 6.655m
distance_pier_camera = 11.579m
distance_stairs_camera = 17.623m"
simulation_0008,simulation,S3MC,24,SS,"When t=3s, what is the minimum distance from the outer end of the pier to the boat in meters?",height of boat = 0.75m,"t=0s, distance_boat_camera = 7.452 m
t=1s, distance_boat_camera = 6.655m
distance_pier_camera = 11.579m
distance_stairs_camera = 17.623m"
simulation_0008,simulation,S3MC,24,SS,What is the width of the wooden stairs in meters?,height of boat = 0.75m,"t=0s, distance_boat_camera = 7.452 m
t=1s, distance_boat_camera = 6.655m
distance_pier_camera = 11.579m
distance_stairs_camera = 17.623m"
simulation_0008,simulation,S3MC,24,SS,What is the height of the pier deck above the water surface in meters?,height of boat = 0.75m,"t=0s, distance_boat_camera = 7.452 m
t=1s, distance_boat_camera = 6.655m
distance_pier_camera = 11.579m
distance_stairs_camera = 17.623m"
simulation_0008,simulation,S3MC,24,SS,What is the height of the cabin floor above the ground in meters?,height of boat = 0.75m,"t=0s, distance_boat_camera = 7.452 m
t=1s, distance_boat_camera = 6.655m
distance_pier_camera = 11.579m
distance_stairs_camera = 17.623m"
simulation_0008,simulation,S3MC,24,SD,What is the average speed of the boat from 1.0s to 2.0s in m/s?,height of boat = 0.75m,"t=0s, distance_boat_camera = 7.452 m
t=1s, distance_boat_camera = 6.655m
distance_pier_camera = 11.579m
distance_stairs_camera = 17.623m"
simulation_0009,simulation,V3MC,24,DS,What is the length of the boat in meters?,speed of the boat = 1.5 m/s,"t=0s, distance_boat_camera =11.827 m
t=1s, distance_boat_camera = 13.154m
distance_pier_camera = 18.920m
distance_stairs_camera = 23.125m"
simulation_0009,simulation,V3MC,24,DS,What is the width of the boat in meters?,speed of the boat = 1.5 m/s,"t=0s, distance_boat_camera =11.827 m
t=1s, distance_boat_camera = 13.154m
distance_pier_camera = 18.920m
distance_stairs_camera = 23.125m"
simulation_0009,simulation,V3MC,24,DS,What is the height of the boat in meters?,speed of the boat = 1.5 m/s,"t=0s, distance_boat_camera =11.827 m
t=1s, distance_boat_camera = 13.154m
distance_pier_camera = 18.920m
distance_stairs_camera = 23.125m"
simulation_0009,simulation,V3MC,24,DS,What is the width (shorter side) of the wooden pier in meters?,speed of the boat = 1.5 m/s,"t=0s, distance_boat_camera =11.827 m
t=1s, distance_boat_camera = 13.154m
distance_pier_camera = 18.920m
distance_stairs_camera = 23.125m"
simulation_0009,simulation,V3MC,24,DS,What is the length of the pier from the shore-side edge to the water-side edge in meters?,speed of the boat = 1.5 m/s,"t=0s, distance_boat_camera =11.827 m
t=1s, distance_boat_camera = 13.154m
distance_pier_camera = 18.920m
distance_stairs_camera = 23.125m"
simulation_0009,simulation,V3MC,24,DS,"When t=3s, what is the minimum distance from the outer end of the pier to the boat in meters?",speed of the boat = 1.5 m/s,"t=0s, distance_boat_camera =11.827 m
t=1s, distance_boat_camera = 13.154m
distance_pier_camera = 18.920m
distance_stairs_camera = 23.125m"
simulation_0009,simulation,V3MC,24,DS,What is the width of the wooden steps in meters?,speed of the boat = 1.5 m/s,"t=0s, distance_boat_camera =11.827 m
t=1s, distance_boat_camera = 13.154m
distance_pier_camera = 18.920m
distance_stairs_camera = 23.125m"
simulation_0009,simulation,V3MC,24,DS,What is the height of the pier deck above the water surface in meters?,speed of the boat = 1.5 m/s,"t=0s, distance_boat_camera =11.827 m
t=1s, distance_boat_camera = 13.154m
distance_pier_camera = 18.920m
distance_stairs_camera = 23.125m"
simulation_0009,simulation,V3MC,24,DS,What is the height of the cabin floor above the ground in meters?,speed of the boat = 1.5 m/s,"t=0s, distance_boat_camera =11.827 m
t=1s, distance_boat_camera = 13.154m
distance_pier_camera = 18.920m
distance_stairs_camera = 23.125m"
simulation_0010,simulation,V3MC,24,SS,What is the width between the two widest eaves of the small house in meters?,length of the bird = 1.19m,"t=0s, distance_bird_camera = 34.584m
t=1s, distance_bird_camera = 33.999m
distance_cart_camera = 30.374m
distance_house_camera = 55.083m"
simulation_0010,simulation,V3MC,24,SS,What is the height of the house’s door in meters?,length of the bird = 1.19m,"t=0s, distance_bird_camera = 34.584m
t=1s, distance_bird_camera = 33.999m
distance_cart_camera = 30.374m
distance_house_camera = 55.083m"
simulation_0010,simulation,V3MC,24,SS,What is the maximum height of the cart from the ground in meters?,length of the bird = 1.19m,"t=0s, distance_bird_camera = 34.584m
t=1s, distance_bird_camera = 33.999m
distance_cart_camera = 30.374m
distance_house_camera = 55.083m"
simulation_0010,simulation,V3MC,24,SS,What is the diameter of the cart’s wheels in meters?,length of the bird = 1.19m,"t=0s, distance_bird_camera = 34.584m
t=1s, distance_bird_camera = 33.999m
distance_cart_camera = 30.374m
distance_house_camera = 55.083m"
simulation_0010,simulation,V3MC,24,SD,What is the average speed of the bird from 0.5s to 1.0s in m/s?,length of the bird = 1.19m,"t=0s, distance_bird_camera = 34.584m
t=1s, distance_bird_camera = 33.999m
distance_cart_camera = 30.374m
distance_house_camera = 55.083m"
simulation_0011,simulation,A3MC,24,DD,What is the average speed of the bird from 0.5s to 1.0s in m/s?,gravity acc = 9.8m/s^2,"t=0s, distance_bird_camera = 46.654m
t=1s, distance_bird_camera = 43.970m
t=0s, distance_nest_camera = 17.268m
t=1s, distance_nest_camera = 17.248m
distance_cart_camera = 33.235m
distance_house_camera = 63.603m"
simulation_0011,simulation,A3MC,24,DS,What is the height of the house’s door in meters?,gravity acc = 9.8m/s^2,"t=0s, distance_bird_camera = 46.654m
t=1s, distance_bird_camera = 43.970m
t=0s, distance_nest_camera = 17.268m
t=1s, distance_nest_camera = 17.248m
distance_cart_camera = 33.235m
distance_house_camera = 63.603m"
simulation_0011,simulation,A3MC,24,DS,What is the diameter of the cart’s wheels in meters?,gravity acc = 9.8m/s^2,"t=0s, distance_bird_camera = 46.654m
t=1s, distance_bird_camera = 43.970m
t=0s, distance_nest_camera = 17.268m
t=1s, distance_nest_camera = 17.248m
distance_cart_camera = 33.235m
distance_house_camera = 63.603m"
simulation_0011,simulation,A3MC,24,DS,What is the width between the two widest eaves of the house in meters?,gravity acc = 9.8m/s^2,"t=0s, distance_bird_camera = 46.654m
t=1s, distance_bird_camera = 43.970m
t=0s, distance_nest_camera = 17.268m
t=1s, distance_nest_camera = 17.248m
distance_cart_camera = 33.235m
distance_house_camera = 63.603m"
simulation_0011,simulation,A3MC,24,DS,What is the body length of the bird in meters?,gravity acc = 9.8m/s^2,"t=0s, distance_bird_camera = 46.654m
t=1s, distance_bird_camera = 43.970m
t=0s, distance_nest_camera = 17.268m
t=1s, distance_nest_camera = 17.248m
distance_cart_camera = 33.235m
distance_house_camera = 63.603m"
simulation_0011,simulation,A3MC,24,DS,How wide is the bird's wingspan when it spreads its wings in meters?,gravity acc = 9.8m/s^2,"t=0s, distance_bird_camera = 46.654m
t=1s, distance_bird_camera = 43.970m
t=0s, distance_nest_camera = 17.268m
t=1s, distance_nest_camera = 17.248m
distance_cart_camera = 33.235m
distance_house_camera = 63.603m"
simulation_0013,simulation,A3MC,24,DD,What is the flight speed of the bird at 1.0s in m/s?,gravity acc = 9.8m/s^2,"t=0s, distance_nest_camera = 4.932m
t=1s, distance_nest_camera = 4.895m
t=0s, distance_bird_camera = 35.960m
t=1s, distance_bird_camera = 34.077m
distance_cart_camera = 26.342m"
simulation_0013,simulation,A3MC,24,DS,What is the body length of the bird in meters?,gravity acc = 9.8m/s^2,"t=0s, distance_nest_camera = 4.932m
t=1s, distance_nest_camera = 4.895m
t=0s, distance_bird_camera = 35.960m
t=1s, distance_bird_camera = 34.077m
distance_cart_camera = 26.342m"
simulation_0013,simulation,A3MC,24,DS,What is the diameter of the cart’s wheels in meters?,gravity acc = 9.8m/s^2,"t=0s, distance_nest_camera = 4.932m
t=1s, distance_nest_camera = 4.895m
t=0s, distance_bird_camera = 35.960m
t=1s, distance_bird_camera = 34.077m
distance_cart_camera = 26.342m"
simulation_0014,simulation,A3MC,24,DS,What is the height of the house’s door in meters?,gravity acc = 9.8m/s^2,"t=0s, distance_nest_camera = 5.661m
t=1s, distance_nest_camera = 5.630m
distance_cart_camera = 27.562m
distance_house_camera = 55.767m"
simulation_0014,simulation,A3MC,24,DS,What is the diameter of the cart’s wheels in meters?,gravity acc = 9.8m/s^2,"t=0s, distance_nest_camera = 5.661m
t=1s, distance_nest_camera = 5.630m
distance_cart_camera = 27.562m
distance_house_camera = 55.767m"
simulation_0014,simulation,A3MC,24,DS,What is the width between the two widest eaves of the house in meters?,gravity acc = 9.8m/s^2,"t=0s, distance_nest_camera = 5.661m
t=1s, distance_nest_camera = 5.630m
distance_cart_camera = 27.562m
distance_house_camera = 55.767m"
simulation_0014,simulation,A3MC,24,DS,What is the maximum height of the cart from the ground in meters?,gravity acc = 9.8m/s^2,"t=0s, distance_nest_camera = 5.661m
t=1s, distance_nest_camera = 5.630m
distance_cart_camera = 27.562m
distance_house_camera = 55.767m"
simulation_0014,simulation,A3MC,24,DS,What is the height of the rectangular cargo box on the cart in meters?,gravity acc = 9.8m/s^2,"t=0s, distance_nest_camera = 5.661m
t=1s, distance_nest_camera = 5.630m
distance_cart_camera = 27.562m
distance_house_camera = 55.767m"
simulation_0014,simulation,A3MC,24,DS,What is the length of rectangular cargo box on the cart in meters?,gravity acc = 9.8m/s^2,"t=0s, distance_nest_camera = 5.661m
t=1s, distance_nest_camera = 5.630m
distance_cart_camera = 27.562m
distance_house_camera = 55.767m"
simulation_0015,simulation,S3MC,33,SS,What is the height of the central sculpture itself (excluding the pedestal) in meters?,height of the person = 1.87m,"t=0s, distance_human_camera = 12.26m
t=1s, distance_human_camera = 10.97m
distance_the_pedestal_of_the_central _sculpture_and_camera = 9.460m
distance_the_central_sculpture_camera = 9.460m
distance_the_nearest_freestanding_art_display_panel = 11.874m"
simulation_0015,simulation,S3MC,33,SS,What is the width of the pedestal (square base) of the central sculpture in meters?,height of the person = 1.87m,"t=0s, distance_human_camera = 12.26m
t=1s, distance_human_camera = 10.97m
distance_the_pedestal_of_the_central _sculpture_and_camera = 9.460m
distance_the_central_sculpture_camera = 9.460m
distance_the_nearest_freestanding_art_display_panel = 11.874m"
simulation_0015,simulation,S3MC,33,SS,What is the height of the pedestal (square base) of the central sculpture in meters?,height of the person = 1.87m,"t=0s, distance_human_camera = 12.26m
t=1s, distance_human_camera = 10.97m
distance_the_pedestal_of_the_central _sculpture_and_camera = 9.460m
distance_the_central_sculpture_camera = 9.460m
distance_the_nearest_freestanding_art_display_panel = 11.874m"
simulation_0015,simulation,S3MC,33,SS,What is the height of the freestanding art display panel in meters?,height of the person = 1.87m,"t=0s, distance_human_camera = 12.26m
t=1s, distance_human_camera = 10.97m
distance_the_pedestal_of_the_central _sculpture_and_camera = 9.460m
distance_the_central_sculpture_camera = 9.460m
distance_the_nearest_freestanding_art_display_panel = 11.874m"
simulation_0015,simulation,S3MC,33,SS,What is the height of the bench seat in the atrium in meters?,height of the person = 1.87m,"t=0s, distance_human_camera = 12.26m
t=1s, distance_human_camera = 10.97m
distance_the_pedestal_of_the_central _sculpture_and_camera = 9.460m
distance_the_central_sculpture_camera = 9.460m
distance_the_nearest_freestanding_art_display_panel = 11.874m"
simulation_0015,simulation,S3MC,33,SS,What is the width of the bench seat in the atrium in meters?,height of the person = 1.87m,"t=0s, distance_human_camera = 12.26m
t=1s, distance_human_camera = 10.97m
distance_the_pedestal_of_the_central _sculpture_and_camera = 9.460m
distance_the_central_sculpture_camera = 9.460m
distance_the_nearest_freestanding_art_display_panel = 11.874m"
simulation_0015,simulation,S3MC,33,SS,What is the length of the bench seat in the atrium in meters?,height of the person = 1.87m,"t=0s, distance_human_camera = 12.26m
t=1s, distance_human_camera = 10.97m
distance_the_pedestal_of_the_central _sculpture_and_camera = 9.460m
distance_the_central_sculpture_camera = 9.460m
distance_the_nearest_freestanding_art_display_panel = 11.874m"
simulation_0015,simulation,S3MC,33,SS,What is the clear height from the floor to the underside of the open roof frame (lattice) in meters?,height of the person = 1.87m,"t=0s, distance_human_camera = 12.26m
t=1s, distance_human_camera = 10.97m
distance_the_pedestal_of_the_central _sculpture_and_camera = 9.460m
distance_the_central_sculpture_camera = 9.460m
distance_the_nearest_freestanding_art_display_panel = 11.874m"
simulation_0015,simulation,S3MC,33,SS,What is the vertical depth (thickness) of the open roof frame (top edge to bottom edge) in meters?,height of the person = 1.87m,"t=0s, distance_human_camera = 12.26m
t=1s, distance_human_camera = 10.97m
distance_the_pedestal_of_the_central _sculpture_and_camera = 9.460m
distance_the_central_sculpture_camera = 9.460m
distance_the_nearest_freestanding_art_display_panel = 11.874m"
simulation_0015,simulation,S3MC,33,SD,What is the speed of the human at 1.0s in m/s?,height of the person = 1.87m,"t=0s, distance_human_camera = 12.26m
t=1s, distance_human_camera = 10.97m
distance_the_pedestal_of_the_central _sculpture_and_camera = 9.460m
distance_the_central_sculpture_camera = 9.460m
distance_the_nearest_freestanding_art_display_panel = 11.874m"
simulation_0017,simulation,V3MC,33,DS,What is the height of the person in meters?,speed of the person = 1.3m/s,"t=0s, distance_human_camera = 5.424m
t=1s, distance_human_camera = 4.886m
distance_bench_camera = 2.267m
distance_the_pedestal_of_the_central _sculpture_and_camera = 5.963m
distance_the_central_sculpture_camera = 5.962m
distance_the_freestanding_art_display_panel = 4.223m"
simulation_0017,simulation,V3MC,33,DS,What is the width of the pedestal (square base) of the central sculpture in meters?,speed of the person = 1.3m/s,"t=0s, distance_human_camera = 5.424m
t=1s, distance_human_camera = 4.886m
distance_bench_camera = 2.267m
distance_the_pedestal_of_the_central _sculpture_and_camera = 5.963m
distance_the_central_sculpture_camera = 5.962m
distance_the_freestanding_art_display_panel = 4.223m"
simulation_0017,simulation,V3MC,33,DS,What is the height of the pedestal (square base) of the central sculpture in meters?,speed of the person = 1.3m/s,"t=0s, distance_human_camera = 5.424m
t=1s, distance_human_camera = 4.886m
distance_bench_camera = 2.267m
distance_the_pedestal_of_the_central _sculpture_and_camera = 5.963m
distance_the_central_sculpture_camera = 5.962m
distance_the_freestanding_art_display_panel = 4.223m"
simulation_0017,simulation,V3MC,33,DS,What is the height of the bench seat in the atrium in meters?,speed of the person = 1.3m/s,"t=0s, distance_human_camera = 5.424m
t=1s, distance_human_camera = 4.886m
distance_bench_camera = 2.267m
distance_the_pedestal_of_the_central _sculpture_and_camera = 5.963m
distance_the_central_sculpture_camera = 5.962m
distance_the_freestanding_art_display_panel = 4.223m"
simulation_0017,simulation,V3MC,33,DS,What is the length of the bench seat in the atrium in meters?,speed of the person = 1.3m/s,"t=0s, distance_human_camera = 5.424m
t=1s, distance_human_camera = 4.886m
distance_bench_camera = 2.267m
distance_the_pedestal_of_the_central _sculpture_and_camera = 5.963m
distance_the_central_sculpture_camera = 5.962m
distance_the_freestanding_art_display_panel = 4.223m"
simulation_0017,simulation,V3MC,33,DS,What is the height of the central sculpture itself (excluding the pedestal) in meters?,speed of the person = 1.3m/s,"t=0s, distance_human_camera = 5.424m
t=1s, distance_human_camera = 4.886m
distance_bench_camera = 2.267m
distance_the_pedestal_of_the_central _sculpture_and_camera = 5.963m
distance_the_central_sculpture_camera = 5.962m
distance_the_freestanding_art_display_panel = 4.223m"
simulation_0017,simulation,V3MC,33,DS,What is the height of the freestanding art display panel in meters?,speed of the person = 1.3m/s,"t=0s, distance_human_camera = 5.424m
t=1s, distance_human_camera = 4.886m
distance_bench_camera = 2.267m
distance_the_pedestal_of_the_central _sculpture_and_camera = 5.963m
distance_the_central_sculpture_camera = 5.962m
distance_the_freestanding_art_display_panel = 4.223m"
simulation_0019,simulation,S3MC,33,SD,What is the walking speed of the person at 0.5s in m/s?,height of the person = 1.87m,"t=0s, distance_human_camera = 6.84m
t=1s, distance_human_camera = 6.49m
distance_the_nearest_freestanding_art_display_panel = 11.042m
distance_the_pedestal_of_the_central_sculpture_and_camera = 5.085m
distance_the_central_sculpture_camera = 5.085m"
simulation_0019,simulation,S3MC,33,SS,What is the width of the pedestal (square base) of the central sculpture in meters?,height of the person = 1.87m,"t=0s, distance_human_camera = 6.84m
t=1s, distance_human_camera = 6.49m
distance_the_nearest_freestanding_art_display_panel = 11.042m
distance_the_pedestal_of_the_central_sculpture_and_camera = 5.085m
distance_the_central_sculpture_camera = 5.085m"
simulation_0019,simulation,S3MC,33,SS,What is the height of the pedestal (square base) of the central sculpture in meters?,height of the person = 1.87m,"t=0s, distance_human_camera = 6.84m
t=1s, distance_human_camera = 6.49m
distance_the_nearest_freestanding_art_display_panel = 11.042m
distance_the_pedestal_of_the_central_sculpture_and_camera = 5.085m
distance_the_central_sculpture_camera = 5.085m"
simulation_0019,simulation,S3MC,33,SS,What is the height of the central sculpture itself (excluding the pedestal) in meters?,height of the person = 1.87m,"t=0s, distance_human_camera = 6.84m
t=1s, distance_human_camera = 6.49m
distance_the_nearest_freestanding_art_display_panel = 11.042m
distance_the_pedestal_of_the_central_sculpture_and_camera = 5.085m
distance_the_central_sculpture_camera = 5.085m"
simulation_0019,simulation,S3MC,33,SS,What is the width of the freestanding art display panel in meters?,height of the person = 1.87m,"t=0s, distance_human_camera = 6.84m
t=1s, distance_human_camera = 6.49m
distance_the_nearest_freestanding_art_display_panel = 11.042m
distance_the_pedestal_of_the_central_sculpture_and_camera = 5.085m
distance_the_central_sculpture_camera = 5.085m"
simulation_0019,simulation,S3MC,33,SS,What is the height of the freestanding art display panel in meters?,height of the person = 1.87m,"t=0s, distance_human_camera = 6.84m
t=1s, distance_human_camera = 6.49m
distance_the_nearest_freestanding_art_display_panel = 11.042m
distance_the_pedestal_of_the_central_sculpture_and_camera = 5.085m
distance_the_central_sculpture_camera = 5.085m"
simulation_0021,simulation,S3MC,30,SD,What is the walking speed of the person at 1.0s in m/s?,height of the person = 1.87m,"t=0s, distance_human_camera = 13.882m
t=1s, distance_human_camera = 13.768m
distance_fire_hydrant_camera = 12.565m
distance_streetlight_camera = 12.325m"
simulation_0021,simulation,S3MC,30,SS,What is the height of the fire hydrant in meters?,height of the person = 1.87m,"t=0s, distance_human_camera = 13.882m
t=1s, distance_human_camera = 13.768m
distance_fire_hydrant_camera = 12.565m
distance_streetlight_camera = 12.325m"
simulation_0021,simulation,S3MC,30,SS,What is the height of the streetlight in meters?,height of the person = 1.87m,"t=0s, distance_human_camera = 13.882m
t=1s, distance_human_camera = 13.768m
distance_fire_hydrant_camera = 12.565m
distance_streetlight_camera = 12.325m"
simulation_0022,simulation,S3SS,24,SD,What is the speed of the boat at 1.0s in m/s?,length of the boat = 10m,"t=1s, distance_boat_camera = 148.7451 m
t=2s, distance_boat_camera = 146.9726 m"
simulation_0022,simulation,S3SS,24,SS,What is the height of the boat in meters?,length of the boat = 10m,"t=1s, distance_boat_camera = 148.7451 m
t=2s, distance_boat_camera = 146.9726 m"
simulation_0023,simulation,V3MC,24,DD,What is the speed of the boat at 1.0s in m/s?,speed of the eagle = 11.84m/s,"t=1s, distance_eagle_camera = 116.0475m
t=2s, distance_eagle_camera = 108.2756m
t=1s, distance_boat_camera = 103.1570 m
t=2s, distance_boat_camera = 106.0906 m"
simulation_0023,simulation,V3MC,24,DS,What is the height of the boat in meters?,speed of the eagle = 11.84m/s,"t=1s, distance_eagle_camera = 116.0475m
t=2s, distance_eagle_camera = 108.2756m
t=1s, distance_boat_camera = 103.1570 m
t=2s, distance_boat_camera = 106.0906 m"
simulation_0023,simulation,V3MC,24,DS,What is the length of the boat in meters?,speed of the eagle = 11.84m/s,"t=1s, distance_eagle_camera = 116.0475m
t=2s, distance_eagle_camera = 108.2756m
t=1s, distance_boat_camera = 103.1570 m
t=2s, distance_boat_camera = 106.0906 m"
simulation_0023,simulation,V3MC,24,DS,What is the length of the eagle in meters?,speed of the eagle = 11.84m/s,"t=1s, distance_eagle_camera = 116.0475m
t=2s, distance_eagle_camera = 108.2756m
t=1s, distance_boat_camera = 103.1570 m
t=2s, distance_boat_camera = 106.0906 m"
simulation_0023,simulation,V3MC,24,DS,What is the eagle’s wingspan (the distance from the tip of one wing to the tip of the other when fully spread) in meters?,speed of the eagle = 11.84m/s,"t=1s, distance_eagle_camera = 116.0475m
t=2s, distance_eagle_camera = 108.2756m
t=1s, distance_boat_camera = 103.1570 m
t=2s, distance_boat_camera = 106.0906 m"
simulation_0024,simulation,V3MS,24,DS,What is the height of the boat in meters?,speed of the boat = 4m/s,"t=1s, distance_boat_camera = 90.1103 m
t=2s, distance_boat_camera = 90.4360 m"
simulation_0024,simulation,V3MS,24,DS,What is the length of the boat in meters?,speed of the boat = 4m/s,"t=1s, distance_boat_camera = 90.1103 m
t=2s, distance_boat_camera = 90.4360 m"
simulation_0024,simulation,V3MS,24,DS,What is the width of the boat in meters?,speed of the boat = 4m/s,"t=1s, distance_boat_camera = 90.1103 m
t=2s, distance_boat_camera = 90.4360 m"
simulation_0025,simulation,V3MC,24,DD,What is the speed of the eagle at 1.0s in m/s?,speed of the person = 1.3m/s,"t=1s, distance_eagle_camera = 116.0475m
t=2s, distance_eagle_camera = 108.2756m
t=1s, distance_human_camera = 114.8319m
t=2s, distance_human_camera = 114.8356 m"
simulation_0025,simulation,V3MC,24,DS,What is the length of the eagle in meters?,speed of the person = 1.3m/s,"t=1s, distance_eagle_camera = 116.0475m
t=2s, distance_eagle_camera = 108.2756m
t=1s, distance_human_camera = 114.8319m
t=2s, distance_human_camera = 114.8356 m"
simulation_0025,simulation,V3MC,24,DS,What is the eagle’s wingspan (the distance from the tip of one wing to the tip of the other when fully spread) in meters?,speed of the person = 1.3m/s,"t=1s, distance_eagle_camera = 116.0475m
t=2s, distance_eagle_camera = 108.2756m
t=1s, distance_human_camera = 114.8319m
t=2s, distance_human_camera = 114.8356 m"
simulation_0025,simulation,V3MC,24,DS,What is the height of the person in meters?,speed of the person = 1.3m/s,"t=1s, distance_eagle_camera = 116.0475m
t=2s, distance_eagle_camera = 108.2756m
t=1s, distance_human_camera = 114.8319m
t=2s, distance_human_camera = 114.8356 m"
simulation_0026,simulation,S3MC,24,SS,What is the height of the boat in meters?,height of the person = 1.75m,"t=1s, distance_boat_camera = 103.1570 m
t=2s, distance_boat_camera = 106.0906 m
t=1s, distance_human_camera = 114.8319m
t=2s, distance_human_camera = 114.8356 m"
simulation_0026,simulation,S3MC,24,SS,What is the length of the boat in meters?,height of the person = 1.75m,"t=1s, distance_boat_camera = 103.1570 m
t=2s, distance_boat_camera = 106.0906 m
t=1s, distance_human_camera = 114.8319m
t=2s, distance_human_camera = 114.8356 m"
simulation_0026,simulation,S3MC,24,SD,What is the speed of the person at 1.0s in m/s?,height of the person = 1.75m,"t=1s, distance_boat_camera = 103.1570 m
t=2s, distance_boat_camera = 106.0906 m
t=1s, distance_human_camera = 114.8319m
t=2s, distance_human_camera = 114.8356 m"
simulation_0027,simulation,S3MS,24,SD,What is the speed of the person from 1.0s to 2.0s in m/s?,height of the person = 1.75m,"t=1s, distance_human_camera = 100.5638m
t=2s, distance_human_camera = 100.5996m"
simulation_0028,simulation,S3MC,24,SS,What is the eagle’s wingspan (the distance from the tip of one wing to the tip of the other when fully spread) in meters?,length of the eagle = 0.8m,"t=1s, distance_eagle_camera = 100.1405m
t=2s, distance_eagle_camera = 99.5206m"
simulation_0028,simulation,S3MC,24,SD,What is the speed of the eagle at 1.0s in m/s?,length of the eagle = 0.8m,"t=1s, distance_eagle_camera = 100.1405m
t=2s, distance_eagle_camera = 99.5206m"
simulation_0029,simulation,V3MC,24,DS,What is the length of the eagle in meters?,speed of the eagle = 12m/s,"t=1s, distance_boat_camera = 133.9572 m
t=2s, distance_boat_camera = 131.2557 m
t=1s, distance_eagle_camera = 139.7035m
t=2s, distance_eagle_camera = 147.1583m"
simulation_0029,simulation,V3MC,24,DS,What is the height of the boat in meters?,speed of the eagle = 12m/s,"t=1s, distance_boat_camera = 133.9572 m
t=2s, distance_boat_camera = 131.2557 m
t=1s, distance_eagle_camera = 139.7035m
t=2s, distance_eagle_camera = 147.1583m"
simulation_0029,simulation,V3MC,24,DS,What is the length of the boat in meters?,speed of the eagle = 12m/s,"t=1s, distance_boat_camera = 133.9572 m
t=2s, distance_boat_camera = 131.2557 m
t=1s, distance_eagle_camera = 139.7035m
t=2s, distance_eagle_camera = 147.1583m"
simulation_0029,simulation,V3MC,24,DD,What is the speed of the boat at 1.0s in m/s?,speed of the eagle = 12m/s,"t=1s, distance_boat_camera = 133.9572 m
t=2s, distance_boat_camera = 131.2557 m
t=1s, distance_eagle_camera = 139.7035m
t=2s, distance_eagle_camera = 147.1583m"
simulation_0031,simulation,V3MC,24,DS,What is the height of the person in meters?,speed of the person = 1.3m/s,"t=1s, distance_boat_camera = 130.3493 m
t=2s, distance_boat_camera = 133.7433 m
t=1s, distance_human_camera = 139.9543 m
t=2s, distance_human_camera = 139.9833 m
t=1s, distance_eagle_camera = 139.7566 m
t=2s, distance_eagle_camera = 130.2468m"
simulation_0031,simulation,V3MC,24,DS,What is the height of the boat in meters?,speed of the person = 1.3m/s,"t=1s, distance_boat_camera = 130.3493 m
t=2s, distance_boat_camera = 133.7433 m
t=1s, distance_human_camera = 139.9543 m
t=2s, distance_human_camera = 139.9833 m
t=1s, distance_eagle_camera = 139.7566 m
t=2s, distance_eagle_camera = 130.2468m"
simulation_0031,simulation,V3MC,24,DS,What is the length of the boat in meters?,speed of the person = 1.3m/s,"t=1s, distance_boat_camera = 130.3493 m
t=2s, distance_boat_camera = 133.7433 m
t=1s, distance_human_camera = 139.9543 m
t=2s, distance_human_camera = 139.9833 m
t=1s, distance_eagle_camera = 139.7566 m
t=2s, distance_eagle_camera = 130.2468m"
simulation_0031,simulation,V3MC,24,DS,What is the width of the boat in meters?,speed of the person = 1.3m/s,"t=1s, distance_boat_camera = 130.3493 m
t=2s, distance_boat_camera = 133.7433 m
t=1s, distance_human_camera = 139.9543 m
t=2s, distance_human_camera = 139.9833 m
t=1s, distance_eagle_camera = 139.7566 m
t=2s, distance_eagle_camera = 130.2468m"
simulation_0031,simulation,V3MC,24,DD,What is the speed of the boat at 1.0s in m/s?,speed of the person = 1.3m/s,"t=1s, distance_boat_camera = 130.3493 m
t=2s, distance_boat_camera = 133.7433 m
t=1s, distance_human_camera = 139.9543 m
t=2s, distance_human_camera = 139.9833 m
t=1s, distance_eagle_camera = 139.7566 m
t=2s, distance_eagle_camera = 130.2468m"
simulation_0031,simulation,V3MC,24,DS,What is the length of the eagle in meters?,speed of the person = 1.3m/s,"t=1s, distance_boat_camera = 130.3493 m
t=2s, distance_boat_camera = 133.7433 m
t=1s, distance_human_camera = 139.9543 m
t=2s, distance_human_camera = 139.9833 m
t=1s, distance_eagle_camera = 139.7566 m
t=2s, distance_eagle_camera = 130.2468m"
simulation_0031,simulation,V3MC,24,DD,What is the speed of the eagle at 1.0s in m/s?,speed of the person = 1.3m/s,"t=1s, distance_boat_camera = 130.3493 m
t=2s, distance_boat_camera = 133.7433 m
t=1s, distance_human_camera = 139.9543 m
t=2s, distance_human_camera = 139.9833 m
t=1s, distance_eagle_camera = 139.7566 m
t=2s, distance_eagle_camera = 130.2468m"
simulation_0031,simulation,V3MC,24,DS,What is the eagle’s wingspan (the distance from the tip of one wing to the tip of the other when fully spread) in meters?,speed of the person = 1.3m/s,"t=1s, distance_boat_camera = 130.3493 m
t=2s, distance_boat_camera = 133.7433 m
t=1s, distance_human_camera = 139.9543 m
t=2s, distance_human_camera = 139.9833 m
t=1s, distance_eagle_camera = 139.7566 m
t=2s, distance_eagle_camera = 130.2468m"
simulation_0033,simulation,A3MC,30,DD,What is the walking speed of the person at 1.0s in m/s?,acceleration of the orange car = -2.86m/s^2,"t=0s, distance_human_camera = 13.780m
t=1s, distance_human_camera = 13.651m
t=0s, distance_orange_car_camera = 12.048m
t=1s, distance_orange_car_camera = 10.432m
t=0s, distance_green_car_camera = 13.077m
t=1s, distance_green_car_camera = 4.630m
distance_fire_hydrant_camera = 12.565m
distance_streetlight_camera = 12.325m"
simulation_0033,simulation,A3MC,30,DS,What is the height of the fire hydrant in meters?,acceleration of the orange car = -2.86m/s^2,"t=0s, distance_human_camera = 13.780m
t=1s, distance_human_camera = 13.651m
t=0s, distance_orange_car_camera = 12.048m
t=1s, distance_orange_car_camera = 10.432m
t=0s, distance_green_car_camera = 13.077m
t=1s, distance_green_car_camera = 4.630m
distance_fire_hydrant_camera = 12.565m
distance_streetlight_camera = 12.325m"
simulation_0033,simulation,A3MC,30,DS,What is the height of the streetlight in meters?,acceleration of the orange car = -2.86m/s^2,"t=0s, distance_human_camera = 13.780m
t=1s, distance_human_camera = 13.651m
t=0s, distance_orange_car_camera = 12.048m
t=1s, distance_orange_car_camera = 10.432m
t=0s, distance_green_car_camera = 13.077m
t=1s, distance_green_car_camera = 4.630m
distance_fire_hydrant_camera = 12.565m
distance_streetlight_camera = 12.325m"
simulation_0033,simulation,A3MC,30,DS,What is the height of the person in meters?,acceleration of the orange car = -2.86m/s^2,"t=0s, distance_human_camera = 13.780m
t=1s, distance_human_camera = 13.651m
t=0s, distance_orange_car_camera = 12.048m
t=1s, distance_orange_car_camera = 10.432m
t=0s, distance_green_car_camera = 13.077m
t=1s, distance_green_car_camera = 4.630m
distance_fire_hydrant_camera = 12.565m
distance_streetlight_camera = 12.325m"
simulation_0033,simulation,A3MC,30,DD,What is the speed of the green car at 1.0s in m/s?,acceleration of the orange car = -2.86m/s^2,"t=0s, distance_human_camera = 13.780m
t=1s, distance_human_camera = 13.651m
t=0s, distance_orange_car_camera = 12.048m
t=1s, distance_orange_car_camera = 10.432m
t=0s, distance_green_car_camera = 13.077m
t=1s, distance_green_car_camera = 4.630m
distance_fire_hydrant_camera = 12.565m
distance_streetlight_camera = 12.325m"
simulation_0033,simulation,A3MC,30,DS,What is the length of the orange car in meters?,acceleration of the orange car = -2.86m/s^2,"t=0s, distance_human_camera = 13.780m
t=1s, distance_human_camera = 13.651m
t=0s, distance_orange_car_camera = 12.048m
t=1s, distance_orange_car_camera = 10.432m
t=0s, distance_green_car_camera = 13.077m
t=1s, distance_green_car_camera = 4.630m
distance_fire_hydrant_camera = 12.565m
distance_streetlight_camera = 12.325m"
simulation_0033,simulation,A3MC,30,DS,What is the height of the orange car in meters?,acceleration of the orange car = -2.86m/s^2,"t=0s, distance_human_camera = 13.780m
t=1s, distance_human_camera = 13.651m
t=0s, distance_orange_car_camera = 12.048m
t=1s, distance_orange_car_camera = 10.432m
t=0s, distance_green_car_camera = 13.077m
t=1s, distance_green_car_camera = 4.630m
distance_fire_hydrant_camera = 12.565m
distance_streetlight_camera = 12.325m"
simulation_0033,simulation,A3MC,30,DS,What is the height of the curb along the road in meters?,acceleration of the orange car = -2.86m/s^2,"t=0s, distance_human_camera = 13.780m
t=1s, distance_human_camera = 13.651m
t=0s, distance_orange_car_camera = 12.048m
t=1s, distance_orange_car_camera = 10.432m
t=0s, distance_green_car_camera = 13.077m
t=1s, distance_green_car_camera = 4.630m
distance_fire_hydrant_camera = 12.565m
distance_streetlight_camera = 12.325m"
simulation_0034,simulation,S3MC,24,SD,What is the average speed of the boat from the beginning to the end in m/s?,height of the person = 1.75m,"t=1s, distance_boat_camera = 96.8995 m
t=2s, distance_boat_camera = 92.8490 m
t=1s, distance_human_camera = 92.1861m
t=2s, distance_human_camera = 92.1960 m
t=1s, distance_eagle_camera = 91.6867m
t=2s, distance_eagle_camera = 103.4262m"
simulation_0034,simulation,S3MC,24,SS,What is the height of the boat in meters?,height of the person = 1.75m,"t=1s, distance_boat_camera = 96.8995 m
t=2s, distance_boat_camera = 92.8490 m
t=1s, distance_human_camera = 92.1861m
t=2s, distance_human_camera = 92.1960 m
t=1s, distance_eagle_camera = 91.6867m
t=2s, distance_eagle_camera = 103.4262m"
simulation_0034,simulation,S3MC,24,SS,What is the width of the boat in meters?,height of the person = 1.75m,"t=1s, distance_boat_camera = 96.8995 m
t=2s, distance_boat_camera = 92.8490 m
t=1s, distance_human_camera = 92.1861m
t=2s, distance_human_camera = 92.1960 m
t=1s, distance_eagle_camera = 91.6867m
t=2s, distance_eagle_camera = 103.4262m"
simulation_0034,simulation,S3MC,24,SD,What is the average speed of the person from the beginning to the end in m/s?,height of the person = 1.75m,"t=1s, distance_boat_camera = 96.8995 m
t=2s, distance_boat_camera = 92.8490 m
t=1s, distance_human_camera = 92.1861m
t=2s, distance_human_camera = 92.1960 m
t=1s, distance_eagle_camera = 91.6867m
t=2s, distance_eagle_camera = 103.4262m"
simulation_0034,simulation,S3MC,24,SS,What is the eagle’s wingspan (the distance from the tip of one wing to the tip of the other when fully spread) in meters?,height of the person = 1.75m,"t=1s, distance_boat_camera = 96.8995 m
t=2s, distance_boat_camera = 92.8490 m
t=1s, distance_human_camera = 92.1861m
t=2s, distance_human_camera = 92.1960 m
t=1s, distance_eagle_camera = 91.6867m
t=2s, distance_eagle_camera = 103.4262m"
simulation_0034,simulation,S3MC,24,SD,What is the average speed of the eagle from the beginning to the end in m/s?,height of the person = 1.75m,"t=1s, distance_boat_camera = 96.8995 m
t=2s, distance_boat_camera = 92.8490 m
t=1s, distance_human_camera = 92.1861m
t=2s, distance_human_camera = 92.1960 m
t=1s, distance_eagle_camera = 91.6867m
t=2s, distance_eagle_camera = 103.4262m"
simulation_0035,simulation,S3MC,24,SD,What is the average speed of the person from the beginning to the end in m/s?,height of the person = 1.75m,"t=1s, distance_human_camera = 139.1030m
t=2s, distance_human_camera = 139.1044 m
t=1s, distance_eagle_camera = 139.7035m
t=2s, distance_eagle_camera = 147.1583m"
simulation_0035,simulation,S3MC,24,SS,What is the eagle’s wingspan (the distance from the tip of one wing to the tip of the other when fully spread) in meters?,height of the person = 1.75m,"t=1s, distance_human_camera = 139.1030m
t=2s, distance_human_camera = 139.1044 m
t=1s, distance_eagle_camera = 139.7035m
t=2s, distance_eagle_camera = 147.1583m"
simulation_0035,simulation,S3MC,24,SD,What is the speed of the eagle from the beginning to the end in m/s?,height of the person = 1.75m,"t=1s, distance_human_camera = 139.1030m
t=2s, distance_human_camera = 139.1044 m
t=1s, distance_eagle_camera = 139.7035m
t=2s, distance_eagle_camera = 147.1583m"
simulation_0035,simulation,S3MC,24,SS,What is the body length of the eagle in meters?,height of the person = 1.75m,"t=1s, distance_human_camera = 139.1030m
t=2s, distance_human_camera = 139.1044 m
t=1s, distance_eagle_camera = 139.7035m
t=2s, distance_eagle_camera = 147.1583m"
simulation_0036,simulation,S3MC,24,SS,What is the height of the boat in meters?,length of the boat = 10m,"t=1s, distance_boat_camera = 133.9572 m
t=2s, distance_boat_camera = 131.2557 m
t=1s, distance_human_camera = 139.1030m
t=2s, distance_human_camera = 139.1044 m"
simulation_0036,simulation,S3MC,24,SS,What is the height of the person in meters?,length of the boat = 10m,"t=1s, distance_boat_camera = 133.9572 m
t=2s, distance_boat_camera = 131.2557 m
t=1s, distance_human_camera = 139.1030m
t=2s, distance_human_camera = 139.1044 m"
simulation_0036,simulation,S3MC,24,SD,What is the speed of the boat from the beginning to the end in m/s?,length of the boat = 10m,"t=1s, distance_boat_camera = 133.9572 m
t=2s, distance_boat_camera = 131.2557 m
t=1s, distance_human_camera = 139.1030m
t=2s, distance_human_camera = 139.1044 m"
simulation_0036,simulation,S3MC,24,SD,What is the average speed of the person from the beginning to the end in m/s?,length of the boat = 10m,"t=1s, distance_boat_camera = 133.9572 m
t=2s, distance_boat_camera = 131.2557 m
t=1s, distance_human_camera = 139.1030m
t=2s, distance_human_camera = 139.1044 m"
simulation_0037,simulation,V3MS,24,DS,What is the height of the person in meters?,speed of the person = 1.3m/s,"t=1s, distance_human_camera = 122.8569 m
t=2s, distance_human_camera = 122.8588 m"
simulation_0039,simulation,V3MC,24,DD,What is the speed of the person at 1.0s in m/s?,speed of the boat = 4m/s,"t=1s, distance_boat_camera = 177.2077 m
t=2s, distance_boat_camera = 177.9993 m
t=1s, distance_human_camera = 182.9249 m
t=2s, distance_human_camera = 183.0167 m
t=1s, distance_eagle_camera = 179.2691 m
t=2s, distance_eagle_camera = 177.1009 m"
simulation_0039,simulation,V3MC,24,DS,What is the length of the boat in meters?,speed of the boat = 4m/s,"t=1s, distance_boat_camera = 177.2077 m
t=2s, distance_boat_camera = 177.9993 m
t=1s, distance_human_camera = 182.9249 m
t=2s, distance_human_camera = 183.0167 m
t=1s, distance_eagle_camera = 179.2691 m
t=2s, distance_eagle_camera = 177.1009 m"
simulation_0039,simulation,V3MC,24,DS,What is the width of the boat in meters?,speed of the boat = 4m/s,"t=1s, distance_boat_camera = 177.2077 m
t=2s, distance_boat_camera = 177.9993 m
t=1s, distance_human_camera = 182.9249 m
t=2s, distance_human_camera = 183.0167 m
t=1s, distance_eagle_camera = 179.2691 m
t=2s, distance_eagle_camera = 177.1009 m"
simulation_0039,simulation,V3MC,24,DS,What is the length of the eagle in meters?,speed of the boat = 4m/s,"t=1s, distance_boat_camera = 177.2077 m
t=2s, distance_boat_camera = 177.9993 m
t=1s, distance_human_camera = 182.9249 m
t=2s, distance_human_camera = 183.0167 m
t=1s, distance_eagle_camera = 179.2691 m
t=2s, distance_eagle_camera = 177.1009 m"
simulation_0039,simulation,V3MC,24,DS,What is the eagle’s wingspan (the distance from the tip of one wing to the tip of the other when fully spread) in meters?,speed of the boat = 4m/s,"t=1s, distance_boat_camera = 177.2077 m
t=2s, distance_boat_camera = 177.9993 m
t=1s, distance_human_camera = 182.9249 m
t=2s, distance_human_camera = 183.0167 m
t=1s, distance_eagle_camera = 179.2691 m
t=2s, distance_eagle_camera = 177.1009 m"
simulation_0039,simulation,V3MC,24,DD,What is the speed of the eagle at 1.0s in m/s?,speed of the boat = 4m/s,"t=1s, distance_boat_camera = 177.2077 m
t=2s, distance_boat_camera = 177.9993 m
t=1s, distance_human_camera = 182.9249 m
t=2s, distance_human_camera = 183.0167 m
t=1s, distance_eagle_camera = 179.2691 m
t=2s, distance_eagle_camera = 177.1009 m"
simulation_0040,simulation,S3MC,24,SS,What is the eagle’s wingspan (the distance from the tip of one wing to the tip of the other when fully spread) in meters?,length of the eagle = 0.8m,"t=1s, distance_human_camera = 182.9249 m
t=2s, distance_human_camera = 183.0167 m
t=1s, distance_eagle_camera = 179.2691 m
t=2s, distance_eagle_camera = 177.1009 m"
simulation_0040,simulation,S3MC,24,SD,What is the speed of the eagle at 1.0s in m/s?,length of the eagle = 0.8m,"t=1s, distance_human_camera = 182.9249 m
t=2s, distance_human_camera = 183.0167 m
t=1s, distance_eagle_camera = 179.2691 m
t=2s, distance_eagle_camera = 177.1009 m"
simulation_0040,simulation,S3MC,24,SD,What is the average of the person at 1.0s in m/s?,length of the eagle = 0.8m,"t=1s, distance_human_camera = 182.9249 m
t=2s, distance_human_camera = 183.0167 m
t=1s, distance_eagle_camera = 179.2691 m
t=2s, distance_eagle_camera = 177.1009 m"
simulation_0042,simulation,V3MC,24,DS,What is the length of the boat in meters?,speed of the eagle = 11.84m/s,"t=1s, distance_eagle_camera = 179.2691 m
t=2s, distance_eagle_camera = 177.1009 m
t=1s, distance_boat_camera = 177.2077 m
t=2s, distance_boat_camera = 177.9993 m"
simulation_0042,simulation,V3MC,24,DS,What is the width of the boat in meters?,speed of the eagle = 11.84m/s,"t=1s, distance_eagle_camera = 179.2691 m
t=2s, distance_eagle_camera = 177.1009 m
t=1s, distance_boat_camera = 177.2077 m
t=2s, distance_boat_camera = 177.9993 m"
simulation_0042,simulation,V3MC,24,DD,What is the speed of the boat at 1.0s in m/s?,speed of the eagle = 11.84m/s,"t=1s, distance_eagle_camera = 179.2691 m
t=2s, distance_eagle_camera = 177.1009 m
t=1s, distance_boat_camera = 177.2077 m
t=2s, distance_boat_camera = 177.9993 m"
simulation_0042,simulation,V3MC,24,DS,What is the length of the eagle in meters?,speed of the eagle = 11.84m/s,"t=1s, distance_eagle_camera = 179.2691 m
t=2s, distance_eagle_camera = 177.1009 m
t=1s, distance_boat_camera = 177.2077 m
t=2s, distance_boat_camera = 177.9993 m"
simulation_0042,simulation,V3MC,24,DS,What is the eagle’s wingspan (the distance from the tip of one wing to the tip of the other when fully spread) in meters?,speed of the eagle = 11.84m/s,"t=1s, distance_eagle_camera = 179.2691 m
t=2s, distance_eagle_camera = 177.1009 m
t=1s, distance_boat_camera = 177.2077 m
t=2s, distance_boat_camera = 177.9993 m"
simulation_0043,simulation,S3MC,24,SS,What is the width of the boat in meters?,length of the boat = 10m,"t=1s, distance_boat_camera = 173.7093 m
t=2s, distance_boat_camera = 174.5515 m"
simulation_0043,simulation,S3MC,24,SD,What is the speed of the boat at 1.0s in m/s?,length of the boat = 10m,"t=1s, distance_boat_camera = 173.7093 m
t=2s, distance_boat_camera = 174.5515 m"
simulation_0043,simulation,S3MC,24,SS,What is the width of the rock in meters?,length of the boat = 10m,"t=1s, distance_boat_camera = 173.7093 m
t=2s, distance_boat_camera = 174.5515 m"
simulation_0044,simulation,S3MC,24,SS,What is the width of the rock in meters?,length of the eagle = 0.8m,"t=1s, distance_eagle_camera = 175.3081m
t=2s, distance_eagle_camera = 172.9881m"
simulation_0044,simulation,S3MC,24,SD,What is the speed of the eagle at 1.0s in m/s?,length of the eagle = 0.8m,"t=1s, distance_eagle_camera = 175.3081m
t=2s, distance_eagle_camera = 172.9881m"
simulation_0044,simulation,S3MC,24,SS,What is the eagle’s wingspan (the distance from the tip of one wing to the tip of the other when fully spread) in meters?,length of the eagle = 0.8m,"t=1s, distance_eagle_camera = 175.3081m
t=2s, distance_eagle_camera = 172.9881m"
simulation_0045,simulation,V3MC,33,DD,What is the speed of the walking person from the beginning to the end in m/s?,speed of the bike = 4.87m/s,"t=1s, distance_bike_camera = 12.1238m
t=2s, distance_bike_camera = 16.9027m
t=1s, distance_human_camera = 17.1691m
t=2s, distance_human_camera = 18.3768m"
simulation_0045,simulation,V3MC,33,DS,What is the height of the walking person in meters?,speed of the bike = 4.87m/s,"t=1s, distance_bike_camera = 12.1238m
t=2s, distance_bike_camera = 16.9027m
t=1s, distance_human_camera = 17.1691m
t=2s, distance_human_camera = 18.3768m"
simulation_0045,simulation,V3MC,33,DS,What is the height of the telephone booth in meters?,speed of the bike = 4.87m/s,"t=1s, distance_bike_camera = 12.1238m
t=2s, distance_bike_camera = 16.9027m
t=1s, distance_human_camera = 17.1691m
t=2s, distance_human_camera = 18.3768m"
simulation_0045,simulation,V3MC,33,DS,What is the distance between the left pillar of the near door and the right pillar of the far door in meters?,speed of the bike = 4.87m/s,"t=1s, distance_bike_camera = 12.1238m
t=2s, distance_bike_camera = 16.9027m
t=1s, distance_human_camera = 17.1691m
t=2s, distance_human_camera = 18.3768m"
simulation_0045,simulation,V3MC,33,DS,"What is the height of the moving bicycle (from the handlebar to the ground, including below the wheel) in meters?",speed of the bike = 4.87m/s,"t=1s, distance_bike_camera = 12.1238m
t=2s, distance_bike_camera = 16.9027m
t=1s, distance_human_camera = 17.1691m
t=2s, distance_human_camera = 18.3768m"
simulation_0045,simulation,V3MC,33,DS,What is the length of the moving bicycle in meters?,speed of the bike = 4.87m/s,"t=1s, distance_bike_camera = 12.1238m
t=2s, distance_bike_camera = 16.9027m
t=1s, distance_human_camera = 17.1691m
t=2s, distance_human_camera = 18.3768m"
simulation_0045,simulation,V3MC,33,DS,What is the diameter of the wheel of the moving bicycle in meters?,speed of the bike = 4.87m/s,"t=1s, distance_bike_camera = 12.1238m
t=2s, distance_bike_camera = 16.9027m
t=1s, distance_human_camera = 17.1691m
t=2s, distance_human_camera = 18.3768m"
simulation_0045,simulation,V3MC,33,DS,What is the height of the first step in front of the door of the nearer house in meters?,speed of the bike = 4.87m/s,"t=1s, distance_bike_camera = 12.1238m
t=2s, distance_bike_camera = 16.9027m
t=1s, distance_human_camera = 17.1691m
t=2s, distance_human_camera = 18.3768m"
simulation_0046,simulation,S3MC,33,SD,What is the speed of the walking person at 1.0s in m/s?,diameter of the moving bicycle wheel = 0.65m,"t=1s, distance_bike_camera = 12.6215m
t=2s, distance_bike_camera = 13.2055m
t=1s, distance_human_camera = 14.7728m
t=2s, distance_human_camera = 15.1766m"
simulation_0046,simulation,S3MC,33,SS,What is the height of the walking person in meters?,diameter of the moving bicycle wheel = 0.65m,"t=1s, distance_bike_camera = 12.6215m
t=2s, distance_bike_camera = 13.2055m
t=1s, distance_human_camera = 14.7728m
t=2s, distance_human_camera = 15.1766m"
simulation_0046,simulation,S3MC,33,SS,What is the height of the telephone booth in meters?,diameter of the moving bicycle wheel = 0.65m,"t=1s, distance_bike_camera = 12.6215m
t=2s, distance_bike_camera = 13.2055m
t=1s, distance_human_camera = 14.7728m
t=2s, distance_human_camera = 15.1766m"
simulation_0046,simulation,S3MC,33,SS,What is the width of the telephone booth in meters?,diameter of the moving bicycle wheel = 0.65m,"t=1s, distance_bike_camera = 12.6215m
t=2s, distance_bike_camera = 13.2055m
t=1s, distance_human_camera = 14.7728m
t=2s, distance_human_camera = 15.1766m"
simulation_0046,simulation,S3MC,33,SS,What is the distance between the left pillar of the near door and the right pillar of the far door in meters?,diameter of the moving bicycle wheel = 0.65m,"t=1s, distance_bike_camera = 12.6215m
t=2s, distance_bike_camera = 13.2055m
t=1s, distance_human_camera = 14.7728m
t=2s, distance_human_camera = 15.1766m"
simulation_0046,simulation,S3MC,33,SS,"What is the height of the moving bicycle (from the handlebar to the ground, including below the wheel) in meters?",diameter of the moving bicycle wheel = 0.65m,"t=1s, distance_bike_camera = 12.6215m
t=2s, distance_bike_camera = 13.2055m
t=1s, distance_human_camera = 14.7728m
t=2s, distance_human_camera = 15.1766m"
simulation_0046,simulation,S3MC,33,SS,What is the length of the moving bicycle in meters?,diameter of the moving bicycle wheel = 0.65m,"t=1s, distance_bike_camera = 12.6215m
t=2s, distance_bike_camera = 13.2055m
t=1s, distance_human_camera = 14.7728m
t=2s, distance_human_camera = 15.1766m"
simulation_0046,simulation,S3MC,33,SS,What is the height of the first step in front of the door of the nearer house in meters?,diameter of the moving bicycle wheel = 0.65m,"t=1s, distance_bike_camera = 12.6215m
t=2s, distance_bike_camera = 13.2055m
t=1s, distance_human_camera = 14.7728m
t=2s, distance_human_camera = 15.1766m"
simulation_0046,simulation,S3MC,33,SD,What is the speed of the moving bicycle from 1.0s to 2.0s in m/s?,diameter of the moving bicycle wheel = 0.65m,"t=1s, distance_bike_camera = 12.6215m
t=2s, distance_bike_camera = 13.2055m
t=1s, distance_human_camera = 14.7728m
t=2s, distance_human_camera = 15.1766m"
simulation_0048,simulation,S3MC,33,SD,What is the speed of the walking person at 1.0s in m/s?,height of the walking person = 1.8m,"t=1s, distance_bike_camera = 16.4919m
t=2s, distance_bike_camera = 11.9277m
t=1s, distance_human_camera = 11.9259m
t=2s, distance_human_camera = 10.8165m"
simulation_0048,simulation,S3MC,33,SS,What is the width of the telephone booth in meters?,height of the walking person = 1.8m,"t=1s, distance_bike_camera = 16.4919m
t=2s, distance_bike_camera = 11.9277m
t=1s, distance_human_camera = 11.9259m
t=2s, distance_human_camera = 10.8165m"
simulation_0048,simulation,S3MC,33,SS,What is the distance between the left pillar of the near door and the right pillar of the far door in meters?,height of the walking person = 1.8m,"t=1s, distance_bike_camera = 16.4919m
t=2s, distance_bike_camera = 11.9277m
t=1s, distance_human_camera = 11.9259m
t=2s, distance_human_camera = 10.8165m"
simulation_0048,simulation,S3MC,33,SS,"What is the height of the moving bicycle (from the handlebar to the ground, including below the wheel) in meters?",height of the walking person = 1.8m,"t=1s, distance_bike_camera = 16.4919m
t=2s, distance_bike_camera = 11.9277m
t=1s, distance_human_camera = 11.9259m
t=2s, distance_human_camera = 10.8165m"
simulation_0048,simulation,S3MC,33,SD,What is the speed of the moving bicycle at 1.0s in m/s?,height of the walking person = 1.8m,"t=1s, distance_bike_camera = 16.4919m
t=2s, distance_bike_camera = 11.9277m
t=1s, distance_human_camera = 11.9259m
t=2s, distance_human_camera = 10.8165m"
simulation_0048,simulation,S3MC,33,SS,What is the diameter of the wheel of the moving bicycle in meters?,height of the walking person = 1.8m,"t=1s, distance_bike_camera = 16.4919m
t=2s, distance_bike_camera = 11.9277m
t=1s, distance_human_camera = 11.9259m
t=2s, distance_human_camera = 10.8165m"
simulation_0049,simulation,V3MC,33,DD,What is the speed of the walking person from 1.0s to 2.0s in m/s?,speed of the bike = 4.87m/s,"t=1s, distance_bike_camera = 14.1134 m
t=2s, distance_bike_camera = 18.9543 m
t=1s, distance_human_camera = 19.0411 m
t=2s, distance_human_camera = 20.2710 m"
simulation_0049,simulation,V3MC,33,DS,What is the height of the walking person in meters?,speed of the bike = 4.87m/s,"t=1s, distance_bike_camera = 14.1134 m
t=2s, distance_bike_camera = 18.9543 m
t=1s, distance_human_camera = 19.0411 m
t=2s, distance_human_camera = 20.2710 m"
simulation_0049,simulation,V3MC,33,DS,What is the height of the telephone booth in meters?,speed of the bike = 4.87m/s,"t=1s, distance_bike_camera = 14.1134 m
t=2s, distance_bike_camera = 18.9543 m
t=1s, distance_human_camera = 19.0411 m
t=2s, distance_human_camera = 20.2710 m"
simulation_0049,simulation,V3MC,33,DS,What is the distance between the left pillar of the near door and the right pillar of the far door in meters?,speed of the bike = 4.87m/s,"t=1s, distance_bike_camera = 14.1134 m
t=2s, distance_bike_camera = 18.9543 m
t=1s, distance_human_camera = 19.0411 m
t=2s, distance_human_camera = 20.2710 m"
simulation_0049,simulation,V3MC,33,DS,What is the diameter of the wheel of the moving bicycle in meters?,speed of the bike = 4.87m/s,"t=1s, distance_bike_camera = 14.1134 m
t=2s, distance_bike_camera = 18.9543 m
t=1s, distance_human_camera = 19.0411 m
t=2s, distance_human_camera = 20.2710 m"
simulation_0050,simulation,V3MC,33,DS,What is the height of the walking person in meters?,speed of the walking person = 1.236m/s,"t=1s, distance_bike_camera = 11.8960 m
t=2s, distance_bike_camera = 14.6419 m
t=1s, distance_human_camera = 15.8652 m
t=2s, distance_human_camera = 16.6708 m"
simulation_0050,simulation,V3MC,33,DS,What is the height of the telephone booth in meters?,speed of the walking person = 1.236m/s,"t=1s, distance_bike_camera = 11.8960 m
t=2s, distance_bike_camera = 14.6419 m
t=1s, distance_human_camera = 15.8652 m
t=2s, distance_human_camera = 16.6708 m"
simulation_0050,simulation,V3MC,33,DS,What is the width of the telephone booth in meters?,speed of the walking person = 1.236m/s,"t=1s, distance_bike_camera = 11.8960 m
t=2s, distance_bike_camera = 14.6419 m
t=1s, distance_human_camera = 15.8652 m
t=2s, distance_human_camera = 16.6708 m"
simulation_0050,simulation,V3MC,33,DS,What is the distance between the left pillar of the near door and the right pillar of the far door in meters?,speed of the walking person = 1.236m/s,"t=1s, distance_bike_camera = 11.8960 m
t=2s, distance_bike_camera = 14.6419 m
t=1s, distance_human_camera = 15.8652 m
t=2s, distance_human_camera = 16.6708 m"
simulation_0050,simulation,V3MC,33,DS,What is the length of the moving bicycle in meters?,speed of the walking person = 1.236m/s,"t=1s, distance_bike_camera = 11.8960 m
t=2s, distance_bike_camera = 14.6419 m
t=1s, distance_human_camera = 15.8652 m
t=2s, distance_human_camera = 16.6708 m"
simulation_0050,simulation,V3MC,33,DD,What is the average speed of the moving bicycle from 1.0s to 2.0s in m/s?,speed of the walking person = 1.236m/s,"t=1s, distance_bike_camera = 11.8960 m
t=2s, distance_bike_camera = 14.6419 m
t=1s, distance_human_camera = 15.8652 m
t=2s, distance_human_camera = 16.6708 m"
simulation_0050,simulation,V3MC,33,DS,"What is the height of the moving bicycle (from the handlebar to the ground, including below the wheel) in meters?",speed of the walking person = 1.236m/s,"t=1s, distance_bike_camera = 11.8960 m
t=2s, distance_bike_camera = 14.6419 m
t=1s, distance_human_camera = 15.8652 m
t=2s, distance_human_camera = 16.6708 m"
simulation_0050,simulation,V3MC,33,DS,What is the diameter of the wheel of the moving bicycle in meters?,speed of the walking person = 1.236m/s,"t=1s, distance_bike_camera = 11.8960 m
t=2s, distance_bike_camera = 14.6419 m
t=1s, distance_human_camera = 15.8652 m
t=2s, distance_human_camera = 16.6708 m"
simulation_0050,simulation,V3MC,33,DS,What is the height of the first step in front of the door of the nearer house in meters?,speed of the walking person = 1.236m/s,"t=1s, distance_bike_camera = 11.8960 m
t=2s, distance_bike_camera = 14.6419 m
t=1s, distance_human_camera = 15.8652 m
t=2s, distance_human_camera = 16.6708 m"
simulation_0052,simulation,A3MC,30,DS,What is the height of the fire hydrant in meters?,acceleration of the orange car = -2.86m/s^2,"t=0s, distance_orange_car_camera = 17.260m
t=1s, distance_orange_car_camera = 15.436m
t=1s, distance_green_car_camera = 10.250m
t=2s, distance_green_car_camera = 12.768m
distance_fire_hydrant_camera = 17.737m
distance_right_streetlight_camera = 17.594m
distance_left_streetlight_camera = 17.706m"
simulation_0052,simulation,A3MC,30,DS,What is the height of the streetlight in meters?,acceleration of the orange car = -2.86m/s^2,"t=0s, distance_orange_car_camera = 17.260m
t=1s, distance_orange_car_camera = 15.436m
t=1s, distance_green_car_camera = 10.250m
t=2s, distance_green_car_camera = 12.768m
distance_fire_hydrant_camera = 17.737m
distance_right_streetlight_camera = 17.594m
distance_left_streetlight_camera = 17.706m"
simulation_0052,simulation,A3MC,30,DD,What is the speed of the green car at 1.0s in m/s?,acceleration of the orange car = -2.86m/s^2,"t=0s, distance_orange_car_camera = 17.260m
t=1s, distance_orange_car_camera = 15.436m
t=1s, distance_green_car_camera = 10.250m
t=2s, distance_green_car_camera = 12.768m
distance_fire_hydrant_camera = 17.737m
distance_right_streetlight_camera = 17.594m
distance_left_streetlight_camera = 17.706m"
simulation_0052,simulation,A3MC,30,DS,What is the length of the orange car in meters?,acceleration of the orange car = -2.86m/s^2,"t=0s, distance_orange_car_camera = 17.260m
t=1s, distance_orange_car_camera = 15.436m
t=1s, distance_green_car_camera = 10.250m
t=2s, distance_green_car_camera = 12.768m
distance_fire_hydrant_camera = 17.737m
distance_right_streetlight_camera = 17.594m
distance_left_streetlight_camera = 17.706m"
simulation_0052,simulation,A3MC,30,DS,What is the height of the orange car in meters?,acceleration of the orange car = -2.86m/s^2,"t=0s, distance_orange_car_camera = 17.260m
t=1s, distance_orange_car_camera = 15.436m
t=1s, distance_green_car_camera = 10.250m
t=2s, distance_green_car_camera = 12.768m
distance_fire_hydrant_camera = 17.737m
distance_right_streetlight_camera = 17.594m
distance_left_streetlight_camera = 17.706m"
simulation_0052,simulation,A3MC,30,DS,What is the height of the curb along the road in meters?,acceleration of the orange car = -2.86m/s^2,"t=0s, distance_orange_car_camera = 17.260m
t=1s, distance_orange_car_camera = 15.436m
t=1s, distance_green_car_camera = 10.250m
t=2s, distance_green_car_camera = 12.768m
distance_fire_hydrant_camera = 17.737m
distance_right_streetlight_camera = 17.594m
distance_left_streetlight_camera = 17.706m"
simulation_0052,simulation,A3MC,30,DS,What is the height of the green car in meters?,acceleration of the orange car = -2.86m/s^2,"t=0s, distance_orange_car_camera = 17.260m
t=1s, distance_orange_car_camera = 15.436m
t=1s, distance_green_car_camera = 10.250m
t=2s, distance_green_car_camera = 12.768m
distance_fire_hydrant_camera = 17.737m
distance_right_streetlight_camera = 17.594m
distance_left_streetlight_camera = 17.706m"
simulation_0052,simulation,A3MC,30,DS,What is the length of the green car in meters?,acceleration of the orange car = -2.86m/s^2,"t=0s, distance_orange_car_camera = 17.260m
t=1s, distance_orange_car_camera = 15.436m
t=1s, distance_green_car_camera = 10.250m
t=2s, distance_green_car_camera = 12.768m
distance_fire_hydrant_camera = 17.737m
distance_right_streetlight_camera = 17.594m
distance_left_streetlight_camera = 17.706m"
simulation_0052,simulation,A3MC,30,DS,What is the distance between the right streetlight and the left streetlight in meters?,acceleration of the orange car = -2.86m/s^2,"t=0s, distance_orange_car_camera = 17.260m
t=1s, distance_orange_car_camera = 15.436m
t=1s, distance_green_car_camera = 10.250m
t=2s, distance_green_car_camera = 12.768m
distance_fire_hydrant_camera = 17.737m
distance_right_streetlight_camera = 17.594m
distance_left_streetlight_camera = 17.706m"
simulation_0055,simulation,A3MC,30,DS,What is the height of the fire hydrant in meters?,acceleration of the orange car = -2.86m/s^2,"t=0s, distance_orange_car_camera = 16.059m
t=1s, distance_orange_car_camera = 11.671m
t=0s, distance_human_camera = 8.313m
t=1s, distance_human_camera = 8.189m
distance_fire_hydrant_camera = 9.207m
distance_streetlight_camera = 8.901m"
simulation_0055,simulation,A3MC,30,DS,What is the height of the streetlight in meters?,acceleration of the orange car = -2.86m/s^2,"t=0s, distance_orange_car_camera = 16.059m
t=1s, distance_orange_car_camera = 11.671m
t=0s, distance_human_camera = 8.313m
t=1s, distance_human_camera = 8.189m
distance_fire_hydrant_camera = 9.207m
distance_streetlight_camera = 8.901m"
simulation_0055,simulation,A3MC,30,DS,What is the length of the orange car in meters?,acceleration of the orange car = -2.86m/s^2,"t=0s, distance_orange_car_camera = 16.059m
t=1s, distance_orange_car_camera = 11.671m
t=0s, distance_human_camera = 8.313m
t=1s, distance_human_camera = 8.189m
distance_fire_hydrant_camera = 9.207m
distance_streetlight_camera = 8.901m"
simulation_0055,simulation,A3MC,30,DS,What is the height of the orange car in meters?,acceleration of the orange car = -2.86m/s^2,"t=0s, distance_orange_car_camera = 16.059m
t=1s, distance_orange_car_camera = 11.671m
t=0s, distance_human_camera = 8.313m
t=1s, distance_human_camera = 8.189m
distance_fire_hydrant_camera = 9.207m
distance_streetlight_camera = 8.901m"
simulation_0055,simulation,A3MC,30,DS,What is the height of the curb along the road in meters?,acceleration of the orange car = -2.86m/s^2,"t=0s, distance_orange_car_camera = 16.059m
t=1s, distance_orange_car_camera = 11.671m
t=0s, distance_human_camera = 8.313m
t=1s, distance_human_camera = 8.189m
distance_fire_hydrant_camera = 9.207m
distance_streetlight_camera = 8.901m"
simulation_0055,simulation,A3MC,30,DD,What is the average walking speed of the person from 1.0s to 2.0s in m/s?,acceleration of the orange car = -2.86m/s^2,"t=0s, distance_orange_car_camera = 16.059m
t=1s, distance_orange_car_camera = 11.671m
t=0s, distance_human_camera = 8.313m
t=1s, distance_human_camera = 8.189m
distance_fire_hydrant_camera = 9.207m
distance_streetlight_camera = 8.901m"
simulation_0055,simulation,A3MC,30,DS,What is the height of the person in meters?,acceleration of the orange car = -2.86m/s^2,"t=0s, distance_orange_car_camera = 16.059m
t=1s, distance_orange_car_camera = 11.671m
t=0s, distance_human_camera = 8.313m
t=1s, distance_human_camera = 8.189m
distance_fire_hydrant_camera = 9.207m
distance_streetlight_camera = 8.901m"
simulation_0056,simulation,A3MC,30,DS,What is the height of the fire hydrant in meters?,acceleration of the orange car = -2.86m/s^2,"t=0s, distance_orange_car_camera = 19.377m
t=1s, distance_orange_car_camera = 11.858m
t=0s, distance_green_car_camera = 28.684m
t=1s, distance_green_car_camera = 17.388m
t=0s, distance_human_camera = 4.786m
t=1s, distance_human_camera = 5.159m
distance_fire_hydrant_camera = 4.721m
distance_near_streetlight_camera = 5.201m
distance_far_streetlight_camera =13.174m"
simulation_0056,simulation,A3MC,30,DS,What is the height of the streetlight in meters?,acceleration of the orange car = -2.86m/s^2,"t=0s, distance_orange_car_camera = 19.377m
t=1s, distance_orange_car_camera = 11.858m
t=0s, distance_green_car_camera = 28.684m
t=1s, distance_green_car_camera = 17.388m
t=0s, distance_human_camera = 4.786m
t=1s, distance_human_camera = 5.159m
distance_fire_hydrant_camera = 4.721m
distance_near_streetlight_camera = 5.201m
distance_far_streetlight_camera =13.174m"
simulation_0056,simulation,A3MC,30,DD,What is the average speed of the green car from 0.0s to 1.0s in m/s?,acceleration of the orange car = -2.86m/s^2,"t=0s, distance_orange_car_camera = 19.377m
t=1s, distance_orange_car_camera = 11.858m
t=0s, distance_green_car_camera = 28.684m
t=1s, distance_green_car_camera = 17.388m
t=0s, distance_human_camera = 4.786m
t=1s, distance_human_camera = 5.159m
distance_fire_hydrant_camera = 4.721m
distance_near_streetlight_camera = 5.201m
distance_far_streetlight_camera =13.174m"
simulation_0056,simulation,A3MC,30,DS,What is the width of the orange car in meters?,acceleration of the orange car = -2.86m/s^2,"t=0s, distance_orange_car_camera = 19.377m
t=1s, distance_orange_car_camera = 11.858m
t=0s, distance_green_car_camera = 28.684m
t=1s, distance_green_car_camera = 17.388m
t=0s, distance_human_camera = 4.786m
t=1s, distance_human_camera = 5.159m
distance_fire_hydrant_camera = 4.721m
distance_near_streetlight_camera = 5.201m
distance_far_streetlight_camera =13.174m"
simulation_0056,simulation,A3MC,30,DS,What is the width of the green car in meters?,acceleration of the orange car = -2.86m/s^2,"t=0s, distance_orange_car_camera = 19.377m
t=1s, distance_orange_car_camera = 11.858m
t=0s, distance_green_car_camera = 28.684m
t=1s, distance_green_car_camera = 17.388m
t=0s, distance_human_camera = 4.786m
t=1s, distance_human_camera = 5.159m
distance_fire_hydrant_camera = 4.721m
distance_near_streetlight_camera = 5.201m
distance_far_streetlight_camera =13.174m"
simulation_0056,simulation,A3MC,30,DS,What is the distance between the right streetlight and the left streetlight in meters?,acceleration of the orange car = -2.86m/s^2,"t=0s, distance_orange_car_camera = 19.377m
t=1s, distance_orange_car_camera = 11.858m
t=0s, distance_green_car_camera = 28.684m
t=1s, distance_green_car_camera = 17.388m
t=0s, distance_human_camera = 4.786m
t=1s, distance_human_camera = 5.159m
distance_fire_hydrant_camera = 4.721m
distance_near_streetlight_camera = 5.201m
distance_far_streetlight_camera =13.174m"
simulation_0058,simulation,A3MC,24,DD,What is the speed of the yellow car at 2.5s in m/s?,acceleration of the white car = 4m/s^2,"t=0.58s, distance_human_camera = 18.7297m
t=1.58s, distance_human_camera = 17.6974m
t=0.58s, distance_yellow_car_camera = 25.7041m
t=1.58s, distance_yellow_car_camera = 22.2916m
t=0.58s, distance_white_car_camera = 31.0700m
t=1.58s, distance_white_car_camera = 29.9182m
t=0.58s, distance_bike_camera = 27.8122m
t=1.58s, distance_bike_camera = 27.1221m"
simulation_0058,simulation,A3MC,24,DS,What is the width of the lane in meters?,acceleration of the white car = 4m/s^2,"t=0.58s, distance_human_camera = 18.7297m
t=1.58s, distance_human_camera = 17.6974m
t=0.58s, distance_yellow_car_camera = 25.7041m
t=1.58s, distance_yellow_car_camera = 22.2916m
t=0.58s, distance_white_car_camera = 31.0700m
t=1.58s, distance_white_car_camera = 29.9182m
t=0.58s, distance_bike_camera = 27.8122m
t=1.58s, distance_bike_camera = 27.1221m"
simulation_0058,simulation,A3MC,24,DS,What is the length of the white car in meters?,acceleration of the white car = 4m/s^2,"t=0.58s, distance_human_camera = 18.7297m
t=1.58s, distance_human_camera = 17.6974m
t=0.58s, distance_yellow_car_camera = 25.7041m
t=1.58s, distance_yellow_car_camera = 22.2916m
t=0.58s, distance_white_car_camera = 31.0700m
t=1.58s, distance_white_car_camera = 29.9182m
t=0.58s, distance_bike_camera = 27.8122m
t=1.58s, distance_bike_camera = 27.1221m"
simulation_0058,simulation,A3MC,24,DS,What is the length of the turning yellow car in meters?,acceleration of the white car = 4m/s^2,"t=0.58s, distance_human_camera = 18.7297m
t=1.58s, distance_human_camera = 17.6974m
t=0.58s, distance_yellow_car_camera = 25.7041m
t=1.58s, distance_yellow_car_camera = 22.2916m
t=0.58s, distance_white_car_camera = 31.0700m
t=1.58s, distance_white_car_camera = 29.9182m
t=0.58s, distance_bike_camera = 27.8122m
t=1.58s, distance_bike_camera = 27.1221m"
simulation_0058,simulation,A3MC,24,DS,What is the height of the turning yellow car in meters?,acceleration of the white car = 4m/s^2,"t=0.58s, distance_human_camera = 18.7297m
t=1.58s, distance_human_camera = 17.6974m
t=0.58s, distance_yellow_car_camera = 25.7041m
t=1.58s, distance_yellow_car_camera = 22.2916m
t=0.58s, distance_white_car_camera = 31.0700m
t=1.58s, distance_white_car_camera = 29.9182m
t=0.58s, distance_bike_camera = 27.8122m
t=1.58s, distance_bike_camera = 27.1221m"
simulation_0058,simulation,A3MC,24,DS,What is the diameter of the bicycle wheel in meters?,acceleration of the white car = 4m/s^2,"t=0.58s, distance_human_camera = 18.7297m
t=1.58s, distance_human_camera = 17.6974m
t=0.58s, distance_yellow_car_camera = 25.7041m
t=1.58s, distance_yellow_car_camera = 22.2916m
t=0.58s, distance_white_car_camera = 31.0700m
t=1.58s, distance_white_car_camera = 29.9182m
t=0.58s, distance_bike_camera = 27.8122m
t=1.58s, distance_bike_camera = 27.1221m"
simulation_0058,simulation,A3MC,24,DS,What is the height of the streetlight in meters?,acceleration of the white car = 4m/s^2,"t=0.58s, distance_human_camera = 18.7297m
t=1.58s, distance_human_camera = 17.6974m
t=0.58s, distance_yellow_car_camera = 25.7041m
t=1.58s, distance_yellow_car_camera = 22.2916m
t=0.58s, distance_white_car_camera = 31.0700m
t=1.58s, distance_white_car_camera = 29.9182m
t=0.58s, distance_bike_camera = 27.8122m
t=1.58s, distance_bike_camera = 27.1221m"
simulation_0058,simulation,A3MC,24,DD,What is the speed of the walking pedestrian from 0.0s to 1.0s in m/s?,acceleration of the white car = 4m/s^2,"t=0.58s, distance_human_camera = 18.7297m
t=1.58s, distance_human_camera = 17.6974m
t=0.58s, distance_yellow_car_camera = 25.7041m
t=1.58s, distance_yellow_car_camera = 22.2916m
t=0.58s, distance_white_car_camera = 31.0700m
t=1.58s, distance_white_car_camera = 29.9182m
t=0.58s, distance_bike_camera = 27.8122m
t=1.58s, distance_bike_camera = 27.1221m"
simulation_0058,simulation,A3MC,24,DS,What is the height of the walking pedestrian in meters?,acceleration of the white car = 4m/s^2,"t=0.58s, distance_human_camera = 18.7297m
t=1.58s, distance_human_camera = 17.6974m
t=0.58s, distance_yellow_car_camera = 25.7041m
t=1.58s, distance_yellow_car_camera = 22.2916m
t=0.58s, distance_white_car_camera = 31.0700m
t=1.58s, distance_white_car_camera = 29.9182m
t=0.58s, distance_bike_camera = 27.8122m
t=1.58s, distance_bike_camera = 27.1221m"
simulation_0058,simulation,A3MC,24,DD,What is the speed of the bicycle from the beginning to the end in m/s?,acceleration of the white car = 4m/s^2,"t=0.58s, distance_human_camera = 18.7297m
t=1.58s, distance_human_camera = 17.6974m
t=0.58s, distance_yellow_car_camera = 25.7041m
t=1.58s, distance_yellow_car_camera = 22.2916m
t=0.58s, distance_white_car_camera = 31.0700m
t=1.58s, distance_white_car_camera = 29.9182m
t=0.58s, distance_bike_camera = 27.8122m
t=1.58s, distance_bike_camera = 27.1221m"
simulation_0058,simulation,A3MC,24,DS,What is the width of the green car in meters?,acceleration of the white car = 4m/s^2,"t=0.58s, distance_human_camera = 18.7297m
t=1.58s, distance_human_camera = 17.6974m
t=0.58s, distance_yellow_car_camera = 25.7041m
t=1.58s, distance_yellow_car_camera = 22.2916m
t=0.58s, distance_white_car_camera = 31.0700m
t=1.58s, distance_white_car_camera = 29.9182m
t=0.58s, distance_bike_camera = 27.8122m
t=1.58s, distance_bike_camera = 27.1221m"
simulation_0058,simulation,A3MC,24,DS,What is the width of the purple car in meters?,acceleration of the white car = 4m/s^2,"t=0.58s, distance_human_camera = 18.7297m
t=1.58s, distance_human_camera = 17.6974m
t=0.58s, distance_yellow_car_camera = 25.7041m
t=1.58s, distance_yellow_car_camera = 22.2916m
t=0.58s, distance_white_car_camera = 31.0700m
t=1.58s, distance_white_car_camera = 29.9182m
t=0.58s, distance_bike_camera = 27.8122m
t=1.58s, distance_bike_camera = 27.1221m"
simulation_0059,simulation,A3MC,24,DD,What is the speed of the yellow car at 2.5s in m/s?,acceleration of the white car = 4m/s^2,"t=0.58s, distance_human_camera = 30.9678m
t=1.58s, distance_human_camera = 29.8174m
t=0.58s, distance_yellow_car_camera = 38.5961m
t=1.58s, distance_yellow_car_camera = 35.3917m
t=0.58s, distance_white_car_camera = 43.8120m
t=1.58s, distance_white_car_camera = 43.0028m
t=0.58s, distance_bike_camera = 40.8706m
t=1.58s, distance_bike_camera = 40.4042m"
simulation_0059,simulation,A3MC,24,DS,What is the width of the lane in meters?,acceleration of the white car = 4m/s^2,"t=0.58s, distance_human_camera = 30.9678m
t=1.58s, distance_human_camera = 29.8174m
t=0.58s, distance_yellow_car_camera = 38.5961m
t=1.58s, distance_yellow_car_camera = 35.3917m
t=0.58s, distance_white_car_camera = 43.8120m
t=1.58s, distance_white_car_camera = 43.0028m
t=0.58s, distance_bike_camera = 40.8706m
t=1.58s, distance_bike_camera = 40.4042m"
simulation_0059,simulation,A3MC,24,DS,What is the length of the white car in meters?,acceleration of the white car = 4m/s^2,"t=0.58s, distance_human_camera = 30.9678m
t=1.58s, distance_human_camera = 29.8174m
t=0.58s, distance_yellow_car_camera = 38.5961m
t=1.58s, distance_yellow_car_camera = 35.3917m
t=0.58s, distance_white_car_camera = 43.8120m
t=1.58s, distance_white_car_camera = 43.0028m
t=0.58s, distance_bike_camera = 40.8706m
t=1.58s, distance_bike_camera = 40.4042m"
simulation_0059,simulation,A3MC,24,DS,What is the length of the turning yellow car in meters?,acceleration of the white car = 4m/s^2,"t=0.58s, distance_human_camera = 30.9678m
t=1.58s, distance_human_camera = 29.8174m
t=0.58s, distance_yellow_car_camera = 38.5961m
t=1.58s, distance_yellow_car_camera = 35.3917m
t=0.58s, distance_white_car_camera = 43.8120m
t=1.58s, distance_white_car_camera = 43.0028m
t=0.58s, distance_bike_camera = 40.8706m
t=1.58s, distance_bike_camera = 40.4042m"
simulation_0059,simulation,A3MC,24,DS,What is the height of the turning yellow car in meters?,acceleration of the white car = 4m/s^2,"t=0.58s, distance_human_camera = 30.9678m
t=1.58s, distance_human_camera = 29.8174m
t=0.58s, distance_yellow_car_camera = 38.5961m
t=1.58s, distance_yellow_car_camera = 35.3917m
t=0.58s, distance_white_car_camera = 43.8120m
t=1.58s, distance_white_car_camera = 43.0028m
t=0.58s, distance_bike_camera = 40.8706m
t=1.58s, distance_bike_camera = 40.4042m"
simulation_0059,simulation,A3MC,24,DS,What is the diameter of the bicycle wheel in meters?,acceleration of the white car = 4m/s^2,"t=0.58s, distance_human_camera = 30.9678m
t=1.58s, distance_human_camera = 29.8174m
t=0.58s, distance_yellow_car_camera = 38.5961m
t=1.58s, distance_yellow_car_camera = 35.3917m
t=0.58s, distance_white_car_camera = 43.8120m
t=1.58s, distance_white_car_camera = 43.0028m
t=0.58s, distance_bike_camera = 40.8706m
t=1.58s, distance_bike_camera = 40.4042m"
simulation_0059,simulation,A3MC,24,DS,What is the height of the traffic light in meters?,acceleration of the white car = 4m/s^2,"t=0.58s, distance_human_camera = 30.9678m
t=1.58s, distance_human_camera = 29.8174m
t=0.58s, distance_yellow_car_camera = 38.5961m
t=1.58s, distance_yellow_car_camera = 35.3917m
t=0.58s, distance_white_car_camera = 43.8120m
t=1.58s, distance_white_car_camera = 43.0028m
t=0.58s, distance_bike_camera = 40.8706m
t=1.58s, distance_bike_camera = 40.4042m"
simulation_0059,simulation,A3MC,24,DS,What is the height of the streetlight in meters?,acceleration of the white car = 4m/s^2,"t=0.58s, distance_human_camera = 30.9678m
t=1.58s, distance_human_camera = 29.8174m
t=0.58s, distance_yellow_car_camera = 38.5961m
t=1.58s, distance_yellow_car_camera = 35.3917m
t=0.58s, distance_white_car_camera = 43.8120m
t=1.58s, distance_white_car_camera = 43.0028m
t=0.58s, distance_bike_camera = 40.8706m
t=1.58s, distance_bike_camera = 40.4042m"
simulation_0059,simulation,A3MC,24,DD,What is the speed of the walking pedestrian from the beginning to the end in m/s?,acceleration of the white car = 4m/s^2,"t=0.58s, distance_human_camera = 30.9678m
t=1.58s, distance_human_camera = 29.8174m
t=0.58s, distance_yellow_car_camera = 38.5961m
t=1.58s, distance_yellow_car_camera = 35.3917m
t=0.58s, distance_white_car_camera = 43.8120m
t=1.58s, distance_white_car_camera = 43.0028m
t=0.58s, distance_bike_camera = 40.8706m
t=1.58s, distance_bike_camera = 40.4042m"
simulation_0059,simulation,A3MC,24,DS,What is the height of the walking pedestrian in meters?,acceleration of the white car = 4m/s^2,"t=0.58s, distance_human_camera = 30.9678m
t=1.58s, distance_human_camera = 29.8174m
t=0.58s, distance_yellow_car_camera = 38.5961m
t=1.58s, distance_yellow_car_camera = 35.3917m
t=0.58s, distance_white_car_camera = 43.8120m
t=1.58s, distance_white_car_camera = 43.0028m
t=0.58s, distance_bike_camera = 40.8706m
t=1.58s, distance_bike_camera = 40.4042m"
simulation_0059,simulation,A3MC,24,DD,What is the speed of the bicycle from the beginning to the end in m/s?,acceleration of the white car = 4m/s^2,"t=0.58s, distance_human_camera = 30.9678m
t=1.58s, distance_human_camera = 29.8174m
t=0.58s, distance_yellow_car_camera = 38.5961m
t=1.58s, distance_yellow_car_camera = 35.3917m
t=0.58s, distance_white_car_camera = 43.8120m
t=1.58s, distance_white_car_camera = 43.0028m
t=0.58s, distance_bike_camera = 40.8706m
t=1.58s, distance_bike_camera = 40.4042m"
simulation_0059,simulation,A3MC,24,DS,What is the width of the green car in meters?,acceleration of the white car = 4m/s^2,"t=0.58s, distance_human_camera = 30.9678m
t=1.58s, distance_human_camera = 29.8174m
t=0.58s, distance_yellow_car_camera = 38.5961m
t=1.58s, distance_yellow_car_camera = 35.3917m
t=0.58s, distance_white_car_camera = 43.8120m
t=1.58s, distance_white_car_camera = 43.0028m
t=0.58s, distance_bike_camera = 40.8706m
t=1.58s, distance_bike_camera = 40.4042m"
simulation_0059,simulation,A3MC,24,DS,What is the width of the purple car in meters?,acceleration of the white car = 4m/s^2,"t=0.58s, distance_human_camera = 30.9678m
t=1.58s, distance_human_camera = 29.8174m
t=0.58s, distance_yellow_car_camera = 38.5961m
t=1.58s, distance_yellow_car_camera = 35.3917m
t=0.58s, distance_white_car_camera = 43.8120m
t=1.58s, distance_white_car_camera = 43.0028m
t=0.58s, distance_bike_camera = 40.8706m
t=1.58s, distance_bike_camera = 40.4042m"
simulation_0060,simulation,A3MC,24,DD,What is the speed of the yellow car at 2.5s in m/s?,acceleration of the white car = 4m/s^2,"t=0.58s, distance_human_camera = 34.4785m
t=1.58s, distance_human_camera = 35.6486m
t=0.58s, distance_yellow_car_camera = 26.2275m
t=1.58s, distance_yellow_car_camera = 28.4240m
t=0.58s, distance_white_car_camera = 22.7254m
t=1.58s, distance_white_car_camera = 21.5370m
t=0.58s, distance_bike_camera = 23.5534m
t=1.58s, distance_bike_camera = 23.2262m"
simulation_0060,simulation,A3MC,24,DS,What is the width of the lane in meters?,acceleration of the white car = 4m/s^2,"t=0.58s, distance_human_camera = 34.4785m
t=1.58s, distance_human_camera = 35.6486m
t=0.58s, distance_yellow_car_camera = 26.2275m
t=1.58s, distance_yellow_car_camera = 28.4240m
t=0.58s, distance_white_car_camera = 22.7254m
t=1.58s, distance_white_car_camera = 21.5370m
t=0.58s, distance_bike_camera = 23.5534m
t=1.58s, distance_bike_camera = 23.2262m"
simulation_0060,simulation,A3MC,24,DS,What is the length of the white car in meters?,acceleration of the white car = 4m/s^2,"t=0.58s, distance_human_camera = 34.4785m
t=1.58s, distance_human_camera = 35.6486m
t=0.58s, distance_yellow_car_camera = 26.2275m
t=1.58s, distance_yellow_car_camera = 28.4240m
t=0.58s, distance_white_car_camera = 22.7254m
t=1.58s, distance_white_car_camera = 21.5370m
t=0.58s, distance_bike_camera = 23.5534m
t=1.58s, distance_bike_camera = 23.2262m"
simulation_0060,simulation,A3MC,24,DS,What is the length of the turning yellow car in meters?,acceleration of the white car = 4m/s^2,"t=0.58s, distance_human_camera = 34.4785m
t=1.58s, distance_human_camera = 35.6486m
t=0.58s, distance_yellow_car_camera = 26.2275m
t=1.58s, distance_yellow_car_camera = 28.4240m
t=0.58s, distance_white_car_camera = 22.7254m
t=1.58s, distance_white_car_camera = 21.5370m
t=0.58s, distance_bike_camera = 23.5534m
t=1.58s, distance_bike_camera = 23.2262m"
simulation_0060,simulation,A3MC,24,DS,What is the height of the turning yellow car in meters?,acceleration of the white car = 4m/s^2,"t=0.58s, distance_human_camera = 34.4785m
t=1.58s, distance_human_camera = 35.6486m
t=0.58s, distance_yellow_car_camera = 26.2275m
t=1.58s, distance_yellow_car_camera = 28.4240m
t=0.58s, distance_white_car_camera = 22.7254m
t=1.58s, distance_white_car_camera = 21.5370m
t=0.58s, distance_bike_camera = 23.5534m
t=1.58s, distance_bike_camera = 23.2262m"
simulation_0060,simulation,A3MC,24,DS,What is the diameter of the bicycle wheel in meters?,acceleration of the white car = 4m/s^2,"t=0.58s, distance_human_camera = 34.4785m
t=1.58s, distance_human_camera = 35.6486m
t=0.58s, distance_yellow_car_camera = 26.2275m
t=1.58s, distance_yellow_car_camera = 28.4240m
t=0.58s, distance_white_car_camera = 22.7254m
t=1.58s, distance_white_car_camera = 21.5370m
t=0.58s, distance_bike_camera = 23.5534m
t=1.58s, distance_bike_camera = 23.2262m"
simulation_0060,simulation,A3MC,24,DD,What is the speed of the walking pedestrian from the beginning to the end in m/s?,acceleration of the white car = 4m/s^2,"t=0.58s, distance_human_camera = 34.4785m
t=1.58s, distance_human_camera = 35.6486m
t=0.58s, distance_yellow_car_camera = 26.2275m
t=1.58s, distance_yellow_car_camera = 28.4240m
t=0.58s, distance_white_car_camera = 22.7254m
t=1.58s, distance_white_car_camera = 21.5370m
t=0.58s, distance_bike_camera = 23.5534m
t=1.58s, distance_bike_camera = 23.2262m"
simulation_0060,simulation,A3MC,24,DS,What is the height of the walking pedestrian in meters?,acceleration of the white car = 4m/s^2,"t=0.58s, distance_human_camera = 34.4785m
t=1.58s, distance_human_camera = 35.6486m
t=0.58s, distance_yellow_car_camera = 26.2275m
t=1.58s, distance_yellow_car_camera = 28.4240m
t=0.58s, distance_white_car_camera = 22.7254m
t=1.58s, distance_white_car_camera = 21.5370m
t=0.58s, distance_bike_camera = 23.5534m
t=1.58s, distance_bike_camera = 23.2262m"
simulation_0060,simulation,A3MC,24,DD,What is the average speed of the bicycle from the beginning to the end in m/s?,acceleration of the white car = 4m/s^2,"t=0.58s, distance_human_camera = 34.4785m
t=1.58s, distance_human_camera = 35.6486m
t=0.58s, distance_yellow_car_camera = 26.2275m
t=1.58s, distance_yellow_car_camera = 28.4240m
t=0.58s, distance_white_car_camera = 22.7254m
t=1.58s, distance_white_car_camera = 21.5370m
t=0.58s, distance_bike_camera = 23.5534m
t=1.58s, distance_bike_camera = 23.2262m"
simulation_0060,simulation,A3MC,24,DS,What is the width of the green car in meters?,acceleration of the white car = 4m/s^2,"t=0.58s, distance_human_camera = 34.4785m
t=1.58s, distance_human_camera = 35.6486m
t=0.58s, distance_yellow_car_camera = 26.2275m
t=1.58s, distance_yellow_car_camera = 28.4240m
t=0.58s, distance_white_car_camera = 22.7254m
t=1.58s, distance_white_car_camera = 21.5370m
t=0.58s, distance_bike_camera = 23.5534m
t=1.58s, distance_bike_camera = 23.2262m"
simulation_0060,simulation,A3MC,24,DS,What is the width of the purple car in meters?,acceleration of the white car = 4m/s^2,"t=0.58s, distance_human_camera = 34.4785m
t=1.58s, distance_human_camera = 35.6486m
t=0.58s, distance_yellow_car_camera = 26.2275m
t=1.58s, distance_yellow_car_camera = 28.4240m
t=0.58s, distance_white_car_camera = 22.7254m
t=1.58s, distance_white_car_camera = 21.5370m
t=0.58s, distance_bike_camera = 23.5534m
t=1.58s, distance_bike_camera = 23.2262m"
simulation_0061,simulation,A3MC,24,DD,What is the speed of the yellow car at 2.5s in m/s?,acceleration of the white car = 4m/s^2,"t=0.58s, distance_human_camera = 33.4337m
t=1.58s, distance_human_camera = 32.4161m
t=0.58s, distance_yellow_car_camera = 40.1000m
t=1.58s, distance_yellow_car_camera = 36.4347m
t=0.58s, distance_white_car_camera = 45.5234m
t=1.58s, distance_white_car_camera = 43.9499m
t=0.58s, distance_bike_camera = 41.9010m
t=1.58s, distance_bike_camera = 40.3415m"
simulation_0061,simulation,A3MC,24,DS,What is the width of the lane in meters?,acceleration of the white car = 4m/s^2,"t=0.58s, distance_human_camera = 33.4337m
t=1.58s, distance_human_camera = 32.4161m
t=0.58s, distance_yellow_car_camera = 40.1000m
t=1.58s, distance_yellow_car_camera = 36.4347m
t=0.58s, distance_white_car_camera = 45.5234m
t=1.58s, distance_white_car_camera = 43.9499m
t=0.58s, distance_bike_camera = 41.9010m
t=1.58s, distance_bike_camera = 40.3415m"
simulation_0061,simulation,A3MC,24,DS,What is the length of the white car in meters?,acceleration of the white car = 4m/s^2,"t=0.58s, distance_human_camera = 33.4337m
t=1.58s, distance_human_camera = 32.4161m
t=0.58s, distance_yellow_car_camera = 40.1000m
t=1.58s, distance_yellow_car_camera = 36.4347m
t=0.58s, distance_white_car_camera = 45.5234m
t=1.58s, distance_white_car_camera = 43.9499m
t=0.58s, distance_bike_camera = 41.9010m
t=1.58s, distance_bike_camera = 40.3415m"
simulation_0061,simulation,A3MC,24,DS,What is the length of the turning yellow car in meters?,acceleration of the white car = 4m/s^2,"t=0.58s, distance_human_camera = 33.4337m
t=1.58s, distance_human_camera = 32.4161m
t=0.58s, distance_yellow_car_camera = 40.1000m
t=1.58s, distance_yellow_car_camera = 36.4347m
t=0.58s, distance_white_car_camera = 45.5234m
t=1.58s, distance_white_car_camera = 43.9499m
t=0.58s, distance_bike_camera = 41.9010m
t=1.58s, distance_bike_camera = 40.3415m"
simulation_0061,simulation,A3MC,24,DS,What is the height of the turning yellow car in meters?,acceleration of the white car = 4m/s^2,"t=0.58s, distance_human_camera = 33.4337m
t=1.58s, distance_human_camera = 32.4161m
t=0.58s, distance_yellow_car_camera = 40.1000m
t=1.58s, distance_yellow_car_camera = 36.4347m
t=0.58s, distance_white_car_camera = 45.5234m
t=1.58s, distance_white_car_camera = 43.9499m
t=0.58s, distance_bike_camera = 41.9010m
t=1.58s, distance_bike_camera = 40.3415m"
simulation_0061,simulation,A3MC,24,DS,What is the diameter of the bicycle wheel in meters?,acceleration of the white car = 4m/s^2,"t=0.58s, distance_human_camera = 33.4337m
t=1.58s, distance_human_camera = 32.4161m
t=0.58s, distance_yellow_car_camera = 40.1000m
t=1.58s, distance_yellow_car_camera = 36.4347m
t=0.58s, distance_white_car_camera = 45.5234m
t=1.58s, distance_white_car_camera = 43.9499m
t=0.58s, distance_bike_camera = 41.9010m
t=1.58s, distance_bike_camera = 40.3415m"
simulation_0061,simulation,A3MC,24,DS,What is the height of the traffic light in meters?,acceleration of the white car = 4m/s^2,"t=0.58s, distance_human_camera = 33.4337m
t=1.58s, distance_human_camera = 32.4161m
t=0.58s, distance_yellow_car_camera = 40.1000m
t=1.58s, distance_yellow_car_camera = 36.4347m
t=0.58s, distance_white_car_camera = 45.5234m
t=1.58s, distance_white_car_camera = 43.9499m
t=0.58s, distance_bike_camera = 41.9010m
t=1.58s, distance_bike_camera = 40.3415m"
simulation_0061,simulation,A3MC,24,DS,What is the height of the streetlight in meters?,acceleration of the white car = 4m/s^2,"t=0.58s, distance_human_camera = 33.4337m
t=1.58s, distance_human_camera = 32.4161m
t=0.58s, distance_yellow_car_camera = 40.1000m
t=1.58s, distance_yellow_car_camera = 36.4347m
t=0.58s, distance_white_car_camera = 45.5234m
t=1.58s, distance_white_car_camera = 43.9499m
t=0.58s, distance_bike_camera = 41.9010m
t=1.58s, distance_bike_camera = 40.3415m"
simulation_0061,simulation,A3MC,24,DD,What is the average speed of the walking pedestrian from the beginning to the end in m/s?,acceleration of the white car = 4m/s^2,"t=0.58s, distance_human_camera = 33.4337m
t=1.58s, distance_human_camera = 32.4161m
t=0.58s, distance_yellow_car_camera = 40.1000m
t=1.58s, distance_yellow_car_camera = 36.4347m
t=0.58s, distance_white_car_camera = 45.5234m
t=1.58s, distance_white_car_camera = 43.9499m
t=0.58s, distance_bike_camera = 41.9010m
t=1.58s, distance_bike_camera = 40.3415m"
simulation_0061,simulation,A3MC,24,DS,What is the height of the walking pedestrian in meters?,acceleration of the white car = 4m/s^2,"t=0.58s, distance_human_camera = 33.4337m
t=1.58s, distance_human_camera = 32.4161m
t=0.58s, distance_yellow_car_camera = 40.1000m
t=1.58s, distance_yellow_car_camera = 36.4347m
t=0.58s, distance_white_car_camera = 45.5234m
t=1.58s, distance_white_car_camera = 43.9499m
t=0.58s, distance_bike_camera = 41.9010m
t=1.58s, distance_bike_camera = 40.3415m"
simulation_0061,simulation,A3MC,24,DD,What is the average speed of the bicycle from the beginning to the end in m/s?,acceleration of the white car = 4m/s^2,"t=0.58s, distance_human_camera = 33.4337m
t=1.58s, distance_human_camera = 32.4161m
t=0.58s, distance_yellow_car_camera = 40.1000m
t=1.58s, distance_yellow_car_camera = 36.4347m
t=0.58s, distance_white_car_camera = 45.5234m
t=1.58s, distance_white_car_camera = 43.9499m
t=0.58s, distance_bike_camera = 41.9010m
t=1.58s, distance_bike_camera = 40.3415m"
simulation_0062,simulation,A3MC,24,DD,What is the average speed of the yellow car at 2.5s in m/s?,acceleration of the white car = 4m/s^2,"t=0.58s, distance_human_camera = 17.2804m
t=1.58s, distance_human_camera = 16.1558m
t=0.58s, distance_yellow_car_camera = 24.8550m
t=1.58s, distance_yellow_car_camera = 21.7231m
t=0.58s, distance_white_car_camera = 30.0650m
t=1.58s, distance_white_car_camera = 29.3069m
t=0.58s, distance_bike_camera = 27.1687m
t=1.58s, distance_bike_camera = 27.0656m"
simulation_0062,simulation,A3MC,24,DS,What is the width of the lane in meters?,acceleration of the white car = 4m/s^2,"t=0.58s, distance_human_camera = 17.2804m
t=1.58s, distance_human_camera = 16.1558m
t=0.58s, distance_yellow_car_camera = 24.8550m
t=1.58s, distance_yellow_car_camera = 21.7231m
t=0.58s, distance_white_car_camera = 30.0650m
t=1.58s, distance_white_car_camera = 29.3069m
t=0.58s, distance_bike_camera = 27.1687m
t=1.58s, distance_bike_camera = 27.0656m"
simulation_0062,simulation,A3MC,24,DS,What is the height of the white car in meters?,acceleration of the white car = 4m/s^2,"t=0.58s, distance_human_camera = 17.2804m
t=1.58s, distance_human_camera = 16.1558m
t=0.58s, distance_yellow_car_camera = 24.8550m
t=1.58s, distance_yellow_car_camera = 21.7231m
t=0.58s, distance_white_car_camera = 30.0650m
t=1.58s, distance_white_car_camera = 29.3069m
t=0.58s, distance_bike_camera = 27.1687m
t=1.58s, distance_bike_camera = 27.0656m"
simulation_0062,simulation,A3MC,24,DS,What is the length of the white car in meters?,acceleration of the white car = 4m/s^2,"t=0.58s, distance_human_camera = 17.2804m
t=1.58s, distance_human_camera = 16.1558m
t=0.58s, distance_yellow_car_camera = 24.8550m
t=1.58s, distance_yellow_car_camera = 21.7231m
t=0.58s, distance_white_car_camera = 30.0650m
t=1.58s, distance_white_car_camera = 29.3069m
t=0.58s, distance_bike_camera = 27.1687m
t=1.58s, distance_bike_camera = 27.0656m"
simulation_0062,simulation,A3MC,24,DS,What is the length of the turning yellow car in meters?,acceleration of the white car = 4m/s^2,"t=0.58s, distance_human_camera = 17.2804m
t=1.58s, distance_human_camera = 16.1558m
t=0.58s, distance_yellow_car_camera = 24.8550m
t=1.58s, distance_yellow_car_camera = 21.7231m
t=0.58s, distance_white_car_camera = 30.0650m
t=1.58s, distance_white_car_camera = 29.3069m
t=0.58s, distance_bike_camera = 27.1687m
t=1.58s, distance_bike_camera = 27.0656m"
simulation_0062,simulation,A3MC,24,DS,What is the height of the turning yellow car in meters?,acceleration of the white car = 4m/s^2,"t=0.58s, distance_human_camera = 17.2804m
t=1.58s, distance_human_camera = 16.1558m
t=0.58s, distance_yellow_car_camera = 24.8550m
t=1.58s, distance_yellow_car_camera = 21.7231m
t=0.58s, distance_white_car_camera = 30.0650m
t=1.58s, distance_white_car_camera = 29.3069m
t=0.58s, distance_bike_camera = 27.1687m
t=1.58s, distance_bike_camera = 27.0656m"
simulation_0062,simulation,A3MC,24,DS,What is the width of the turning yellow car in meters?,acceleration of the white car = 4m/s^2,"t=0.58s, distance_human_camera = 17.2804m
t=1.58s, distance_human_camera = 16.1558m
t=0.58s, distance_yellow_car_camera = 24.8550m
t=1.58s, distance_yellow_car_camera = 21.7231m
t=0.58s, distance_white_car_camera = 30.0650m
t=1.58s, distance_white_car_camera = 29.3069m
t=0.58s, distance_bike_camera = 27.1687m
t=1.58s, distance_bike_camera = 27.0656m"
simulation_0062,simulation,A3MC,24,DS,What is the diameter of the bicycle wheel in meters?,acceleration of the white car = 4m/s^2,"t=0.58s, distance_human_camera = 17.2804m
t=1.58s, distance_human_camera = 16.1558m
t=0.58s, distance_yellow_car_camera = 24.8550m
t=1.58s, distance_yellow_car_camera = 21.7231m
t=0.58s, distance_white_car_camera = 30.0650m
t=1.58s, distance_white_car_camera = 29.3069m
t=0.58s, distance_bike_camera = 27.1687m
t=1.58s, distance_bike_camera = 27.0656m"
simulation_0062,simulation,A3MC,24,DS,What is the height of the traffic light in meters?,acceleration of the white car = 4m/s^2,"t=0.58s, distance_human_camera = 17.2804m
t=1.58s, distance_human_camera = 16.1558m
t=0.58s, distance_yellow_car_camera = 24.8550m
t=1.58s, distance_yellow_car_camera = 21.7231m
t=0.58s, distance_white_car_camera = 30.0650m
t=1.58s, distance_white_car_camera = 29.3069m
t=0.58s, distance_bike_camera = 27.1687m
t=1.58s, distance_bike_camera = 27.0656m"
simulation_0062,simulation,A3MC,24,DS,What is the height of the streetlight in meters?,acceleration of the white car = 4m/s^2,"t=0.58s, distance_human_camera = 17.2804m
t=1.58s, distance_human_camera = 16.1558m
t=0.58s, distance_yellow_car_camera = 24.8550m
t=1.58s, distance_yellow_car_camera = 21.7231m
t=0.58s, distance_white_car_camera = 30.0650m
t=1.58s, distance_white_car_camera = 29.3069m
t=0.58s, distance_bike_camera = 27.1687m
t=1.58s, distance_bike_camera = 27.0656m"
simulation_0062,simulation,A3MC,24,DD,What is the average speed of the walking pedestrian from the beginning to the end in m/s?,acceleration of the white car = 4m/s^2,"t=0.58s, distance_human_camera = 17.2804m
t=1.58s, distance_human_camera = 16.1558m
t=0.58s, distance_yellow_car_camera = 24.8550m
t=1.58s, distance_yellow_car_camera = 21.7231m
t=0.58s, distance_white_car_camera = 30.0650m
t=1.58s, distance_white_car_camera = 29.3069m
t=0.58s, distance_bike_camera = 27.1687m
t=1.58s, distance_bike_camera = 27.0656m"
simulation_0062,simulation,A3MC,24,DS,What is the height of the walking pedestrian in meters?,acceleration of the white car = 4m/s^2,"t=0.58s, distance_human_camera = 17.2804m
t=1.58s, distance_human_camera = 16.1558m
t=0.58s, distance_yellow_car_camera = 24.8550m
t=1.58s, distance_yellow_car_camera = 21.7231m
t=0.58s, distance_white_car_camera = 30.0650m
t=1.58s, distance_white_car_camera = 29.3069m
t=0.58s, distance_bike_camera = 27.1687m
t=1.58s, distance_bike_camera = 27.0656m"
simulation_0062,simulation,A3MC,24,DD,What is the average speed of the bicycle from the beginning to the end in m/s?,acceleration of the white car = 4m/s^2,"t=0.58s, distance_human_camera = 17.2804m
t=1.58s, distance_human_camera = 16.1558m
t=0.58s, distance_yellow_car_camera = 24.8550m
t=1.58s, distance_yellow_car_camera = 21.7231m
t=0.58s, distance_white_car_camera = 30.0650m
t=1.58s, distance_white_car_camera = 29.3069m
t=0.58s, distance_bike_camera = 27.1687m
t=1.58s, distance_bike_camera = 27.0656m"
simulation_0063,simulation,A3MC,24,DD,What is the speed of the yellow car at 2.5s in m/s?,acceleration of the white car = 4m/s^2,"t=0.58s, distance_human_camera = 16.6692m
t=1.58s, distance_human_camera = 15.5003m
t=0.58s, distance_yellow_car_camera = 24.8414m
t=1.58s, distance_yellow_car_camera = 22.9530m
t=0.58s, distance_white_car_camera = 29.2444m
t=1.58s, distance_white_car_camera = 29.8093m
t=0.58s, distance_bike_camera = 27.7544m
t=1.58s, distance_bike_camera = 29.4124m"
simulation_0063,simulation,A3MC,24,DS,What is the width of the lane in meters?,acceleration of the white car = 4m/s^2,"t=0.58s, distance_human_camera = 16.6692m
t=1.58s, distance_human_camera = 15.5003m
t=0.58s, distance_yellow_car_camera = 24.8414m
t=1.58s, distance_yellow_car_camera = 22.9530m
t=0.58s, distance_white_car_camera = 29.2444m
t=1.58s, distance_white_car_camera = 29.8093m
t=0.58s, distance_bike_camera = 27.7544m
t=1.58s, distance_bike_camera = 29.4124m"
simulation_0063,simulation,A3MC,24,DS,What is the height of the white car in meters?,acceleration of the white car = 4m/s^2,"t=0.58s, distance_human_camera = 16.6692m
t=1.58s, distance_human_camera = 15.5003m
t=0.58s, distance_yellow_car_camera = 24.8414m
t=1.58s, distance_yellow_car_camera = 22.9530m
t=0.58s, distance_white_car_camera = 29.2444m
t=1.58s, distance_white_car_camera = 29.8093m
t=0.58s, distance_bike_camera = 27.7544m
t=1.58s, distance_bike_camera = 29.4124m"
simulation_0063,simulation,A3MC,24,DS,What is the length of the white car in meters?,acceleration of the white car = 4m/s^2,"t=0.58s, distance_human_camera = 16.6692m
t=1.58s, distance_human_camera = 15.5003m
t=0.58s, distance_yellow_car_camera = 24.8414m
t=1.58s, distance_yellow_car_camera = 22.9530m
t=0.58s, distance_white_car_camera = 29.2444m
t=1.58s, distance_white_car_camera = 29.8093m
t=0.58s, distance_bike_camera = 27.7544m
t=1.58s, distance_bike_camera = 29.4124m"
simulation_0063,simulation,A3MC,24,DS,What is the length of the turning yellow car in meters?,acceleration of the white car = 4m/s^2,"t=0.58s, distance_human_camera = 16.6692m
t=1.58s, distance_human_camera = 15.5003m
t=0.58s, distance_yellow_car_camera = 24.8414m
t=1.58s, distance_yellow_car_camera = 22.9530m
t=0.58s, distance_white_car_camera = 29.2444m
t=1.58s, distance_white_car_camera = 29.8093m
t=0.58s, distance_bike_camera = 27.7544m
t=1.58s, distance_bike_camera = 29.4124m"
simulation_0063,simulation,A3MC,24,DS,What is the height of the turning yellow car in meters?,acceleration of the white car = 4m/s^2,"t=0.58s, distance_human_camera = 16.6692m
t=1.58s, distance_human_camera = 15.5003m
t=0.58s, distance_yellow_car_camera = 24.8414m
t=1.58s, distance_yellow_car_camera = 22.9530m
t=0.58s, distance_white_car_camera = 29.2444m
t=1.58s, distance_white_car_camera = 29.8093m
t=0.58s, distance_bike_camera = 27.7544m
t=1.58s, distance_bike_camera = 29.4124m"
simulation_0063,simulation,A3MC,24,DS,What is the width of the turning yellow car in meters?,acceleration of the white car = 4m/s^2,"t=0.58s, distance_human_camera = 16.6692m
t=1.58s, distance_human_camera = 15.5003m
t=0.58s, distance_yellow_car_camera = 24.8414m
t=1.58s, distance_yellow_car_camera = 22.9530m
t=0.58s, distance_white_car_camera = 29.2444m
t=1.58s, distance_white_car_camera = 29.8093m
t=0.58s, distance_bike_camera = 27.7544m
t=1.58s, distance_bike_camera = 29.4124m"
simulation_0063,simulation,A3MC,24,DS,What is the diameter of the bicycle wheel in meters?,acceleration of the white car = 4m/s^2,"t=0.58s, distance_human_camera = 16.6692m
t=1.58s, distance_human_camera = 15.5003m
t=0.58s, distance_yellow_car_camera = 24.8414m
t=1.58s, distance_yellow_car_camera = 22.9530m
t=0.58s, distance_white_car_camera = 29.2444m
t=1.58s, distance_white_car_camera = 29.8093m
t=0.58s, distance_bike_camera = 27.7544m
t=1.58s, distance_bike_camera = 29.4124m"
simulation_0063,simulation,A3MC,24,DS,What is the height of the traffic light in meters?,acceleration of the white car = 4m/s^2,"t=0.58s, distance_human_camera = 16.6692m
t=1.58s, distance_human_camera = 15.5003m
t=0.58s, distance_yellow_car_camera = 24.8414m
t=1.58s, distance_yellow_car_camera = 22.9530m
t=0.58s, distance_white_car_camera = 29.2444m
t=1.58s, distance_white_car_camera = 29.8093m
t=0.58s, distance_bike_camera = 27.7544m
t=1.58s, distance_bike_camera = 29.4124m"
simulation_0063,simulation,A3MC,24,DS,What is the height of the streetlight in meters?,acceleration of the white car = 4m/s^2,"t=0.58s, distance_human_camera = 16.6692m
t=1.58s, distance_human_camera = 15.5003m
t=0.58s, distance_yellow_car_camera = 24.8414m
t=1.58s, distance_yellow_car_camera = 22.9530m
t=0.58s, distance_white_car_camera = 29.2444m
t=1.58s, distance_white_car_camera = 29.8093m
t=0.58s, distance_bike_camera = 27.7544m
t=1.58s, distance_bike_camera = 29.4124m"
simulation_0063,simulation,A3MC,24,DD,What is the average speed of the walking pedestrian from the beginning to the end in m/s?,acceleration of the white car = 4m/s^2,"t=0.58s, distance_human_camera = 16.6692m
t=1.58s, distance_human_camera = 15.5003m
t=0.58s, distance_yellow_car_camera = 24.8414m
t=1.58s, distance_yellow_car_camera = 22.9530m
t=0.58s, distance_white_car_camera = 29.2444m
t=1.58s, distance_white_car_camera = 29.8093m
t=0.58s, distance_bike_camera = 27.7544m
t=1.58s, distance_bike_camera = 29.4124m"
simulation_0063,simulation,A3MC,24,DS,What is the height of the walking pedestrian in meters?,acceleration of the white car = 4m/s^2,"t=0.58s, distance_human_camera = 16.6692m
t=1.58s, distance_human_camera = 15.5003m
t=0.58s, distance_yellow_car_camera = 24.8414m
t=1.58s, distance_yellow_car_camera = 22.9530m
t=0.58s, distance_white_car_camera = 29.2444m
t=1.58s, distance_white_car_camera = 29.8093m
t=0.58s, distance_bike_camera = 27.7544m
t=1.58s, distance_bike_camera = 29.4124m"
simulation_0063,simulation,A3MC,24,DD,What is the average speed of the bicycle from the beginning to the end in m/s?,acceleration of the white car = 4m/s^2,"t=0.58s, distance_human_camera = 16.6692m
t=1.58s, distance_human_camera = 15.5003m
t=0.58s, distance_yellow_car_camera = 24.8414m
t=1.58s, distance_yellow_car_camera = 22.9530m
t=0.58s, distance_white_car_camera = 29.2444m
t=1.58s, distance_white_car_camera = 29.8093m
t=0.58s, distance_bike_camera = 27.7544m
t=1.58s, distance_bike_camera = 29.4124m"
simulation_0064,simulation,A3MC,24,DD,What is the speed of the yellow car at 2.5s in m/s?,acceleration of the white car = 4m/s^2,"t=0.58s, distance_human_camera = 38.3473m
t=1.58s, distance_human_camera = 38.7220m
t=0.58s, distance_yellow_car_camera = 35.5258m
t=1.58s, distance_yellow_car_camera = 33.0077m
t=0.58s, distance_white_car_camera = 38.1362m
t=1.58s, distance_white_car_camera = 34.0492m
t=0.58s, distance_bike_camera = 33.9976m
t=1.58s, distance_bike_camera = 28.6807m"
simulation_0064,simulation,A3MC,24,DS,What is the width of the lane in meters?,acceleration of the white car = 4m/s^2,"t=0.58s, distance_human_camera = 38.3473m
t=1.58s, distance_human_camera = 38.7220m
t=0.58s, distance_yellow_car_camera = 35.5258m
t=1.58s, distance_yellow_car_camera = 33.0077m
t=0.58s, distance_white_car_camera = 38.1362m
t=1.58s, distance_white_car_camera = 34.0492m
t=0.58s, distance_bike_camera = 33.9976m
t=1.58s, distance_bike_camera = 28.6807m"
simulation_0064,simulation,A3MC,24,DS,What is the height of the white car in meters?,acceleration of the white car = 4m/s^2,"t=0.58s, distance_human_camera = 38.3473m
t=1.58s, distance_human_camera = 38.7220m
t=0.58s, distance_yellow_car_camera = 35.5258m
t=1.58s, distance_yellow_car_camera = 33.0077m
t=0.58s, distance_white_car_camera = 38.1362m
t=1.58s, distance_white_car_camera = 34.0492m
t=0.58s, distance_bike_camera = 33.9976m
t=1.58s, distance_bike_camera = 28.6807m"
simulation_0064,simulation,A3MC,24,DS,What is the width of the white car in meters?,acceleration of the white car = 4m/s^2,"t=0.58s, distance_human_camera = 38.3473m
t=1.58s, distance_human_camera = 38.7220m
t=0.58s, distance_yellow_car_camera = 35.5258m
t=1.58s, distance_yellow_car_camera = 33.0077m
t=0.58s, distance_white_car_camera = 38.1362m
t=1.58s, distance_white_car_camera = 34.0492m
t=0.58s, distance_bike_camera = 33.9976m
t=1.58s, distance_bike_camera = 28.6807m"
simulation_0064,simulation,A3MC,24,DS,What is the length of the turning yellow car in meters?,acceleration of the white car = 4m/s^2,"t=0.58s, distance_human_camera = 38.3473m
t=1.58s, distance_human_camera = 38.7220m
t=0.58s, distance_yellow_car_camera = 35.5258m
t=1.58s, distance_yellow_car_camera = 33.0077m
t=0.58s, distance_white_car_camera = 38.1362m
t=1.58s, distance_white_car_camera = 34.0492m
t=0.58s, distance_bike_camera = 33.9976m
t=1.58s, distance_bike_camera = 28.6807m"
simulation_0064,simulation,A3MC,24,DS,What is the height of the turning yellow car in meters?,acceleration of the white car = 4m/s^2,"t=0.58s, distance_human_camera = 38.3473m
t=1.58s, distance_human_camera = 38.7220m
t=0.58s, distance_yellow_car_camera = 35.5258m
t=1.58s, distance_yellow_car_camera = 33.0077m
t=0.58s, distance_white_car_camera = 38.1362m
t=1.58s, distance_white_car_camera = 34.0492m
t=0.58s, distance_bike_camera = 33.9976m
t=1.58s, distance_bike_camera = 28.6807m"
simulation_0064,simulation,A3MC,24,DS,What is the width of the turning yellow car in meters?,acceleration of the white car = 4m/s^2,"t=0.58s, distance_human_camera = 38.3473m
t=1.58s, distance_human_camera = 38.7220m
t=0.58s, distance_yellow_car_camera = 35.5258m
t=1.58s, distance_yellow_car_camera = 33.0077m
t=0.58s, distance_white_car_camera = 38.1362m
t=1.58s, distance_white_car_camera = 34.0492m
t=0.58s, distance_bike_camera = 33.9976m
t=1.58s, distance_bike_camera = 28.6807m"
simulation_0064,simulation,A3MC,24,DS,What is the diameter of the bicycle wheel in meters?,acceleration of the white car = 4m/s^2,"t=0.58s, distance_human_camera = 38.3473m
t=1.58s, distance_human_camera = 38.7220m
t=0.58s, distance_yellow_car_camera = 35.5258m
t=1.58s, distance_yellow_car_camera = 33.0077m
t=0.58s, distance_white_car_camera = 38.1362m
t=1.58s, distance_white_car_camera = 34.0492m
t=0.58s, distance_bike_camera = 33.9976m
t=1.58s, distance_bike_camera = 28.6807m"
simulation_0064,simulation,A3MC,24,DS,What is the height of the traffic light in meters?,acceleration of the white car = 4m/s^2,"t=0.58s, distance_human_camera = 38.3473m
t=1.58s, distance_human_camera = 38.7220m
t=0.58s, distance_yellow_car_camera = 35.5258m
t=1.58s, distance_yellow_car_camera = 33.0077m
t=0.58s, distance_white_car_camera = 38.1362m
t=1.58s, distance_white_car_camera = 34.0492m
t=0.58s, distance_bike_camera = 33.9976m
t=1.58s, distance_bike_camera = 28.6807m"
simulation_0064,simulation,A3MC,24,DD,What is the average speed of the walking pedestrian from 1.0s to the end in m/s?,acceleration of the white car = 4m/s^2,"t=0.58s, distance_human_camera = 38.3473m
t=1.58s, distance_human_camera = 38.7220m
t=0.58s, distance_yellow_car_camera = 35.5258m
t=1.58s, distance_yellow_car_camera = 33.0077m
t=0.58s, distance_white_car_camera = 38.1362m
t=1.58s, distance_white_car_camera = 34.0492m
t=0.58s, distance_bike_camera = 33.9976m
t=1.58s, distance_bike_camera = 28.6807m"
simulation_0064,simulation,A3MC,24,DS,What is the height of the walking pedestrian in meters?,acceleration of the white car = 4m/s^2,"t=0.58s, distance_human_camera = 38.3473m
t=1.58s, distance_human_camera = 38.7220m
t=0.58s, distance_yellow_car_camera = 35.5258m
t=1.58s, distance_yellow_car_camera = 33.0077m
t=0.58s, distance_white_car_camera = 38.1362m
t=1.58s, distance_white_car_camera = 34.0492m
t=0.58s, distance_bike_camera = 33.9976m
t=1.58s, distance_bike_camera = 28.6807m"
simulation_0064,simulation,A3MC,24,DD,What is the average speed of the bicycle from the beginning to the end in m/s?,acceleration of the white car = 4m/s^2,"t=0.58s, distance_human_camera = 38.3473m
t=1.58s, distance_human_camera = 38.7220m
t=0.58s, distance_yellow_car_camera = 35.5258m
t=1.58s, distance_yellow_car_camera = 33.0077m
t=0.58s, distance_white_car_camera = 38.1362m
t=1.58s, distance_white_car_camera = 34.0492m
t=0.58s, distance_bike_camera = 33.9976m
t=1.58s, distance_bike_camera = 28.6807m"
simulation_0065,simulation,A3MC,24,DD,What is the average speed of the yellow car from the beginning to the end in m/s?,acceleration of the white car = 4m/s^2,"t=0.58s, distance_human_camera = 25.3568m
t=1.58s, distance_human_camera = 25.9200m
t=0.58s, distance_yellow_car_camera = 23.7441m
t=1.58s, distance_yellow_car_camera = 27.0055m
t=0.58s, distance_white_car_camera = 21.3649m
t=1.58s, distance_white_car_camera = 25.2551m
t=0.58s, distance_bike_camera = 25.3360m
t=1.58s, distance_bike_camera = 30.4344m"
simulation_0065,simulation,A3MC,24,DS,What is the width of the lane in meters?,acceleration of the white car = 4m/s^2,"t=0.58s, distance_human_camera = 25.3568m
t=1.58s, distance_human_camera = 25.9200m
t=0.58s, distance_yellow_car_camera = 23.7441m
t=1.58s, distance_yellow_car_camera = 27.0055m
t=0.58s, distance_white_car_camera = 21.3649m
t=1.58s, distance_white_car_camera = 25.2551m
t=0.58s, distance_bike_camera = 25.3360m
t=1.58s, distance_bike_camera = 30.4344m"
simulation_0065,simulation,A3MC,24,DS,What is the height of the white car in meters?,acceleration of the white car = 4m/s^2,"t=0.58s, distance_human_camera = 25.3568m
t=1.58s, distance_human_camera = 25.9200m
t=0.58s, distance_yellow_car_camera = 23.7441m
t=1.58s, distance_yellow_car_camera = 27.0055m
t=0.58s, distance_white_car_camera = 21.3649m
t=1.58s, distance_white_car_camera = 25.2551m
t=0.58s, distance_bike_camera = 25.3360m
t=1.58s, distance_bike_camera = 30.4344m"
simulation_0065,simulation,A3MC,24,DS,What is the width of the white car in meters?,acceleration of the white car = 4m/s^2,"t=0.58s, distance_human_camera = 25.3568m
t=1.58s, distance_human_camera = 25.9200m
t=0.58s, distance_yellow_car_camera = 23.7441m
t=1.58s, distance_yellow_car_camera = 27.0055m
t=0.58s, distance_white_car_camera = 21.3649m
t=1.58s, distance_white_car_camera = 25.2551m
t=0.58s, distance_bike_camera = 25.3360m
t=1.58s, distance_bike_camera = 30.4344m"
simulation_0065,simulation,A3MC,24,DS,What is the length of the turning yellow car in meters?,acceleration of the white car = 4m/s^2,"t=0.58s, distance_human_camera = 25.3568m
t=1.58s, distance_human_camera = 25.9200m
t=0.58s, distance_yellow_car_camera = 23.7441m
t=1.58s, distance_yellow_car_camera = 27.0055m
t=0.58s, distance_white_car_camera = 21.3649m
t=1.58s, distance_white_car_camera = 25.2551m
t=0.58s, distance_bike_camera = 25.3360m
t=1.58s, distance_bike_camera = 30.4344m"
simulation_0065,simulation,A3MC,24,DS,What is the height of the turning yellow car in meters?,acceleration of the white car = 4m/s^2,"t=0.58s, distance_human_camera = 25.3568m
t=1.58s, distance_human_camera = 25.9200m
t=0.58s, distance_yellow_car_camera = 23.7441m
t=1.58s, distance_yellow_car_camera = 27.0055m
t=0.58s, distance_white_car_camera = 21.3649m
t=1.58s, distance_white_car_camera = 25.2551m
t=0.58s, distance_bike_camera = 25.3360m
t=1.58s, distance_bike_camera = 30.4344m"
simulation_0065,simulation,A3MC,24,DS,What is the width of the turning yellow car in meters?,acceleration of the white car = 4m/s^2,"t=0.58s, distance_human_camera = 25.3568m
t=1.58s, distance_human_camera = 25.9200m
t=0.58s, distance_yellow_car_camera = 23.7441m
t=1.58s, distance_yellow_car_camera = 27.0055m
t=0.58s, distance_white_car_camera = 21.3649m
t=1.58s, distance_white_car_camera = 25.2551m
t=0.58s, distance_bike_camera = 25.3360m
t=1.58s, distance_bike_camera = 30.4344m"
simulation_0065,simulation,A3MC,24,DS,What is the diameter of the bicycle wheel in meters?,acceleration of the white car = 4m/s^2,"t=0.58s, distance_human_camera = 25.3568m
t=1.58s, distance_human_camera = 25.9200m
t=0.58s, distance_yellow_car_camera = 23.7441m
t=1.58s, distance_yellow_car_camera = 27.0055m
t=0.58s, distance_white_car_camera = 21.3649m
t=1.58s, distance_white_car_camera = 25.2551m
t=0.58s, distance_bike_camera = 25.3360m
t=1.58s, distance_bike_camera = 30.4344m"
simulation_0065,simulation,A3MC,24,DS,What is the height of the traffic light in meters?,acceleration of the white car = 4m/s^2,"t=0.58s, distance_human_camera = 25.3568m
t=1.58s, distance_human_camera = 25.9200m
t=0.58s, distance_yellow_car_camera = 23.7441m
t=1.58s, distance_yellow_car_camera = 27.0055m
t=0.58s, distance_white_car_camera = 21.3649m
t=1.58s, distance_white_car_camera = 25.2551m
t=0.58s, distance_bike_camera = 25.3360m
t=1.58s, distance_bike_camera = 30.4344m"
simulation_0065,simulation,A3MC,24,DD,What is the average speed of the walking pedestrian from 1.0s to 2.0s in m/s?,acceleration of the white car = 4m/s^2,"t=0.58s, distance_human_camera = 25.3568m
t=1.58s, distance_human_camera = 25.9200m
t=0.58s, distance_yellow_car_camera = 23.7441m
t=1.58s, distance_yellow_car_camera = 27.0055m
t=0.58s, distance_white_car_camera = 21.3649m
t=1.58s, distance_white_car_camera = 25.2551m
t=0.58s, distance_bike_camera = 25.3360m
t=1.58s, distance_bike_camera = 30.4344m"
simulation_0065,simulation,A3MC,24,DS,What is the height of the walking pedestrian in meters?,acceleration of the white car = 4m/s^2,"t=0.58s, distance_human_camera = 25.3568m
t=1.58s, distance_human_camera = 25.9200m
t=0.58s, distance_yellow_car_camera = 23.7441m
t=1.58s, distance_yellow_car_camera = 27.0055m
t=0.58s, distance_white_car_camera = 21.3649m
t=1.58s, distance_white_car_camera = 25.2551m
t=0.58s, distance_bike_camera = 25.3360m
t=1.58s, distance_bike_camera = 30.4344m"
simulation_0065,simulation,A3MC,24,DD,What is the average speed of the bicycle from the beginning to the end in m/s?,acceleration of the white car = 4m/s^2,"t=0.58s, distance_human_camera = 25.3568m
t=1.58s, distance_human_camera = 25.9200m
t=0.58s, distance_yellow_car_camera = 23.7441m
t=1.58s, distance_yellow_car_camera = 27.0055m
t=0.58s, distance_white_car_camera = 21.3649m
t=1.58s, distance_white_car_camera = 25.2551m
t=0.58s, distance_bike_camera = 25.3360m
t=1.58s, distance_bike_camera = 30.4344m"
simulation_0066,simulation,A3MC,24,DD,What is the speed of the yellow car at 2.5s in m/s?,acceleration of the white car = 4m/s^2,"t=0.58s, distance_human_camera = 21.0610m
t=1.58s, distance_human_camera = 21.3488m
t=0.58s, distance_yellow_car_camera = 19.6514m
t=1.58s, distance_yellow_car_camera = 16.5490m
t=0.58s, distance_white_car_camera = 23.5892m
t=1.58s, distance_white_car_camera = 19.9903m
t=0.58s, distance_bike_camera = 19.0650m
t=1.58s, distance_bike_camera = 14.6515m"
simulation_0066,simulation,A3MC,24,DS,What is the width of the lane in meters?,acceleration of the white car = 4m/s^2,"t=0.58s, distance_human_camera = 21.0610m
t=1.58s, distance_human_camera = 21.3488m
t=0.58s, distance_yellow_car_camera = 19.6514m
t=1.58s, distance_yellow_car_camera = 16.5490m
t=0.58s, distance_white_car_camera = 23.5892m
t=1.58s, distance_white_car_camera = 19.9903m
t=0.58s, distance_bike_camera = 19.0650m
t=1.58s, distance_bike_camera = 14.6515m"
simulation_0066,simulation,A3MC,24,DS,What is the width of the white car in meters?,acceleration of the white car = 4m/s^2,"t=0.58s, distance_human_camera = 21.0610m
t=1.58s, distance_human_camera = 21.3488m
t=0.58s, distance_yellow_car_camera = 19.6514m
t=1.58s, distance_yellow_car_camera = 16.5490m
t=0.58s, distance_white_car_camera = 23.5892m
t=1.58s, distance_white_car_camera = 19.9903m
t=0.58s, distance_bike_camera = 19.0650m
t=1.58s, distance_bike_camera = 14.6515m"
simulation_0066,simulation,A3MC,24,DS,What is the length of the white car in meters?,acceleration of the white car = 4m/s^2,"t=0.58s, distance_human_camera = 21.0610m
t=1.58s, distance_human_camera = 21.3488m
t=0.58s, distance_yellow_car_camera = 19.6514m
t=1.58s, distance_yellow_car_camera = 16.5490m
t=0.58s, distance_white_car_camera = 23.5892m
t=1.58s, distance_white_car_camera = 19.9903m
t=0.58s, distance_bike_camera = 19.0650m
t=1.58s, distance_bike_camera = 14.6515m"
simulation_0066,simulation,A3MC,24,DS,What is the height of the white car in meters?,acceleration of the white car = 4m/s^2,"t=0.58s, distance_human_camera = 21.0610m
t=1.58s, distance_human_camera = 21.3488m
t=0.58s, distance_yellow_car_camera = 19.6514m
t=1.58s, distance_yellow_car_camera = 16.5490m
t=0.58s, distance_white_car_camera = 23.5892m
t=1.58s, distance_white_car_camera = 19.9903m
t=0.58s, distance_bike_camera = 19.0650m
t=1.58s, distance_bike_camera = 14.6515m"
simulation_0066,simulation,A3MC,24,DS,What is the length of the turning yellow car in meters?,acceleration of the white car = 4m/s^2,"t=0.58s, distance_human_camera = 21.0610m
t=1.58s, distance_human_camera = 21.3488m
t=0.58s, distance_yellow_car_camera = 19.6514m
t=1.58s, distance_yellow_car_camera = 16.5490m
t=0.58s, distance_white_car_camera = 23.5892m
t=1.58s, distance_white_car_camera = 19.9903m
t=0.58s, distance_bike_camera = 19.0650m
t=1.58s, distance_bike_camera = 14.6515m"
simulation_0066,simulation,A3MC,24,DS,What is the height of the turning yellow car in meters?,acceleration of the white car = 4m/s^2,"t=0.58s, distance_human_camera = 21.0610m
t=1.58s, distance_human_camera = 21.3488m
t=0.58s, distance_yellow_car_camera = 19.6514m
t=1.58s, distance_yellow_car_camera = 16.5490m
t=0.58s, distance_white_car_camera = 23.5892m
t=1.58s, distance_white_car_camera = 19.9903m
t=0.58s, distance_bike_camera = 19.0650m
t=1.58s, distance_bike_camera = 14.6515m"
simulation_0066,simulation,A3MC,24,DS,What is the width of the turning yellow car in meters?,acceleration of the white car = 4m/s^2,"t=0.58s, distance_human_camera = 21.0610m
t=1.58s, distance_human_camera = 21.3488m
t=0.58s, distance_yellow_car_camera = 19.6514m
t=1.58s, distance_yellow_car_camera = 16.5490m
t=0.58s, distance_white_car_camera = 23.5892m
t=1.58s, distance_white_car_camera = 19.9903m
t=0.58s, distance_bike_camera = 19.0650m
t=1.58s, distance_bike_camera = 14.6515m"
simulation_0066,simulation,A3MC,24,DS,What is the diameter of the bicycle wheel in meters?,acceleration of the white car = 4m/s^2,"t=0.58s, distance_human_camera = 21.0610m
t=1.58s, distance_human_camera = 21.3488m
t=0.58s, distance_yellow_car_camera = 19.6514m
t=1.58s, distance_yellow_car_camera = 16.5490m
t=0.58s, distance_white_car_camera = 23.5892m
t=1.58s, distance_white_car_camera = 19.9903m
t=0.58s, distance_bike_camera = 19.0650m
t=1.58s, distance_bike_camera = 14.6515m"
simulation_0066,simulation,A3MC,24,DD,What is the average speed of the walking pedestrian from the beginning to the end in m/s?,acceleration of the white car = 4m/s^2,"t=0.58s, distance_human_camera = 21.0610m
t=1.58s, distance_human_camera = 21.3488m
t=0.58s, distance_yellow_car_camera = 19.6514m
t=1.58s, distance_yellow_car_camera = 16.5490m
t=0.58s, distance_white_car_camera = 23.5892m
t=1.58s, distance_white_car_camera = 19.9903m
t=0.58s, distance_bike_camera = 19.0650m
t=1.58s, distance_bike_camera = 14.6515m"
simulation_0066,simulation,A3MC,24,DS,What is the height of the walking pedestrian in meters?,acceleration of the white car = 4m/s^2,"t=0.58s, distance_human_camera = 21.0610m
t=1.58s, distance_human_camera = 21.3488m
t=0.58s, distance_yellow_car_camera = 19.6514m
t=1.58s, distance_yellow_car_camera = 16.5490m
t=0.58s, distance_white_car_camera = 23.5892m
t=1.58s, distance_white_car_camera = 19.9903m
t=0.58s, distance_bike_camera = 19.0650m
t=1.58s, distance_bike_camera = 14.6515m"
simulation_0066,simulation,A3MC,24,DD,What is the average speed of the bicycle from the beginning to the end in m/s?,acceleration of the white car = 4m/s^2,"t=0.58s, distance_human_camera = 21.0610m
t=1.58s, distance_human_camera = 21.3488m
t=0.58s, distance_yellow_car_camera = 19.6514m
t=1.58s, distance_yellow_car_camera = 16.5490m
t=0.58s, distance_white_car_camera = 23.5892m
t=1.58s, distance_white_car_camera = 19.9903m
t=0.58s, distance_bike_camera = 19.0650m
t=1.58s, distance_bike_camera = 14.6515m"
simulation_0066,simulation,A3MC,24,DS,What is the width of the green car in meters?,acceleration of the white car = 4m/s^2,"t=0.58s, distance_human_camera = 21.0610m
t=1.58s, distance_human_camera = 21.3488m
t=0.58s, distance_yellow_car_camera = 19.6514m
t=1.58s, distance_yellow_car_camera = 16.5490m
t=0.58s, distance_white_car_camera = 23.5892m
t=1.58s, distance_white_car_camera = 19.9903m
t=0.58s, distance_bike_camera = 19.0650m
t=1.58s, distance_bike_camera = 14.6515m"
simulation_0066,simulation,A3MC,24,DS,What is the length of the green car in meters?,acceleration of the white car = 4m/s^2,"t=0.58s, distance_human_camera = 21.0610m
t=1.58s, distance_human_camera = 21.3488m
t=0.58s, distance_yellow_car_camera = 19.6514m
t=1.58s, distance_yellow_car_camera = 16.5490m
t=0.58s, distance_white_car_camera = 23.5892m
t=1.58s, distance_white_car_camera = 19.9903m
t=0.58s, distance_bike_camera = 19.0650m
t=1.58s, distance_bike_camera = 14.6515m"
simulation_0066,simulation,A3MC,24,DS,What is the height of the green car in meters?,acceleration of the white car = 4m/s^2,"t=0.58s, distance_human_camera = 21.0610m
t=1.58s, distance_human_camera = 21.3488m
t=0.58s, distance_yellow_car_camera = 19.6514m
t=1.58s, distance_yellow_car_camera = 16.5490m
t=0.58s, distance_white_car_camera = 23.5892m
t=1.58s, distance_white_car_camera = 19.9903m
t=0.58s, distance_bike_camera = 19.0650m
t=1.58s, distance_bike_camera = 14.6515m"
simulation_0066,simulation,A3MC,24,DS,What is the width of the purple car in meters?,acceleration of the white car = 4m/s^2,"t=0.58s, distance_human_camera = 21.0610m
t=1.58s, distance_human_camera = 21.3488m
t=0.58s, distance_yellow_car_camera = 19.6514m
t=1.58s, distance_yellow_car_camera = 16.5490m
t=0.58s, distance_white_car_camera = 23.5892m
t=1.58s, distance_white_car_camera = 19.9903m
t=0.58s, distance_bike_camera = 19.0650m
t=1.58s, distance_bike_camera = 14.6515m"
simulation_0066,simulation,A3MC,24,DS,What is the height of the purple car in meters?,acceleration of the white car = 4m/s^2,"t=0.58s, distance_human_camera = 21.0610m
t=1.58s, distance_human_camera = 21.3488m
t=0.58s, distance_yellow_car_camera = 19.6514m
t=1.58s, distance_yellow_car_camera = 16.5490m
t=0.58s, distance_white_car_camera = 23.5892m
t=1.58s, distance_white_car_camera = 19.9903m
t=0.58s, distance_bike_camera = 19.0650m
t=1.58s, distance_bike_camera = 14.6515m"
simulation_0067,simulation,A3MC,24,DD,What is the speed of the yellow car at 2.5s in m/s?,acceleration of the white car = 4m/s^2,"t=0.58s, distance_human_camera = 21.6770m
t=1.58s, distance_human_camera = 22.7825m
t=0.58s, distance_yellow_car_camera = 14.7874m
t=1.58s, distance_yellow_car_camera = 18.3786m
t=0.58s, distance_white_car_camera = 10.6240m
t=1.58s, distance_white_car_camera = 12.8097m
t=0.58s, distance_bike_camera = 14.1413m
t=1.58s, distance_bike_camera = 17.8223m"
simulation_0067,simulation,A3MC,24,DS,What is the width of the lane in meters?,acceleration of the white car = 4m/s^2,"t=0.58s, distance_human_camera = 21.6770m
t=1.58s, distance_human_camera = 22.7825m
t=0.58s, distance_yellow_car_camera = 14.7874m
t=1.58s, distance_yellow_car_camera = 18.3786m
t=0.58s, distance_white_car_camera = 10.6240m
t=1.58s, distance_white_car_camera = 12.8097m
t=0.58s, distance_bike_camera = 14.1413m
t=1.58s, distance_bike_camera = 17.8223m"
simulation_0067,simulation,A3MC,24,DS,What is the width of the white car in meters?,acceleration of the white car = 4m/s^2,"t=0.58s, distance_human_camera = 21.6770m
t=1.58s, distance_human_camera = 22.7825m
t=0.58s, distance_yellow_car_camera = 14.7874m
t=1.58s, distance_yellow_car_camera = 18.3786m
t=0.58s, distance_white_car_camera = 10.6240m
t=1.58s, distance_white_car_camera = 12.8097m
t=0.58s, distance_bike_camera = 14.1413m
t=1.58s, distance_bike_camera = 17.8223m"
simulation_0067,simulation,A3MC,24,DS,What is the length of the white car in meters?,acceleration of the white car = 4m/s^2,"t=0.58s, distance_human_camera = 21.6770m
t=1.58s, distance_human_camera = 22.7825m
t=0.58s, distance_yellow_car_camera = 14.7874m
t=1.58s, distance_yellow_car_camera = 18.3786m
t=0.58s, distance_white_car_camera = 10.6240m
t=1.58s, distance_white_car_camera = 12.8097m
t=0.58s, distance_bike_camera = 14.1413m
t=1.58s, distance_bike_camera = 17.8223m"
simulation_0067,simulation,A3MC,24,DS,What is the height of the white car in meters?,acceleration of the white car = 4m/s^2,"t=0.58s, distance_human_camera = 21.6770m
t=1.58s, distance_human_camera = 22.7825m
t=0.58s, distance_yellow_car_camera = 14.7874m
t=1.58s, distance_yellow_car_camera = 18.3786m
t=0.58s, distance_white_car_camera = 10.6240m
t=1.58s, distance_white_car_camera = 12.8097m
t=0.58s, distance_bike_camera = 14.1413m
t=1.58s, distance_bike_camera = 17.8223m"
simulation_0067,simulation,A3MC,24,DS,What is the length of the turning yellow car in meters?,acceleration of the white car = 4m/s^2,"t=0.58s, distance_human_camera = 21.6770m
t=1.58s, distance_human_camera = 22.7825m
t=0.58s, distance_yellow_car_camera = 14.7874m
t=1.58s, distance_yellow_car_camera = 18.3786m
t=0.58s, distance_white_car_camera = 10.6240m
t=1.58s, distance_white_car_camera = 12.8097m
t=0.58s, distance_bike_camera = 14.1413m
t=1.58s, distance_bike_camera = 17.8223m"
simulation_0067,simulation,A3MC,24,DS,What is the height of the turning yellow car in meters?,acceleration of the white car = 4m/s^2,"t=0.58s, distance_human_camera = 21.6770m
t=1.58s, distance_human_camera = 22.7825m
t=0.58s, distance_yellow_car_camera = 14.7874m
t=1.58s, distance_yellow_car_camera = 18.3786m
t=0.58s, distance_white_car_camera = 10.6240m
t=1.58s, distance_white_car_camera = 12.8097m
t=0.58s, distance_bike_camera = 14.1413m
t=1.58s, distance_bike_camera = 17.8223m"
simulation_0067,simulation,A3MC,24,DS,What is the width of the turning yellow car in meters?,acceleration of the white car = 4m/s^2,"t=0.58s, distance_human_camera = 21.6770m
t=1.58s, distance_human_camera = 22.7825m
t=0.58s, distance_yellow_car_camera = 14.7874m
t=1.58s, distance_yellow_car_camera = 18.3786m
t=0.58s, distance_white_car_camera = 10.6240m
t=1.58s, distance_white_car_camera = 12.8097m
t=0.58s, distance_bike_camera = 14.1413m
t=1.58s, distance_bike_camera = 17.8223m"
simulation_0067,simulation,A3MC,24,DS,What is the diameter of the bicycle wheel in meters?,acceleration of the white car = 4m/s^2,"t=0.58s, distance_human_camera = 21.6770m
t=1.58s, distance_human_camera = 22.7825m
t=0.58s, distance_yellow_car_camera = 14.7874m
t=1.58s, distance_yellow_car_camera = 18.3786m
t=0.58s, distance_white_car_camera = 10.6240m
t=1.58s, distance_white_car_camera = 12.8097m
t=0.58s, distance_bike_camera = 14.1413m
t=1.58s, distance_bike_camera = 17.8223m"
simulation_0067,simulation,A3MC,24,DD,What is the average speed of the walking pedestrian from the beginning to the end in m/s?,acceleration of the white car = 4m/s^2,"t=0.58s, distance_human_camera = 21.6770m
t=1.58s, distance_human_camera = 22.7825m
t=0.58s, distance_yellow_car_camera = 14.7874m
t=1.58s, distance_yellow_car_camera = 18.3786m
t=0.58s, distance_white_car_camera = 10.6240m
t=1.58s, distance_white_car_camera = 12.8097m
t=0.58s, distance_bike_camera = 14.1413m
t=1.58s, distance_bike_camera = 17.8223m"
simulation_0067,simulation,A3MC,24,DS,What is the height of the walking pedestrian in meters?,acceleration of the white car = 4m/s^2,"t=0.58s, distance_human_camera = 21.6770m
t=1.58s, distance_human_camera = 22.7825m
t=0.58s, distance_yellow_car_camera = 14.7874m
t=1.58s, distance_yellow_car_camera = 18.3786m
t=0.58s, distance_white_car_camera = 10.6240m
t=1.58s, distance_white_car_camera = 12.8097m
t=0.58s, distance_bike_camera = 14.1413m
t=1.58s, distance_bike_camera = 17.8223m"
simulation_0067,simulation,A3MC,24,DD,What is the average speed of the bicycle from the beginning to the end in m/s?,acceleration of the white car = 4m/s^2,"t=0.58s, distance_human_camera = 21.6770m
t=1.58s, distance_human_camera = 22.7825m
t=0.58s, distance_yellow_car_camera = 14.7874m
t=1.58s, distance_yellow_car_camera = 18.3786m
t=0.58s, distance_white_car_camera = 10.6240m
t=1.58s, distance_white_car_camera = 12.8097m
t=0.58s, distance_bike_camera = 14.1413m
t=1.58s, distance_bike_camera = 17.8223m"
simulation_0067,simulation,A3MC,24,DS,What is the width of the purple car in meters?,acceleration of the white car = 4m/s^2,"t=0.58s, distance_human_camera = 21.6770m
t=1.58s, distance_human_camera = 22.7825m
t=0.58s, distance_yellow_car_camera = 14.7874m
t=1.58s, distance_yellow_car_camera = 18.3786m
t=0.58s, distance_white_car_camera = 10.6240m
t=1.58s, distance_white_car_camera = 12.8097m
t=0.58s, distance_bike_camera = 14.1413m
t=1.58s, distance_bike_camera = 17.8223m"
simulation_0067,simulation,A3MC,24,DS,What is the height of the purple car in meters?,acceleration of the white car = 4m/s^2,"t=0.58s, distance_human_camera = 21.6770m
t=1.58s, distance_human_camera = 22.7825m
t=0.58s, distance_yellow_car_camera = 14.7874m
t=1.58s, distance_yellow_car_camera = 18.3786m
t=0.58s, distance_white_car_camera = 10.6240m
t=1.58s, distance_white_car_camera = 12.8097m
t=0.58s, distance_bike_camera = 14.1413m
t=1.58s, distance_bike_camera = 17.8223m"
simulation_0067,simulation,A3MC,24,DS,What is the length of the purple car in meters?,acceleration of the white car = 4m/s^2,"t=0.58s, distance_human_camera = 21.6770m
t=1.58s, distance_human_camera = 22.7825m
t=0.58s, distance_yellow_car_camera = 14.7874m
t=1.58s, distance_yellow_car_camera = 18.3786m
t=0.58s, distance_white_car_camera = 10.6240m
t=1.58s, distance_white_car_camera = 12.8097m
t=0.58s, distance_bike_camera = 14.1413m
t=1.58s, distance_bike_camera = 17.8223m"
simulation_0074,simulation,S3MS,24,SS,What is the length of the turning yellow car in meters?,length of the white car = 6m,"t=0.58s, distance_human_camera = 37.0747m
t=1.58s, distance_human_camera = 37.8958m
t=0.58s, distance_yellow_car_camera = 31.0495m
t=1.58s, distance_yellow_car_camera = 30.4267m
t=0.58s, distance_white_car_camera = 31.2826m
t=1.58s, distance_white_car_camera = 27.7202m
t=0.58s, distance_bike_camera = 28.6001m
t=1.58s, distance_bike_camera = 24.5118m"
simulation_0074,simulation,S3MS,24,SD,What is the average speed of the walking pedestrian from the beginning to the end in m/s?,length of the white car = 6m,"t=0.58s, distance_human_camera = 37.0747m
t=1.58s, distance_human_camera = 37.8958m
t=0.58s, distance_yellow_car_camera = 31.0495m
t=1.58s, distance_yellow_car_camera = 30.4267m
t=0.58s, distance_white_car_camera = 31.2826m
t=1.58s, distance_white_car_camera = 27.7202m
t=0.58s, distance_bike_camera = 28.6001m
t=1.58s, distance_bike_camera = 24.5118m"
simulation_0074,simulation,S3MS,24,SS,What is the height of the walking pedestrian in meters?,length of the white car = 6m,"t=0.58s, distance_human_camera = 37.0747m
t=1.58s, distance_human_camera = 37.8958m
t=0.58s, distance_yellow_car_camera = 31.0495m
t=1.58s, distance_yellow_car_camera = 30.4267m
t=0.58s, distance_white_car_camera = 31.2826m
t=1.58s, distance_white_car_camera = 27.7202m
t=0.58s, distance_bike_camera = 28.6001m
t=1.58s, distance_bike_camera = 24.5118m"
simulation_0074,simulation,S3MS,24,SD,What is the average speed of the turing yellow car from the beginning to the end in m/s?,length of the white car = 6m,"t=0.58s, distance_human_camera = 37.0747m
t=1.58s, distance_human_camera = 37.8958m
t=0.58s, distance_yellow_car_camera = 31.0495m
t=1.58s, distance_yellow_car_camera = 30.4267m
t=0.58s, distance_white_car_camera = 31.2826m
t=1.58s, distance_white_car_camera = 27.7202m
t=0.58s, distance_bike_camera = 28.6001m
t=1.58s, distance_bike_camera = 24.5118m"
simulation_0074,simulation,S3MS,24,SS,What is the width of the turning yellow car in meters?,length of the white car = 6m,"t=0.58s, distance_human_camera = 37.0747m
t=1.58s, distance_human_camera = 37.8958m
t=0.58s, distance_yellow_car_camera = 31.0495m
t=1.58s, distance_yellow_car_camera = 30.4267m
t=0.58s, distance_white_car_camera = 31.2826m
t=1.58s, distance_white_car_camera = 27.7202m
t=0.58s, distance_bike_camera = 28.6001m
t=1.58s, distance_bike_camera = 24.5118m"
simulation_0074,simulation,S3MS,24,SS,What is the height of the turning yellow car in meters?,length of the white car = 6m,"t=0.58s, distance_human_camera = 37.0747m
t=1.58s, distance_human_camera = 37.8958m
t=0.58s, distance_yellow_car_camera = 31.0495m
t=1.58s, distance_yellow_car_camera = 30.4267m
t=0.58s, distance_white_car_camera = 31.2826m
t=1.58s, distance_white_car_camera = 27.7202m
t=0.58s, distance_bike_camera = 28.6001m
t=1.58s, distance_bike_camera = 24.5118m"
simulation_0074,simulation,S3MS,24,SS,What is the width of the purple car in meters?,length of the white car = 6m,"t=0.58s, distance_human_camera = 37.0747m
t=1.58s, distance_human_camera = 37.8958m
t=0.58s, distance_yellow_car_camera = 31.0495m
t=1.58s, distance_yellow_car_camera = 30.4267m
t=0.58s, distance_white_car_camera = 31.2826m
t=1.58s, distance_white_car_camera = 27.7202m
t=0.58s, distance_bike_camera = 28.6001m
t=1.58s, distance_bike_camera = 24.5118m"
simulation_0074,simulation,S3MS,24,SS,What is the height of the purple car in meters?,length of the white car = 6m,"t=0.58s, distance_human_camera = 37.0747m
t=1.58s, distance_human_camera = 37.8958m
t=0.58s, distance_yellow_car_camera = 31.0495m
t=1.58s, distance_yellow_car_camera = 30.4267m
t=0.58s, distance_white_car_camera = 31.2826m
t=1.58s, distance_white_car_camera = 27.7202m
t=0.58s, distance_bike_camera = 28.6001m
t=1.58s, distance_bike_camera = 24.5118m"
simulation_0074,simulation,S3MS,24,SS,What is the length of the purple car in meters?,length of the white car = 6m,"t=0.58s, distance_human_camera = 37.0747m
t=1.58s, distance_human_camera = 37.8958m
t=0.58s, distance_yellow_car_camera = 31.0495m
t=1.58s, distance_yellow_car_camera = 30.4267m
t=0.58s, distance_white_car_camera = 31.2826m
t=1.58s, distance_white_car_camera = 27.7202m
t=0.58s, distance_bike_camera = 28.6001m
t=1.58s, distance_bike_camera = 24.5118m"
simulation_0074,simulation,S3MS,24,SD,What is the average speed of the bicycle from the beginning to the end in m/s?,length of the white car = 6m,"t=0.58s, distance_human_camera = 37.0747m
t=1.58s, distance_human_camera = 37.8958m
t=0.58s, distance_yellow_car_camera = 31.0495m
t=1.58s, distance_yellow_car_camera = 30.4267m
t=0.58s, distance_white_car_camera = 31.2826m
t=1.58s, distance_white_car_camera = 27.7202m
t=0.58s, distance_bike_camera = 28.6001m
t=1.58s, distance_bike_camera = 24.5118m"
simulation_0074,simulation,S3MS,24,SS,What is the side length of the square earthen platform in meters?,length of the white car = 6m,"t=0.58s, distance_human_camera = 37.0747m
t=1.58s, distance_human_camera = 37.8958m
t=0.58s, distance_yellow_car_camera = 31.0495m
t=1.58s, distance_yellow_car_camera = 30.4267m
t=0.58s, distance_white_car_camera = 31.2826m
t=1.58s, distance_white_car_camera = 27.7202m
t=0.58s, distance_bike_camera = 28.6001m
t=1.58s, distance_bike_camera = 24.5118m"
simulation_0074,simulation,S3MS,24,SS,What is the diameter of the bicycle wheel in meters?,length of the white car = 6m,"t=0.58s, distance_human_camera = 37.0747m
t=1.58s, distance_human_camera = 37.8958m
t=0.58s, distance_yellow_car_camera = 31.0495m
t=1.58s, distance_yellow_car_camera = 30.4267m
t=0.58s, distance_white_car_camera = 31.2826m
t=1.58s, distance_white_car_camera = 27.7202m
t=0.58s, distance_bike_camera = 28.6001m
t=1.58s, distance_bike_camera = 24.5118m"
simulation_0074,simulation,S3MS,24,SS,What is the width of the white car in meters?,length of the white car = 6m,"t=0.58s, distance_human_camera = 37.0747m
t=1.58s, distance_human_camera = 37.8958m
t=0.58s, distance_yellow_car_camera = 31.0495m
t=1.58s, distance_yellow_car_camera = 30.4267m
t=0.58s, distance_white_car_camera = 31.2826m
t=1.58s, distance_white_car_camera = 27.7202m
t=0.58s, distance_bike_camera = 28.6001m
t=1.58s, distance_bike_camera = 24.5118m"
simulation_0074,simulation,S3MS,24,SD,What is the acceleration of the white car at 2.0s in m/s^2?,length of the white car = 6m,"t=0.58s, distance_human_camera = 37.0747m
t=1.58s, distance_human_camera = 37.8958m
t=0.58s, distance_yellow_car_camera = 31.0495m
t=1.58s, distance_yellow_car_camera = 30.4267m
t=0.58s, distance_white_car_camera = 31.2826m
t=1.58s, distance_white_car_camera = 27.7202m
t=0.58s, distance_bike_camera = 28.6001m
t=1.58s, distance_bike_camera = 24.5118m"
simulation_0074,simulation,S3MS,24,SD,What is the height of the white car in meters?,length of the white car = 6m,"t=0.58s, distance_human_camera = 37.0747m
t=1.58s, distance_human_camera = 37.8958m
t=0.58s, distance_yellow_car_camera = 31.0495m
t=1.58s, distance_yellow_car_camera = 30.4267m
t=0.58s, distance_white_car_camera = 31.2826m
t=1.58s, distance_white_car_camera = 27.7202m
t=0.58s, distance_bike_camera = 28.6001m
t=1.58s, distance_bike_camera = 24.5118m"
simulation_0109,simulation,V3MX,24,DS,What is the distance between two cells at 1s in meters?,speed of the red blood cell = 4.7833 m/s,"t=1.0s, distance_left_red_blood_cell_camera = 22.0155 m
t=2.0s, distance_left_red_blood_cell_camera = 24.0333 m"
simulation_0109,simulation,V3MX,24,DS,What is the diameter of the red blood cell in meters?,speed of the red blood cell = 4.7833 m/s,"t=1.0s, distance_left_red_blood_cell_camera = 22.0155 m
t=2.0s, distance_left_red_blood_cell_camera = 24.0333 m"
simulation_0110,simulation,V3MX,24,DS,What is the distance between two cells at 1s in meters?,speed of the red blood cell = 4.7833 m/s,"t=1.0s, distance_left_red_blood_cell_camera = 17.9557 m
t=2.0s, distance_left_red_blood_cell_camera = 22.7150 m"
simulation_0110,simulation,V3MX,24,DS,What is the thickness of the red blood cell in meters?,speed of the red blood cell = 4.7833 m/s,"t=1.0s, distance_left_red_blood_cell_and_camera = 17.9557 m
t=2.0s, distance_left_red_blood_cell_and_camera = 22.7150 m"
simulation_0110,simulation,V3MX,24,DS,What is the diameter of the red blood cell in meters?,speed of the red blood cell = 4.7833 m/s,"t=1.0s, distance_left_red_blood_cell_and_camera = 17.9557 m
t=2.0s, distance_left_red_blood_cell_and_camera = 22.7150 m"
simulation_0143,simulation,S3MC,24,SS,What is the side length of the floor tile in meters?,height of the man = 1.8m,"t=0s, distance_man_camera = 7.21m   
t=0.5s, distance_man_camera = 7.91m"
simulation_0143,simulation,S3MC,24,SD,What is the speed of the man at time 1s in m/s?,height of the man = 1.8m,"t=0s, distance_man_camera = 7.21m   
t=0.5s, distance_man_camera = 7.91m"
simulation_0143,simulation,S3MC,24,SD,What is the speed of the man at time 2s in m/s?,height of the man = 1.8m,"t=0s, distance_man_camera = 7.21m   
t=0.5s, distance_man_camera = 7.91m"
simulation_0143,simulation,S3MC,24,SD,What is the acceleration of the man at time 2.5s in m/s^2?,height of the man = 1.8m,"t=0s, distance_man_camera = 7.21m   
t=0.5s, distance_man_camera = 7.91m"
simulation_0164,simulation,S3MC,24,SD,What is the speed of the ball at time 0.5s in m/s?,diameter of the ball = 0.21m,t=0.5s distance_bowling_ball_camera = 9.391m
simulation_0164,simulation,S3MC,24,SD,What is the acceleration of the ball at time 0.5s in m/s^2?,diameter of the ball = 0.21m,t=0.5s distance_bowling_ball_camera = 9.391m
simulation_0164,simulation,S3MC,24,SD,What is the speed of the ball at time 1s in m/s?,diameter of the ball = 0.21m,t=0.5s distance_bowling_ball_camera = 9.391m
simulation_0164,simulation,S3MC,24,SD,What is the acceleration of the ball at time 1s in m/s^2?,diameter of the ball = 0.21m,t=0.5s distance_bowling_ball_camera = 9.391m
simulation_0164,simulation,S3MC,24,SS,What is the height of the bowling pin in meters?,diameter of the ball = 0.21m,t=0.5s distance_bowling_ball_camera = 9.391m
simulation_0168,simulation,V3MC,24,DS,What is the width of the road that the bike crossed through in meters?,speed of the bike = 5.52m/s,"t=0s, distance_bike_camera = 28.219m
t=0.5s, distance_bike_camera = 25.554m"
simulation_0168,simulation,V3MC,24,DS,What is the length of the bike in meters?,speed of the bike = 5.52m/s,"t=0s, distance_bike_camera = 28.219m
t=0.5s, distance_bike_camera = 25.554m"
simulation_0168,simulation,V3MC,24,DS,What is the length of the police car in meters?,speed of the bike = 5.52m/s,"t=0s, distance_bike_camera = 28.219m
t=0.5s, distance_bike_camera = 25.554m"
simulation_0168,simulation,V3MC,24,DS,What is the width of the police car in meters?,speed of the bike = 5.52m/s,"t=0s, distance_bike_camera = 28.219m
t=0.5s, distance_bike_camera = 25.554m"
simulation_0168,simulation,V3MC,24,DD,What is the average speed of the police car in m/s?,speed of the bike = 5.52m/s,"t=0s, distance_bike_camera = 28.219m
t=0.5s, distance_bike_camera = 25.554m"
simulation_0168,simulation,V3MC,24,DS,What is the width of the road that the bike and the car are on in meters?,speed of the bike = 5.52m/s,"t=0s, distance_bike_camera = 28.219m
t=0.5s, distance_bike_camera = 25.554m"
simulation_0168,simulation,V3MC,24,DS,What is the diameter of the police car's tire in meters?,speed of the bike = 5.52m/s,"t=0s, distance_bike_camera = 28.219m
t=0.5s, distance_bike_camera = 25.554m"
simulation_0168,simulation,V3MC,24,DS,What is the diameter of the bike's wheel in meters?,speed of the bike = 5.52m/s,"t=0s, distance_bike_camera = 28.219m
t=0.5s, distance_bike_camera = 25.554m"
simulation_0170,simulation,S3SS,24,SD,What is the speed of the astronaut at time 0.5s in m/s?,height of the astronaut = 2.2m,"t=1s, distance_astronaut_camera = 23.137m"
simulation_0170,simulation,S3SS,24,SD,What is the acceleration of the astronaut at time 0.5s in m/s^2?,height of the astronaut = 2.2m,"t=1s, distance_astronaut_camera = 23.137m"
simulation_0170,simulation,S3SS,24,SD,What is the speed of the astronaut at time 1s in m/s?,height of the astronaut = 2.2m,"t=1s, distance_astronaut_camera = 23.137m"
simulation_0170,simulation,S3SS,24,SD,What is the acceleration of the astronaut at time 1s in m/s^2?,height of the astronaut = 2.2m,"t=1s, distance_astronaut_camera = 23.137m"
simulation_0170,simulation,S3SS,24,SD,What is the speed of the astronaut at time 2s in m/s?,height of the astronaut = 2.2m,"t=1s, distance_astronaut_camera = 23.137m"
simulation_0170,simulation,S3SS,24,SD,What is the acceleration of the astronaut at time 2s in m/s^2?,height of the astronaut = 2.2m,"t=1s, distance_astronaut_camera = 23.137m"
simulation_0170,simulation,S3SS,24,SD,What is the speed of the astronaut at time 3s in m/s?,height of the astronaut = 2.2m,"t=1s, distance_astronaut_camera = 23.137m"
simulation_0170,simulation,S3SS,24,SD,What is the acceleration of the astronaut at time 3s in m/s^2?,height of the astronaut = 2.2m,"t=1s, distance_astronaut_camera = 23.137m"
simulation_0172,simulation,S3SS,24,SD,What is the speed of the astronaut at time 0.5s in m/s?,height of the astronaut = 2.2m,"t=1s, distance_astronaut_camera = 18.147m"
simulation_0172,simulation,S3SS,24,SD,What is the acceleration of the astronaut at time 0.5s in m/s^2?,height of the astronaut = 2.2m,"t=1s, distance_astronaut_camera = 18.147m"
simulation_0172,simulation,S3SS,24,SD,What is the speed of the astronaut at time 1s in m/s?,height of the astronaut = 2.2m,"t=1s, distance_astronaut_camera = 18.147m"
simulation_0172,simulation,S3SS,24,SD,What is the acceleration of the astronaut at time 1s in m/s^2?,height of the astronaut = 2.2m,"t=1s, distance_astronaut_camera = 18.147m"
simulation_0172,simulation,S3SS,24,SD,What is the speed of the astronaut at time 2s in m/s?,height of the astronaut = 2.2m,"t=1s, distance_astronaut_camera = 18.147m"
simulation_0172,simulation,S3SS,24,SD,What is the acceleration of the astronaut at time 2s in m/s^2?,height of the astronaut = 2.2m,"t=1s, distance_astronaut_camera = 18.147m"
simulation_0172,simulation,S3SS,24,SD,What is the speed of the astronaut at time 3s in m/s?,height of the astronaut = 2.2m,"t=1s, distance_astronaut_camera = 18.147m"
simulation_0172,simulation,S3SS,24,SD,What is the acceleration of the astronaut at time 3s in m/s^2?,height of the astronaut = 2.2m,"t=1s, distance_astronaut_camera = 18.147m"
simulation_0176,simulation,V3MC,24,DS,What is the length of the airplane in meters?,speed of the airplane = 153.582m/s,"t = 0.5s, distance_aircraft_nose_camera = 284.98m   
t =1s, distance_aircraft_nose_camera = 305.627m   
distance_big_rock_camera = 296.350m"
simulation_0176,simulation,V3MC,24,DS,What is the height of the stone cliff on the beach in meters?,speed of the airplane = 153.582m/s,"t = 0.5s, distance_aircraft_nose_camera = 284.98m   
t =1s, distance_aircraft_nose_camera = 305.627m   
distance_big_rock_camera = 296.350m"
simulation_0176,simulation,V3MC,24,DS,What is the diameter of the rear wheels on an aircraft landing gear in meters?,speed of the airplane = 153.582m/s,"t = 0.5s, distance_aircraft_nose_camera = 284.98m   
t =1s, distance_aircraft_nose_camera = 305.627m   
distance_big_rock_camera = 296.350m"
simulation_0180,simulation,A3MC,24,DS,What is the length of the trolley in meters?,acceleration of the trolley = 1.507m/s,"t=0s, distance_trolley_camera = 12.589m   
t=0.5s, distance_trolley_camera = 12.513m"
simulation_0180,simulation,A3MC,24,DS,What is the height of the trolley in meters?,acceleration of the trolley = 1.507m/s,"t=0s, distance_trolley_camera = 12.589m   
t=0.5s, distance_trolley_camera = 12.513m"
simulation_0180,simulation,A3MC,24,DS,What is the height of the entrance gate (including the frame) in meters?,acceleration of the trolley = 1.507m/s,"t=0s, distance_trolley_camera = 12.589m   
t=0.5s, distance_trolley_camera = 12.513m"
simulation_0180,simulation,A3MC,24,DS,What is the length of the side of the orange tiles on the floor in meters?,acceleration of the trolley = 1.507m/s,"t=0s, distance_trolley_camera = 12.589m   
t=0.5s, distance_trolley_camera = 12.513m"
simulation_0180,simulation,A3MC,24,DD,What is the speed of the trolley at time 1s in m/s?,acceleration of the trolley = 1.507m/s,"t=0s, distance_trolley_camera = 12.589m   
t=0.5s, distance_trolley_camera = 12.513m"
simulation_0180,simulation,A3MC,24,DD,What is the speed of the trolley at time 2s in m/s?,acceleration of the trolley = 1.507m/s,"t=0s, distance_trolley_camera = 12.589m   
t=0.5s, distance_trolley_camera = 12.513m"
simulation_0182,simulation,A3SC,24,DD,What is the acceleration of the box at 0.2s in m/s^2?,acceleration of the box after 0.75s = 2.338m/s^2,"t = 0s, distance_box_camera = 9.522m   
t = 0.5s, distance_box_camera = 9.384m"
simulation_0182,simulation,A3SC,24,DD,What is the speed of the box at time 1s in m/s?,acceleration of the box after 0.75s = 2.338m/s^2,"t = 0s, distance_box_camera = 9.522m   
t = 0.5s, distance_box_camera = 9.384m"
simulation_0182,simulation,A3SC,24,DD,What is the speed of the box at time 1.5s in m/s?,acceleration of the box after 0.75s = 2.338m/s^2,"t = 0s, distance_box_camera = 9.522m   
t = 0.5s, distance_box_camera = 9.384m"
simulation_0182,simulation,A3SC,24,DS,What is the length of the box in meters?,acceleration of the box after 0.75s = 2.338m/s^2,"t = 0s, distance_box_camera = 9.522m   
t = 0.5s, distance_box_camera = 9.384m"
simulation_0182,simulation,A3SC,24,DS,What is the height of the box in meters?,acceleration of the box after 0.75s = 2.338m/s^2,"t = 0s, distance_box_camera = 9.522m   
t = 0.5s, distance_box_camera = 9.384m"
simulation_0184,simulation,A3SC,24,DD,What is the acceleration of the box at 0.2s in m/s^2?,acceleration of the tool box after 1.25s = 1.58m/s^2,"t = 0s, distance_box_camera = 9.194m      
t = 0.5s, distance_box_camera = 9.096m"
simulation_0184,simulation,A3SC,24,DD,What is the speed of the box at time 1s in m/s?,acceleration of the tool box after 1.25s = 1.58m/s^2,"t = 0s, distance_box_camera = 9.194m      
t = 0.5s, distance_box_camera = 9.096m"
simulation_0184,simulation,A3SC,24,DD,What is the speed of the box at time 1.5s in m/s?,acceleration of the tool box after 1.25s = 1.58m/s^2,"t = 0s, distance_box_camera = 9.194m      
t = 0.5s, distance_box_camera = 9.096m"
simulation_0184,simulation,A3SC,24,DS,What is the length of the box in meters?,acceleration of the tool box after 1.25s = 1.58m/s^2,"t = 0s, distance_box_camera = 9.194m      
t = 0.5s, distance_box_camera = 9.096m"
simulation_0184,simulation,A3SC,24,DS,What is the height of the box in meters?,acceleration of the tool box after 1.25s = 1.58m/s^2,"t = 0s, distance_box_camera = 9.194m      
t = 0.5s, distance_box_camera = 9.096m"
simulation_0186,simulation,A3SC,24,DD,What is the acceleration of the box at 0.2s in m/s^2?,acceleration of the gift box after 1s = 3.18m/s^2,"t = 0s, distance_gift_box_camera = 9.859m   
t = 0.5s, distance_gift_box_camera = 9.741m"
simulation_0186,simulation,A3SC,24,DD,What is the speed of the box at time 1s in m/s?,acceleration of the gift box after 1s = 3.18m/s^2,"t = 0s, distance_gift_box_camera = 9.859m   
t = 0.5s, distance_gift_box_camera = 9.741m"
simulation_0186,simulation,A3SC,24,DD,What is the speed of the box at time 1.5s in m/s?,acceleration of the gift box after 1s = 3.18m/s^2,"t = 0s, distance_gift_box_camera = 9.859m   
t = 0.5s, distance_gift_box_camera = 9.741m"
simulation_0186,simulation,A3SC,24,DS,What is the length of the box in meters?,acceleration of the gift box after 1s = 3.18m/s^2,"t = 0s, distance_gift_box_camera = 9.859m   
t = 0.5s, distance_gift_box_camera = 9.741m"
simulation_0186,simulation,A3SC,24,DS,What is the height of the box in meters?,acceleration of the gift box after 1s = 3.18m/s^2,"t = 0s, distance_gift_box_camera = 9.859m   
t = 0.5s, distance_gift_box_camera = 9.741m"
simulation_0188,simulation,A3SS,30,DS,What is the length of the truck in meters?,acceleration of the truck = 10.757m/s^2,"t=0.5s, distance_center_of _the_truck_camera = 22.532m   
t =1s, distance_center_of _the_truck_camera = 19.525m"
simulation_0188,simulation,A3SS,30,DS,What is the height of the truck in meters?,acceleration of the truck = 10.757m/s^2,"t=0.5s, distance_center_of _the_truck_camera = 22.532m   
t =1s, distance_center_of _the_truck_camera = 19.525m"
simulation_0188,simulation,A3SS,30,DS,What is the diameter of the truck's tire in meters?,acceleration of the truck = 10.757m/s^2,"t=0.5s, distance_center_of _the_truck_camera = 22.532m   
t =1s, distance_center_of _the_truck_camera = 19.525m"
simulation_0188,simulation,A3SS,30,DD,What is the speed of the truck at time 1s in m/s?,acceleration of the truck = 10.757m/s^2,"t=0.5s, distance_center_of _the_truck_camera = 22.532m   
t =1s, distance_center_of _the_truck_camera = 19.525m"
simulation_0188,simulation,A3SS,30,DD,What is the speed of the truck at time 1.5s in m/s?,acceleration of the truck = 10.757m/s^2,"t=0.5s, distance_center_of _the_truck_camera = 22.532m   
t =1s, distance_center_of _the_truck_camera = 19.525m"
simulation_0188,simulation,A3SS,30,DS,What is the width of the truck in meters?,acceleration of the truck = 10.757m/s^2,"t=0.5s, distance_center_of _the_truck_camera = 22.532m   
t =1s, distance_center_of _the_truck_camera = 19.525m"
simulation_0201,simulation,A3SS,60,DD,What is the speed of the droplet at time 0.2s in m/s?,acceleration of the droplet = 9.7m/s^2,"t=0s, distance_droplet_camera = 0.156m   
t=0.1s, distance_droplet_camera = 0.186m"
simulation_0201,simulation,A3SS,60,DD,What is the speed of the droplet at time 0.05s in m/s?,acceleration of the droplet = 9.7m/s^2,"t=0s, distance_droplet_camera = 0.156m   
t=0.1s, distance_droplet_camera = 0.186m"
simulation_0201,simulation,A3SS,60,DD,What is the speed of the droplet at time 0.1s in m/s?,acceleration of the droplet = 9.7m/s^2,"t=0s, distance_droplet_camera = 0.156m   
t=0.1s, distance_droplet_camera = 0.186m"
simulation_0299,simulation,A3SX,24,DD,"What is the speed of the forklift at 1.0s, in m/s?",acceleration of the forklift = 2m/s^2,"t = 1.0s, distance_forklift_camera = 16.7953 m
t = 2.0s, distance_forklift_camera = 19.0980 m"
simulation_0299,simulation,A3SX,24,DD,"What is the speed of the forklift at 2.0s, in m/s?",acceleration of the forklift = 2m/s^2,"t = 1.0s, distance_forklift_camera = 16.7953 m
t = 2.0s, distance_forklift_camera = 19.0980 m"
simulation_0299,simulation,A3SX,24,DS,What is the length(from the fork tips to the rear bumper) of the forklift in meters?,acceleration of the forklift = 2m/s^2,"t = 1.0s, distance_forklift_camera = 16.7953 m
t = 2.0s, distance_forklift_camera = 19.0980 m"
simulation_0299,simulation,A3SX,24,DS,What is the width(from the left wheel to the right wheel) of the forklift in meters?,acceleration of the forklift = 2m/s^2,"t = 1.0s, distance_forklift_camera = 16.7953 m
t = 2.0s, distance_forklift_camera = 19.0980 m"
simulation_0299,simulation,A3SX,24,DS,What is the height of the forklift in meters?,acceleration of the forklift = 2m/s^2,"t = 1.0s, distance_forklift_camera = 16.7953 m
t = 2.0s, distance_forklift_camera = 19.0980 m"
simulation_0300,simulation,A3SX,24,DD,"What is the speed of the car at 1.0s, in m/s?",acceleration of the car = 5m/s^2,"t = 1.0s, distance_car_camera = 17.8278 m
t = 2.0s, distance_car_camera = 23.1989 m"
simulation_0300,simulation,A3SX,24,DD,"What is the speed of the car at 2.0s, in m/s?",acceleration of the car = 5m/s^2,"t = 1.0s, distance_car_camera = 17.8278 m
t = 2.0s, distance_car_camera = 23.1989 m"
simulation_0300,simulation,A3SX,24,DS,What is the length ((from the front to the back) of the car in meters?,acceleration of the car = 5m/s^2,"t = 1.0s, distance_car_camera = 17.8278 m
t = 2.0s, distance_car_camera = 23.1989 m"
simulation_0300,simulation,A3SX,24,DS,What is the width (from the left wheel to the right wheel) of the car in meters?,acceleration of the car = 5m/s^2,"t = 1.0s, distance_car_camera = 17.8278 m
t = 2.0s, distance_car_camera = 23.1989 m"
simulation_0300,simulation,A3SX,24,DS,What is the height of the car in meters?,acceleration of the car = 5m/s^2,"t = 1.0s, distance_car_camera = 17.8278 m
t = 2.0s, distance_car_camera = 23.1989 m"
simulation_0301,simulation,A3MX,24,DD,"What is the speed of the forklift at 1.0s, in m/s?",acceleration of the forklift = 2m/s^2,"t = 1.0s, distance_forklift_camera = 16.7953 m
t = 2.0s, distance_forklift_camera = 19.0980 m
t = 1.0s, distance_car_camera = 17.8278 m
t = 2.0s, distance_car_camera = 23.1989 m"
simulation_0301,simulation,A3MX,24,DD,"What is the speed of the forklift at 2.0s, in m/s?",acceleration of the forklift = 2m/s^2,"t = 1.0s, distance_forklift_camera = 16.7953 m
t = 2.0s, distance_forklift_camera = 19.0980 m
t = 1.0s, distance_car_camera = 17.8278 m
t = 2.0s, distance_car_camera = 23.1989 m"
simulation_0301,simulation,A3MX,24,DS,What is the length(from the fork tips to the rear bumper) of the forklift in meters?,acceleration of the forklift = 2m/s^2,"t = 1.0s, distance_forklift_camera = 16.7953 m
t = 2.0s, distance_forklift_camera = 19.0980 m
t = 1.0s, distance_car_camera = 17.8278 m
t = 2.0s, distance_car_camera = 23.1989 m"
simulation_0301,simulation,A3MX,24,DS,What is the width(from the left wheel to the right wheel) of the forklift in meters?,acceleration of the forklift = 2m/s^2,"t = 1.0s, distance_forklift_camera = 16.7953 m
t = 2.0s, distance_forklift_camera = 19.0980 m
t = 1.0s, distance_car_camera = 17.8278 m
t = 2.0s, distance_car_camera = 23.1989 m"
simulation_0301,simulation,A3MX,24,DS,What is the height of the forklift in meters?,acceleration of the forklift = 2m/s^2,"t = 1.0s, distance_forklift_camera = 16.7953 m
t = 2.0s, distance_forklift_camera = 19.0980 m
t = 1.0s, distance_car_camera = 17.8278 m
t = 2.0s, distance_car_camera = 23.1989 m"
simulation_0301,simulation,A3MX,24,DD,"What is the speed of the car at 1.0s, in m/s?",acceleration of the forklift = 2m/s^2,"t = 1.0s, distance_forklift_camera = 16.7953 m
t = 2.0s, distance_forklift_camera = 19.0980 m
t = 1.0s, distance_car_camera = 17.8278 m
t = 2.0s, distance_car_camera = 23.1989 m"
simulation_0301,simulation,A3MX,24,DD,"What is the speed of the car at 2.0s, in m/s?",acceleration of the forklift = 2m/s^2,"t = 1.0s, distance_forklift_camera = 16.7953 m
t = 2.0s, distance_forklift_camera = 19.0980 m
t = 1.0s, distance_car_camera = 17.8278 m
t = 2.0s, distance_car_camera = 23.1989 m"
simulation_0301,simulation,A3MX,24,DS,What is the length ((from the front to the back) of the car in meters?,acceleration of the forklift = 2m/s^2,"t = 1.0s, distance_forklift_camera = 16.7953 m
t = 2.0s, distance_forklift_camera = 19.0980 m
t = 1.0s, distance_car_camera = 17.8278 m
t = 2.0s, distance_car_camera = 23.1989 m"
simulation_0301,simulation,A3MX,24,DS,What is the width (from the left wheel to the right wheel) of the car in meters?,acceleration of the forklift = 2m/s^2,"t = 1.0s, distance_forklift_camera = 16.7953 m
t = 2.0s, distance_forklift_camera = 19.0980 m
t = 1.0s, distance_car_camera = 17.8278 m
t = 2.0s, distance_car_camera = 23.1989 m"
simulation_0301,simulation,A3MX,24,DS,What is the height of the car in meters?,acceleration of the forklift = 2m/s^2,"t = 1.0s, distance_forklift_camera = 16.7953 m
t = 2.0s, distance_forklift_camera = 19.0980 m
t = 1.0s, distance_car_camera = 17.8278 m
t = 2.0s, distance_car_camera = 23.1989 m"
simulation_0301,simulation,A3MX,24,DD,What is the acceleration of the car at 2.0s in m/s^2?,acceleration of the forklift = 2m/s^2,"t = 1.0s, distance_forklift_camera = 16.7953 m
t = 2.0s, distance_forklift_camera = 19.0980 m
t = 1.0s, distance_car_camera = 17.8278 m
t = 2.0s, distance_car_camera = 23.1989 m"
simulation_0302,simulation,V3SX,24,DS,What is the body length of the dragon in meters?,speed of the dragon = 1.29m/s,"t = 1.0s, distance_dragon_camera = 5.1661 m
t = 2.0s, distance_dragon_camera = 6.2783 m"
simulation_0302,simulation,V3SX,24,DS,"What is the displacement of the dragon from 0.5 s to 1.0 s, in meters?",speed of the dragon = 1.29m/s,"t = 1.0s, distance_dragon_camera = 5.1661 m
t = 2.0s, distance_dragon_camera = 6.2783 m"
simulation_0303,simulation,V3SX,25,DS,What is the length of the plane in meters?,speed of the plane = 22.16 m/s,"t = 1.0s, distance_plane_camera = 102.6664 m
t = 2.0s, distance_plane_camera = 121.8263 m"
simulation_0303,simulation,V3SX,25,DS,What is the width of the plane in meters?,speed of the plane = 22.16 m/s,"t = 1.0s, distance_plane_camera = 102.6664 m
t = 2.0s, distance_plane_camera = 121.8263 m"
simulation_0303,simulation,V3SX,25,DS,"What is the displacement of the plane from 0.5 s to 1.0 s, in meters?",speed of the plane = 22.16 m/s,"t = 1.0s, distance_plane_camera = 102.6664 m
t = 2.0s, distance_plane_camera = 121.8263 m"
simulation_0304,simulation,V3SX,24,DS,What is the length of the whale in meters?,speed of the whale = 1.67m/s,"t = 1.0s, distance_whale_camera = 33.7307 m
t = 2.0s, distance_whale_camera = 35.1624 m"
simulation_0304,simulation,V3SX,24,DS,"What is the displacement of the whale from 0.5 s to 1.0 s, in meters?",speed of the whale = 1.67m/s,"t = 1.0s, distance_whale_camera = 33.7307 m
t = 2.0s, distance_whale_camera = 35.1624 m"
simulation_0305,simulation,V3SS,24,DS,What is the length of the plane in meters?,speed of the plane = 22.16 m/s,"t = 1.0s, distance_plane_camera = 102.6664 m
t = 2.0s, distance_plane_camera = 121.8263 m"
simulation_0305,simulation,V3SS,24,DS,What is the width of the plane in meters?,speed of the plane = 22.16 m/s,"t = 1.0s, distance_plane_camera = 102.6664 m
t = 2.0s, distance_plane_camera = 121.8263 m"
simulation_0305,simulation,V3SS,24,DS,"What is the displacement of the plane from 0.5 s to 1.0 s, in meters?",speed of the plane = 22.16 m/s,"t = 1.0s, distance_plane_camera = 102.6664 m
t = 2.0s, distance_plane_camera = 121.8263 m"
simulation_0306,simulation,V3SS,24,DS,What is the length of the whale in meters?,speed of the whale = 1.67m/s,"t = 1.0s, distance_whale_camera = 33.7307 m
t = 2.0s, distance_whale_camera = 35.1624 m"
simulation_0306,simulation,V3SS,24,DS,"What is the displacement of the whale from 0.5 s to 1.0 s, in meters?",speed of the whale = 1.67m/s,"t = 1.0s, distance_whale_camera = 33.7307 m
t = 2.0s, distance_whale_camera = 35.1624 m"
simulation_0307,simulation,V3SC,24,DS,What is the length of the plane in meters?,speed of the plane = 22.16 m/s,"t = 1.0s, distance_plane_camera = 102.6664 m
t = 2.0s, distance_plane_camera = 121.8263 m"
simulation_0307,simulation,V3SC,24,DS,What is the width of the plane in meters?,speed of the plane = 22.16 m/s,"t = 1.0s, distance_plane_camera = 102.6664 m
t = 2.0s, distance_plane_camera = 121.8263 m"
simulation_0307,simulation,V3SC,24,DS,"What is the displacement of the plane from 0.5 s to 1.0 s, in meters?",speed of the plane = 22.16 m/s,"t = 1.0s, distance_plane_camera = 102.6664 m
t = 2.0s, distance_plane_camera = 121.8263 m"
simulation_0308,simulation,V3SC,24,DS,What is the length of the whale in meters?,speed of the whale = 1.67m/s,"t = 1.0s, distance_whale_camera = 33.7307 m
t = 2.0s, distance_whale_camera = 35.1624 m"
simulation_0308,simulation,V3SC,24,DS,"What is the displacement of the whale from 0.5 s to 1.0 s, in meters?",speed of the whale = 1.67m/s,"t = 1.0s, distance_whale_camera = 33.7307 m
t = 2.0s, distance_whale_camera = 35.1624 m"
simulation_0309,simulation,V3SC,24,DS,What is the body length of the dragon in meters?,speed of the dragon = 1.29m/s,"t = 1.0s, distance_dragon_camera = 5.2108 m
t = 2.0s, distance_dragon_camera = 6.3261 m"
simulation_0309,simulation,V3SC,24,DS,"What is the displacement of the dragon from 0.5 s to 1.0 s, in meters?",speed of the dragon = 1.29m/s,"t = 1.0s, distance_dragon_camera = 5.2108 m
t = 2.0s, distance_dragon_camera = 6.3261 m"
simulation_0310,simulation,S3SC,24,SD,"What is the speed of the forklift at 1.0s, in m/s?",height of the forklift = 2.47m,"t = 1.0s, distance_forklift_camera = 16.7953 m
t = 2.0s, distance_forklift_camera = 19.0980 m"
simulation_0310,simulation,S3SC,24,SD,"What is the speed of the forklift at 2.0s, in m/s?",height of the forklift = 2.47m,"t = 1.0s, distance_forklift_camera = 16.7953 m
t = 2.0s, distance_forklift_camera = 19.0980 m"
simulation_0310,simulation,S3SC,24,SS,What is the length(from the fork tips to the rear bumper) of the forklift in meters?,height of the forklift = 2.47m,"t = 1.0s, distance_forklift_camera = 16.7953 m
t = 2.0s, distance_forklift_camera = 19.0980 m"
simulation_0310,simulation,S3SC,24,SS,What is the width(from the left wheel to the right wheel) of the forklift in meters?,height of the forklift = 2.47m,"t = 1.0s, distance_forklift_camera = 16.7953 m
t = 2.0s, distance_forklift_camera = 19.0980 m"
simulation_0310,simulation,S3SC,24,SD,What is the acceleration of the forklift at 1.0s in m/s^2?,height of the forklift = 2.47m,"t = 1.0s, distance_forklift_camera = 16.7953 m
t = 2.0s, distance_forklift_camera = 19.0980 m"
simulation_0311,simulation,S3SC,24,SD,"What is the speed of the car at 1.0s, in m/s?",height of the car = 1.15m,"t = 1.0s, distance_car_camera = 17.8278 m
t = 2.0s, distance_car_camera = 23.1989 m"
simulation_0311,simulation,S3SC,24,SD,"What is the speed of the car at 2.0s, in m/s?",height of the car = 1.15m,"t = 1.0s, distance_car_camera = 17.8278 m
t = 2.0s, distance_car_camera = 23.1989 m"
simulation_0311,simulation,S3SC,24,SS,What is the length ((from the front to the back) of the car in meters?,height of the car = 1.15m,"t = 1.0s, distance_car_camera = 17.8278 m
t = 2.0s, distance_car_camera = 23.1989 m"
simulation_0311,simulation,S3SC,24,SS,What is the width (from the left wheel to the right wheel) of the car in meters?,height of the car = 1.15m,"t = 1.0s, distance_car_camera = 17.8278 m
t = 2.0s, distance_car_camera = 23.1989 m"
simulation_0311,simulation,S3SC,24,SD,What is the acceleration of the car at 1.0s in m/s^2?,height of the car = 1.15m,"t = 1.0s, distance_car_camera = 17.8278 m
t = 2.0s, distance_car_camera = 23.1989 m"
simulation_0016,simulation,V3MC,33,DS,What is the width of the pedestal (square base) of the central sculpture in meters?,speed of the person = 1.3m/s,"t=1s, distance_human_camera = 9.24m
t=2s, distance_human_camera = 9.14m
distance_pedestal_square_base_of_the_central_sculpture_camera = 9.967m
distance_left_bench_seat_camera = 10.63m
distance_right_bench_seat_camera = 10.59m"
simulation_0016,simulation,V3MC,33,DS,What is the width of the bench seat in the atrium in meters?,speed of the person = 1.3m/s,"t=1s, distance_human_camera = 9.24m
t=2s, distance_human_camera = 9.14m
distance_pedestal_square_base_of_the_central_sculpture_camera = 9.967m
distance_left_bench_seat_camera = 10.63m
distance_right_bench_seat_camera = 10.59m"
simulation_0016,simulation,V3MC,33,DS,What is the length of the bench seat in the atrium in meters?,speed of the person = 1.3m/s,"t=1s, distance_human_camera = 9.24m
t=2s, distance_human_camera = 9.14m
distance_pedestal_square_base_of_the_central_sculpture_camera = 9.967m
distance_left_bench_seat_camera = 10.63m
distance_right_bench_seat_camera = 10.59m"
simulation_0030,simulation,V3MC,24,DS,What is the length of the eagle in meters?,speed of the eagle = 12m/s,"t=0s, distance_bird_camera = 25.328m
t=0.5s, distance_bird_camera = 24.899m
distance_neonsign_camera = 34.5m"
simulation_0140,simulation,S3MC,24,SS,What is the height of each window frame in meters?,width of each window frame = 1.48m,"t=0s, distance_bird_camera = 25.328m
t=0.5s, distance_bird_camera = 24.899m
distance_neonsign_camera = 34.5m"
simulation_0140,simulation,S3MC,24,SS,What is the width of the letter neon sign in meters?,width of each window frame = 1.48m,"t=0s, distance_bird_camera = 25.328m
t=0.5s, distance_bird_camera = 24.899m
distance_neonsign_camera = 34.5m"
simulation_0140,simulation,S3MC,24,SS,What is the height of the letter neon sign in meters?,width of each window frame = 1.48m,"t=0s, distance_bird_camera = 25.328m
t=0.5s, distance_bird_camera = 24.899m
distance_neonsign_camera = 34.5m"
simulation_0140,simulation,S3MC,24,SS,What is the distance between the bird’s flight path and the wall with the neon sign in meters?,width of each window frame = 1.48m,"t=0s, distance_bird_camera = 25.328m
t=0.5s, distance_bird_camera = 24.899m
distance_neonsign_camera = 34.5m"
simulation_0140,simulation,S3MC,24,SS,What is the total length of the bird’s flight path in meters?,width of each window frame = 1.48m,"t=0s, distance_bird_camera = 25.328m
t=0.5s, distance_bird_camera = 24.899m
distance_neonsign_camera = 34.5m"
simulation_0140,simulation,S3MC,24,SD,What is the velocity of the bird at 1.0s in m/s?,width of each window frame = 1.48m,"t=0s, distance_bird_camera = 25.328m
t=0.5s, distance_bird_camera = 24.899m
distance_neonsign_camera = 34.5m"
simulation_0141,simulation,V3MC,24,DS,What is the height of the man in meters?,walking speed = 1.693m/s,"t=0s, distance_man_camera = 4.15m   
t=0.5s, distance_man_camera = 5.03m"
simulation_0141,simulation,V3MC,24,DS,What is the total distance the man walked in meters?,walking speed = 1.693m/s,"t=0s, distance_man_camera = 4.15m   
t=0.5s, distance_man_camera = 5.03m"
simulation_0141,simulation,V3MC,24,DS,What is the side length of the floor tile in meters?,walking speed = 1.693m/s,"t=0s, distance_man_camera = 4.15m   
t=0.5s, distance_man_camera = 5.03m"
simulation_0141,simulation,V3MC,24,DS,What is the distance from the man’s foot to the left wall in meters?,walking speed = 1.693m/s,"t=0s, distance_man_camera = 4.15m   
t=0.5s, distance_man_camera = 5.03m"
simulation_0141,simulation,V3MC,24,DS,What is the distance from the man’s foot to the right wall in meters?,walking speed = 1.693m/s,"t=0s, distance_man_camera = 4.15m   
t=0.5s, distance_man_camera = 5.03m"
simulation_0144,simulation,S3MC,24,SS,What is the diameter of the tire in meters?,length of the rocket = 2.9m,"t=0s, distance_rocket_camera = 43.064m   
t=0.5s, distance_rocket_camera = 41.127m"
simulation_0144,simulation,S3MC,24,SS,What is the width of the vehicle in meters?,length of the rocket = 2.9m,"t=0s, distance_rocket_camera = 43.064m   
t=0.5s, distance_rocket_camera = 41.127m"
simulation_0144,simulation,S3MC,24,SD,What is the average speed of the rocket in m/s?,length of the rocket = 2.9m,"t=0s, distance_rocket_camera = 43.064m   
t=0.5s, distance_rocket_camera = 41.127m"
simulation_0144,simulation,S3MC,24,SD,What is the speed of the rocket at time 1s in m/s?,length of the rocket = 2.9m,"t=0s, distance_rocket_camera = 43.064m   
t=0.5s, distance_rocket_camera = 41.127m"
simulation_0144,simulation,S3MC,24,SD,What is the acceleration of the rocket at time 1s in m/s^2?,length of the rocket = 2.9m,"t=0s, distance_rocket_camera = 43.064m   
t=0.5s, distance_rocket_camera = 41.127m"
simulation_0144,simulation,S3MC,24,SD,"What is the width of the road the vehicle is on, in meters?",length of the rocket = 2.9m,"t=0s, distance_rocket_camera = 43.064m   
t=0.5s, distance_rocket_camera = 41.127m"
simulation_0149,simulation,S3MC,24,SS,What is the width of the car in meters?,diameter of the tire = 0.764m,"t=0s, distance_yellowCarRightFrontTire_camera = 14.244m"
simulation_0149,simulation,S3MC,24,SS,"What is the height, in meters, of the black-and-white collision warning markings on the pillar?",diameter of the tire = 0.764m,"t=0s, distance_yellowCarRightFrontTire_camera = 14.244m"
simulation_0149,simulation,S3MC,24,SS,"What is the width of the pillar, in meters, with the collision warning markings on it?",diameter of the tire = 0.764m,"t=0s, distance_yellowCarRightFrontTire_camera = 14.244m"
simulation_0149,simulation,S3MC,24,SD,What is the speed of the car at time 0.5s in m/s?,diameter of the tire = 0.764m,"t=0s, distance_yellowCarRightFrontTire_camera = 14.244m"
simulation_0149,simulation,S3MC,24,SD,What is the acceleration of the car at time 0.5s in m/s^2?,diameter of the tire = 0.764m,"t=0s, distance_yellowCarRightFrontTire_camera = 14.244m"
simulation_0149,simulation,S3MC,24,SD,What is the speed of the car at time 1s in m/s?,diameter of the tire = 0.764m,"t=0s, distance_yellowCarRightFrontTire_camera = 14.244m"
simulation_0149,simulation,S3MC,24,SD,What is the acceleration of the car at time 1s in m/s^2?,diameter of the tire = 0.764m,"t=0s, distance_yellowCarRightFrontTire_camera = 14.244m"
simulation_0150,simulation,S3MC,24,SS,What is the width of the car in meters?,diameter of the tire = 0.764m,"t=0.5s, distance_yellowCarLeftFrontTire_camera = 11.38m,
distance_camera_B1sign = 23.44m"
simulation_0150,simulation,S3MC,24,SS,"What is the height, in meters, of the black-and-white collision warning markings on the pillar?",diameter of the tire = 0.764m,"t=0.5s, distance_yellowCarLeftFrontTire_camera = 11.38m,
distance_camera_B1sign = 23.44m"
simulation_0150,simulation,S3MC,24,SS,"What is the width of the pillar, in meters, with the collision warning markings on it?",diameter of the tire = 0.764m,"t=0.5s, distance_yellowCarLeftFrontTire_camera = 11.38m,
distance_camera_B1sign = 23.44m"
simulation_0150,simulation,S3MC,24,SD,What is the speed of the car at time 0.5s in m/s?,diameter of the tire = 0.764m,"t=0.5s, distance_yellowCarLeftFrontTire_camera = 11.38m,
distance_camera_B1sign = 23.44m"
simulation_0150,simulation,S3MC,24,SD,What is the acceleration of the car at time 0.5s in m/s^2?,diameter of the tire = 0.764m,"t=0.5s, distance_yellowCarLeftFrontTire_camera = 11.38m,
distance_camera_B1sign = 23.44m"
simulation_0150,simulation,S3MC,24,SD,What is the speed of the car at time 1s in m/s?,diameter of the tire = 0.764m,"t=0.5s, distance_yellowCarLeftFrontTire_camera = 11.38m,
distance_camera_B1sign = 23.44m"
simulation_0150,simulation,S3MC,24,SD,What is the acceleration of the car at time 1s in m/s^2?,diameter of the tire = 0.764m,"t=0.5s, distance_yellowCarLeftFrontTire_camera = 11.38m,
distance_camera_B1sign = 23.44m"
simulation_0150,simulation,S3MC,24,SS,"What is the width, in meters, of the 'B1' lettering on the wall behind the car?",diameter of the tire = 0.764m,"t=0.5s, distance_yellowCarLeftFrontTire_camera = 11.38m,
distance_camera_B1sign = 23.44m"
simulation_0150,simulation,S3MC,24,SS,"What is the height, in meters, of the 'B1' lettering on the wall behind the car?",diameter of the tire = 0.764m,"t=0.5s, distance_yellowCarLeftFrontTire_camera = 11.38m,
distance_camera_B1sign = 23.44m"
simulation_0150,simulation,S3MC,24,SS,"What is the distance, in meters, between the pillars on one side?",diameter of the tire = 0.764m,"t=0.5s, distance_yellowCarLeftFrontTire_camera = 11.38m,
distance_camera_B1sign = 23.44m"
simulation_0151,simulation,S3MC,24,SS,"What is the width, in meters, of the blue car?","diameter of the tire of the yellow car = 0.764m
diameter of the tire of the blue car = 0.369m","t=0.5s, distance_yellowCarLeftFrontTire_camera = 11.38m"
simulation_0151,simulation,S3MC,24,SD,What is the speed of the yellow car at time 1s in m/s?,"diameter of the tire of the yellow car = 0.764m
diameter of the tire of the blue car = 0.369m","t=0.5s, distance_yellowCarLeftFrontTire_camera = 11.38m"
simulation_0151,simulation,S3MC,24,SD,What is the acceleration of the yellow car at time 1s in m/s^2?,"diameter of the tire of the yellow car = 0.764m
diameter of the tire of the blue car = 0.369m","t=0.5s, distance_yellowCarLeftFrontTire_camera = 11.38m"
simulation_0151,simulation,S3MC,24,SD,What is the speed of the blue car at time 1s in m/s?,"diameter of the tire of the yellow car = 0.764m
diameter of the tire of the blue car = 0.369m","t=0.5s, distance_yellowCarLeftFrontTire_camera = 11.38m"
simulation_0151,simulation,S3MC,24,SD,What is the acceleration of the blue car at time 1s in m/s^2?,"diameter of the tire of the yellow car = 0.764m
diameter of the tire of the blue car = 0.369m","t=0.5s, distance_yellowCarLeftFrontTire_camera = 11.38m"
simulation_0152,simulation,S3MC,24,SS,"What is the width, in meters, of the blue car?","diameter of the tire of the yellow car = 0.764m
diameter of the tire of the blue car = 0.369m","t=1s, distance_blueCarRightFrontTire_camera = 9.312m"
simulation_0152,simulation,S3MC,24,SD,What is the speed of the yellow car at time 1s in m/s?,"diameter of the tire of the yellow car = 0.764m
diameter of the tire of the blue car = 0.369m","t=1s, distance_blueCarRightFrontTire_camera = 9.312m"
simulation_0152,simulation,S3MC,24,SD,What is the acceleration of the yellow car at time 1s in m/s^2?,"diameter of the tire of the yellow car = 0.764m
diameter of the tire of the blue car = 0.369m","t=1s, distance_blueCarRightFrontTire_camera = 9.312m"
simulation_0152,simulation,S3MC,24,SD,What is the speed of the blue car at time 1s in m/s?,"diameter of the tire of the yellow car = 0.764m
diameter of the tire of the blue car = 0.369m","t=1s, distance_blueCarRightFrontTire_camera = 9.312m"
simulation_0152,simulation,S3MC,24,SD,What is the acceleration of the blue car at time 1s in m/s^2?,"diameter of the tire of the yellow car = 0.764m
diameter of the tire of the blue car = 0.369m","t=1s, distance_blueCarRightFrontTire_camera = 9.312m"
simulation_0159,simulation,A3MS,24,DS,How long is the turtle in meters?,acceleration of the turtle = 2.639 m/s^2,"t=0s, distance_turtle_camera = 15.232m   
t=0.5s, distance_turtle_camera = 14.968m
t=0s, distance_shark_camera = 16.474m
t=0.5s, distance_shark_camera = 15.744m"
simulation_0159,simulation,A3MS,24,DD,What is the speed of the turtle at time 1s in m/s?,acceleration of the turtle = 2.639 m/s^2,"t=0s, distance_turtle_camera = 15.232m   
t=0.5s, distance_turtle_camera = 14.968m
t=0s, distance_shark_camera = 16.474m
t=0.5s, distance_shark_camera = 15.744m"
simulation_0159,simulation,A3MS,24,DD,What is the speed of the turtle at time 1.5s in m/s?,acceleration of the turtle = 2.639 m/s^2,"t=0s, distance_turtle_camera = 15.232m   
t=0.5s, distance_turtle_camera = 14.968m
t=0s, distance_shark_camera = 16.474m
t=0.5s, distance_shark_camera = 15.744m"
simulation_0159,simulation,A3MS,24,DS,How long is the shark in meters?,acceleration of the turtle = 2.639 m/s^2,"t=0s, distance_turtle_camera = 15.232m   
t=0.5s, distance_turtle_camera = 14.968m
t=0s, distance_shark_camera = 16.474m
t=0.5s, distance_shark_camera = 15.744m"
simulation_0159,simulation,A3MS,24,DS,What is the difference in water depth between the centers of the shark’s body and the turtle’s body in meters?,acceleration of the turtle = 2.639 m/s^2,"t=0s, distance_turtle_camera = 15.232m   
t=0.5s, distance_turtle_camera = 14.968m
t=0s, distance_shark_camera = 16.474m
t=0.5s, distance_shark_camera = 15.744m"
simulation_0159,simulation,A3MS,24,DD,What is the acceleration of the shark at 0.5s in m/s^2?,acceleration of the turtle = 2.639 m/s^2,"t=0s, distance_turtle_camera = 15.232m   
t=0.5s, distance_turtle_camera = 14.968m
t=0s, distance_shark_camera = 16.474m
t=0.5s, distance_shark_camera = 15.744m"
simulation_0159,simulation,A3MS,24,DD,What is the speed of the shark at time 1s in m/s?,acceleration of the turtle = 2.639 m/s^2,"t=0s, distance_turtle_camera = 15.232m   
t=0.5s, distance_turtle_camera = 14.968m
t=0s, distance_shark_camera = 16.474m
t=0.5s, distance_shark_camera = 15.744m"
simulation_0159,simulation,A3MS,24,DD,What is the speed of the shark at time 1.5s in m/s?,acceleration of the turtle = 2.639 m/s^2,"t=0s, distance_turtle_camera = 15.232m   
t=0.5s, distance_turtle_camera = 14.968m
t=0s, distance_shark_camera = 16.474m
t=0.5s, distance_shark_camera = 15.744m"
simulation_0195,simulation,V3MS,30,DS,What is the orbital diameter of the Callisto model in meters?,Callisto's model speed = 0.627 m/s,"t=0s, distance_small_Callisto_camera = 13.004m   
t =3s, distance_small_Callisto_camera = 13.856m
distance_big_europa_camera = 16.549m"
simulation_0195,simulation,V3MS,30,DS,What is the diameter of the model of Callisto (orbiting model) in meters?,Callisto's model speed = 0.627 m/s,"t=0s, distance_small_Callisto_camera = 13.004m   
t =3s, distance_small_Callisto_camera = 13.856m
distance_big_europa_camera = 16.549m"
simulation_0195,simulation,V3MS,30,DS,What is the diameter of the model of Jupiter (the one at the center) in meters?,Callisto's model speed = 0.627 m/s,"t=0s, distance_small_Callisto_camera = 13.004m   
t =3s, distance_small_Callisto_camera = 13.856m
distance_big_europa_camera = 16.549m"
simulation_0202,simulation,A3MC,24,DS,What is the length of the table in meters?,acceleration of the magnifying glass before 0.5s = 9.8m/s^2,"t=0s, distance_magnifying_glass_camera = 4.2401m  
t=0.5s, distance_magnifying_glass_camera = 4.4097m  
distance_gun_camera = 4.704m  
distance_desktop_corner_far_right_camera = 5.009m  
distance_desktop_corner_near_camera = 3.593m"
simulation_0202,simulation,A3MC,24,DS,What is the width of the table in meters?,acceleration of the magnifying glass before 0.5s = 9.8m/s^2,"t=0s, distance_magnifying_glass_camera = 4.2401m  
t=0.5s, distance_magnifying_glass_camera = 4.4097m  
distance_gun_camera = 4.704m  
distance_desktop_corner_far_right_camera = 5.009m  
distance_desktop_corner_near_camera = 3.593m"
simulation_0202,simulation,A3MC,24,DS,What is the length of the typewriter in meters?,acceleration of the magnifying glass before 0.5s = 9.8m/s^2,"t=0s, distance_magnifying_glass_camera = 4.2401m  
t=0.5s, distance_magnifying_glass_camera = 4.4097m  
distance_gun_camera = 4.704m  
distance_desktop_corner_far_right_camera = 5.009m  
distance_desktop_corner_near_camera = 3.593m"
simulation_0202,simulation,A3MC,24,DS,What is the width of the typewriter in meters?,acceleration of the magnifying glass before 0.5s = 9.8m/s^2,"t=0s, distance_magnifying_glass_camera = 4.2401m  
t=0.5s, distance_magnifying_glass_camera = 4.4097m  
distance_gun_camera = 4.704m  
distance_desktop_corner_far_right_camera = 5.009m  
distance_desktop_corner_near_camera = 3.593m"
simulation_0202,simulation,A3MC,24,DS,What is the height of the typewriter in meters?,acceleration of the magnifying glass before 0.5s = 9.8m/s^2,"t=0s, distance_magnifying_glass_camera = 4.2401m  
t=0.5s, distance_magnifying_glass_camera = 4.4097m  
distance_gun_camera = 4.704m  
distance_desktop_corner_far_right_camera = 5.009m  
distance_desktop_corner_near_camera = 3.593m"
simulation_0202,simulation,A3MC,24,DS,What is the width of the paper next to the magnifying glass in meters?,acceleration of the magnifying glass before 0.5s = 9.8m/s^2,"t=0s, distance_magnifying_glass_camera = 4.2401m  
t=0.5s, distance_magnifying_glass_camera = 4.4097m  
distance_gun_camera = 4.704m  
distance_desktop_corner_far_right_camera = 5.009m  
distance_desktop_corner_near_camera = 3.593m"
simulation_0202,simulation,A3MC,24,DD,What is the speed of the magnifying glass at time 0.125s in m/s?,acceleration of the magnifying glass before 0.5s = 9.8m/s^2,"t=0s, distance_magnifying_glass_camera = 4.2401m  
t=0.5s, distance_magnifying_glass_camera = 4.4097m  
distance_gun_camera = 4.704m  
distance_desktop_corner_far_right_camera = 5.009m  
distance_desktop_corner_near_camera = 3.593m"
simulation_0202,simulation,A3MC,24,DD,What is the speed of the magnifying glass at time 0.25s in m/s?,acceleration of the magnifying glass before 0.5s = 9.8m/s^2,"t=0s, distance_magnifying_glass_camera = 4.2401m  
t=0.5s, distance_magnifying_glass_camera = 4.4097m  
distance_gun_camera = 4.704m  
distance_desktop_corner_far_right_camera = 5.009m  
distance_desktop_corner_near_camera = 3.593m"
simulation_0202,simulation,A3MC,24,DD,What is the speed of the magnifying glass at time 0.333s in m/s?,acceleration of the magnifying glass before 0.5s = 9.8m/s^2,"t=0s, distance_magnifying_glass_camera = 4.2401m  
t=0.5s, distance_magnifying_glass_camera = 4.4097m  
distance_gun_camera = 4.704m  
distance_desktop_corner_far_right_camera = 5.009m  
distance_desktop_corner_near_camera = 3.593m"
simulation_0205,simulation,A3MS,24,DS,What is the length of the table in meters?,acceleration of the magnifying glass before 0.5s = 9.8m/s^2,"t=0s, distance_magnifying_glass_camera = 4.2401m  
t=0.5s, distance_magnifying_glass_camera = 4.4097m  
distance_gun_camera = 4.704m  
distance_desktop_corner_far_right_camera = 5.009m  
distance_desktop_corner_near_camera = 3.593m"
simulation_0205,simulation,A3MS,24,DS,What is the width of the table in meters?,acceleration of the magnifying glass before 0.5s = 9.8m/s^2,"t=0s, distance_magnifying_glass_camera = 4.2401m  
t=0.5s, distance_magnifying_glass_camera = 4.4097m  
distance_gun_camera = 4.704m  
distance_desktop_corner_far_right_camera = 5.009m  
distance_desktop_corner_near_camera = 3.593m"
simulation_0205,simulation,A3MS,24,DS,What is the length of the typewriter in meters?,acceleration of the magnifying glass before 0.5s = 9.8m/s^2,"t=0s, distance_magnifying_glass_camera = 4.2401m  
t=0.5s, distance_magnifying_glass_camera = 4.4097m  
distance_gun_camera = 4.704m  
distance_desktop_corner_far_right_camera = 5.009m  
distance_desktop_corner_near_camera = 3.593m"
simulation_0205,simulation,A3MS,24,DS,What is the width of the typewriter in meters?,acceleration of the magnifying glass before 0.5s = 9.8m/s^2,"t=0s, distance_magnifying_glass_camera = 4.2401m  
t=0.5s, distance_magnifying_glass_camera = 4.4097m  
distance_gun_camera = 4.704m  
distance_desktop_corner_far_right_camera = 5.009m  
distance_desktop_corner_near_camera = 3.593m"
simulation_0205,simulation,A3MS,24,DS,What is the height of the typewriter in meters?,acceleration of the magnifying glass before 0.5s = 9.8m/s^2,"t=0s, distance_magnifying_glass_camera = 4.2401m  
t=0.5s, distance_magnifying_glass_camera = 4.4097m  
distance_gun_camera = 4.704m  
distance_desktop_corner_far_right_camera = 5.009m  
distance_desktop_corner_near_camera = 3.593m"
simulation_0205,simulation,A3MS,24,DD,What is the speed of the magnifying glass at time 0.125s in m/s?,acceleration of the magnifying glass before 0.5s = 9.8m/s^2,"t=0s, distance_magnifying_glass_camera = 4.2401m  
t=0.5s, distance_magnifying_glass_camera = 4.4097m  
distance_gun_camera = 4.704m  
distance_desktop_corner_far_right_camera = 5.009m  
distance_desktop_corner_near_camera = 3.593m"
simulation_0205,simulation,A3MS,24,DD,What is the speed of the magnifying glass at time 0.25s in m/s?,acceleration of the magnifying glass before 0.5s = 9.8m/s^2,"t=0s, distance_magnifying_glass_camera = 4.2401m  
t=0.5s, distance_magnifying_glass_camera = 4.4097m  
distance_gun_camera = 4.704m  
distance_desktop_corner_far_right_camera = 5.009m  
distance_desktop_corner_near_camera = 3.593m"
simulation_0205,simulation,A3MS,24,DD,What is the speed of the magnifying glass at time 0.333s in m/s?,acceleration of the magnifying glass before 0.5s = 9.8m/s^2,"t=0s, distance_magnifying_glass_camera = 4.2401m  
t=0.5s, distance_magnifying_glass_camera = 4.4097m  
distance_gun_camera = 4.704m  
distance_desktop_corner_far_right_camera = 5.009m  
distance_desktop_corner_near_camera = 3.593m"
simulation_0206,simulation,A3MC,24,DS,What is the length of the table in meters?,acceleration of the typewriter before 0.45s = 9.8m/s^2,"t=0s, distance_typewriter_camera = 4.32m  
t=0.5s, distance_typewriter_camera = 4.501m  
distance_gun_camera = 4.704m  
distance_desktop_corner_far_right_camera = 5.009m  
distance_desktop_corner_closest_to_camera = 3.593m"
simulation_0206,simulation,A3MC,24,DS,What is the width of the table in meters?,acceleration of the typewriter before 0.45s = 9.8m/s^2,"t=0s, distance_typewriter_camera = 4.32m  
t=0.5s, distance_typewriter_camera = 4.501m  
distance_gun_camera = 4.704m  
distance_desktop_corner_far_right_camera = 5.009m  
distance_desktop_corner_closest_to_camera = 3.593m"
simulation_0206,simulation,A3MC,24,DS,What is the length of the typewriter in meters?,acceleration of the typewriter before 0.45s = 9.8m/s^2,"t=0s, distance_typewriter_camera = 4.32m  
t=0.5s, distance_typewriter_camera = 4.501m  
distance_gun_camera = 4.704m  
distance_desktop_corner_far_right_camera = 5.009m  
distance_desktop_corner_closest_to_camera = 3.593m"
simulation_0206,simulation,A3MC,24,DS,What is the width of the typewriter in meters?,acceleration of the typewriter before 0.45s = 9.8m/s^2,"t=0s, distance_typewriter_camera = 4.32m  
t=0.5s, distance_typewriter_camera = 4.501m  
distance_gun_camera = 4.704m  
distance_desktop_corner_far_right_camera = 5.009m  
distance_desktop_corner_closest_to_camera = 3.593m"
simulation_0206,simulation,A3MC,24,DS,What is the height of the typewriter in meters?,acceleration of the typewriter before 0.45s = 9.8m/s^2,"t=0s, distance_typewriter_camera = 4.32m  
t=0.5s, distance_typewriter_camera = 4.501m  
distance_gun_camera = 4.704m  
distance_desktop_corner_far_right_camera = 5.009m  
distance_desktop_corner_closest_to_camera = 3.593m"
simulation_0206,simulation,A3MC,24,DD,What is the speed of the typewriter at time 0.125s in m/s?,acceleration of the typewriter before 0.45s = 9.8m/s^2,"t=0s, distance_typewriter_camera = 4.32m  
t=0.5s, distance_typewriter_camera = 4.501m  
distance_gun_camera = 4.704m  
distance_desktop_corner_far_right_camera = 5.009m  
distance_desktop_corner_closest_to_camera = 3.593m"
simulation_0206,simulation,A3MC,24,DD,What is the speed of the typewriter at time 0.25s in m/s?,acceleration of the typewriter before 0.45s = 9.8m/s^2,"t=0s, distance_typewriter_camera = 4.32m  
t=0.5s, distance_typewriter_camera = 4.501m  
distance_gun_camera = 4.704m  
distance_desktop_corner_far_right_camera = 5.009m  
distance_desktop_corner_closest_to_camera = 3.593m"
simulation_0206,simulation,A3MC,24,DD,What is the speed of the typewriter at time 0.333s in m/s?,acceleration of the typewriter before 0.45s = 9.8m/s^2,"t=0s, distance_typewriter_camera = 4.32m  
t=0.5s, distance_typewriter_camera = 4.501m  
distance_gun_camera = 4.704m  
distance_desktop_corner_far_right_camera = 5.009m  
distance_desktop_corner_closest_to_camera = 3.593m"
simulation_0206,simulation,A3MC,24,DS,What is the width of the paper next to the typewriter in meters?,acceleration of the typewriter before 0.45s = 9.8m/s^2,"t=0s, distance_typewriter_camera = 4.32m  
t=0.5s, distance_typewriter_camera = 4.501m  
distance_gun_camera = 4.704m  
distance_desktop_corner_far_right_camera = 5.009m  
distance_desktop_corner_closest_to_camera = 3.593m"
simulation_0206,simulation,A3MC,24,DS,What is the length of the letter placed under the gun in meters?,acceleration of the typewriter before 0.45s = 9.8m/s^2,"t=0s, distance_typewriter_camera = 4.32m  
t=0.5s, distance_typewriter_camera = 4.501m  
distance_gun_camera = 4.704m  
distance_desktop_corner_far_right_camera = 5.009m  
distance_desktop_corner_closest_to_camera = 3.593m"
simulation_0209,simulation,A3MS,24,DS,What is the length of the table in meters?,acceleration of the typewriter before 0.45s = 9.8m/s^2,"t=0s, distance_typewriter_camera = 4.32m  
t=0.5s, distance_typewriter_camera = 4.501m  
distance_gun_camera = 4.704m"
simulation_0209,simulation,A3MS,24,DS,What is the length of the typewriter in meters?,acceleration of the typewriter before 0.45s = 9.8m/s^2,"t=0s, distance_typewriter_camera = 4.32m  
t=0.5s, distance_typewriter_camera = 4.501m  
distance_gun_camera = 4.704m"
simulation_0209,simulation,A3MS,24,DS,What is the height of the typewriter in meters?,acceleration of the typewriter before 0.45s = 9.8m/s^2,"t=0s, distance_typewriter_camera = 4.32m  
t=0.5s, distance_typewriter_camera = 4.501m  
distance_gun_camera = 4.704m"
simulation_0209,simulation,A3MS,24,DS,What is the length of the letter placed under the gun in meters?,acceleration of the typewriter before 0.45s = 9.8m/s^2,"t=0s, distance_typewriter_camera = 4.32m  
t=0.5s, distance_typewriter_camera = 4.501m  
distance_gun_camera = 4.704m"
simulation_0209,simulation,A3MS,24,DD,What is the speed of the typewriter at time 0.125s in m/s?,acceleration of the typewriter before 0.45s = 9.8m/s^2,"t=0s, distance_typewriter_camera = 4.32m  
t=0.5s, distance_typewriter_camera = 4.501m  
distance_gun_camera = 4.704m"
simulation_0209,simulation,A3MS,24,DD,What is the speed of the typewriter at time 0.25s in m/s?,acceleration of the typewriter before 0.45s = 9.8m/s^2,"t=0s, distance_typewriter_camera = 4.32m  
t=0.5s, distance_typewriter_camera = 4.501m  
distance_gun_camera = 4.704m"
simulation_0209,simulation,A3MS,24,DD,What is the speed of the typewriter at time 0.333s in m/s?,acceleration of the typewriter before 0.45s = 9.8m/s^2,"t=0s, distance_typewriter_camera = 4.32m  
t=0.5s, distance_typewriter_camera = 4.501m  
distance_gun_camera = 4.704m"
simulation_0209,simulation,A3MS,24,DS,What is the width of the table in meters?,acceleration of the typewriter before 0.45s = 9.8m/s^2,"t=0s, distance_typewriter_camera = 4.32m  
t=0.5s, distance_typewriter_camera = 4.501m  
distance_gun_camera = 4.704m"
simulation_0209,simulation,A3MS,24,DS,What is the width of the typewriter in meters?,acceleration of the typewriter before 0.45s = 9.8m/s^2,"t=0s, distance_typewriter_camera = 4.32m  
t=0.5s, distance_typewriter_camera = 4.501m  
distance_gun_camera = 4.704m"
simulation_0211,simulation,V3MS,24,DS,What is the length of the black cat (including its tail) in meters?,speed of the black cat = 0.94m/s,"t=0s, distance_black_cat_camera = 4.199m  
t=1.0s, distance_black_cat_camera = 4.481m  
distance_floor_mirror_bottom_center_camera = 6.407m  
distance_closest_wooden_bench_leg_camera = 5.69m"
simulation_0211,simulation,V3MS,24,DS,What is the height of the black cat (including its tail) in meters?,speed of the black cat = 0.94m/s,"t=0s, distance_black_cat_camera = 4.199m  
t=1.0s, distance_black_cat_camera = 4.481m  
distance_floor_mirror_bottom_center_camera = 6.407m  
distance_closest_wooden_bench_leg_camera = 5.69m"
simulation_0211,simulation,V3MS,24,DS,What is the length of the wooden bench in meters?,speed of the black cat = 0.94m/s,"t=0s, distance_black_cat_camera = 4.199m  
t=1.0s, distance_black_cat_camera = 4.481m  
distance_floor_mirror_bottom_center_camera = 6.407m  
distance_closest_wooden_bench_leg_camera = 5.69m"
simulation_0211,simulation,V3MS,24,DS,What is the height of the wooden bench in meters?,speed of the black cat = 0.94m/s,"t=0s, distance_black_cat_camera = 4.199m  
t=1.0s, distance_black_cat_camera = 4.481m  
distance_floor_mirror_bottom_center_camera = 6.407m  
distance_closest_wooden_bench_leg_camera = 5.69m"
simulation_0211,simulation,V3MS,24,DS,What is the height of the lampshade of the table lamp in meters?,speed of the black cat = 0.94m/s,"t=0s, distance_black_cat_camera = 4.199m  
t=1.0s, distance_black_cat_camera = 4.481m  
distance_floor_mirror_bottom_center_camera = 6.407m  
distance_closest_wooden_bench_leg_camera = 5.69m"
simulation_0211,simulation,V3MS,24,DS,What is the diameter of the lampshade of the table lamp in meters?,speed of the black cat = 0.94m/s,"t=0s, distance_black_cat_camera = 4.199m  
t=1.0s, distance_black_cat_camera = 4.481m  
distance_floor_mirror_bottom_center_camera = 6.407m  
distance_closest_wooden_bench_leg_camera = 5.69m"
simulation_0211,simulation,V3MS,24,DS,What is the height of the table lamp in meters?,speed of the black cat = 0.94m/s,"t=0s, distance_black_cat_camera = 4.199m  
t=1.0s, distance_black_cat_camera = 4.481m  
distance_floor_mirror_bottom_center_camera = 6.407m  
distance_closest_wooden_bench_leg_camera = 5.69m"
simulation_0211,simulation,V3MS,24,DS,What is the height of the vase in meters?,speed of the black cat = 0.94m/s,"t=0s, distance_black_cat_camera = 4.199m  
t=1.0s, distance_black_cat_camera = 4.481m  
distance_floor_mirror_bottom_center_camera = 6.407m  
distance_closest_wooden_bench_leg_camera = 5.69m"
simulation_0211,simulation,V3MS,24,DS,What is the height of the floor mirror in meters?,speed of the black cat = 0.94m/s,"t=0s, distance_black_cat_camera = 4.199m  
t=1.0s, distance_black_cat_camera = 4.481m  
distance_floor_mirror_bottom_center_camera = 6.407m  
distance_closest_wooden_bench_leg_camera = 5.69m"
simulation_0211,simulation,V3MS,24,DS,What is the length of the floor mirror in meters?,speed of the black cat = 0.94m/s,"t=0s, distance_black_cat_camera = 4.199m  
t=1.0s, distance_black_cat_camera = 4.481m  
distance_floor_mirror_bottom_center_camera = 6.407m  
distance_closest_wooden_bench_leg_camera = 5.69m"
simulation_0211,simulation,V3MS,24,DS,What is the distance in meters between the black cat and the camera at 0.5 s?,speed of the black cat = 0.94m/s,"t=0s, distance_black_cat_camera = 4.199m  
t=1.0s, distance_black_cat_camera = 4.481m  
distance_floor_mirror_bottom_center_camera = 6.407m  
distance_closest_wooden_bench_leg_camera = 5.69m"
simulation_0211,simulation,V3MS,24,DS,What is the distance in meters between the black cat and the camera at 1.5 s?,speed of the black cat = 0.94m/s,"t=0s, distance_black_cat_camera = 4.199m  
t=1.0s, distance_black_cat_camera = 4.481m  
distance_floor_mirror_bottom_center_camera = 6.407m  
distance_closest_wooden_bench_leg_camera = 5.69m"
simulation_0212,simulation,V3MC,24,DS,What is the length of the black cat (including its tail) in meters?,speed of the black cat = 0.94m/s,"t=0s, distance_black_cat_camera=4.199m   
t=1.0s, distance_black_cat_camera= 4.481m
t=0s, distance_dog_camera = 5.094m  
t=0.5s, distance_dog_camera = 4.625m
distance_floor_mirror_bottom_center_camera = 6.407m  
distance_closest_wooden_bench_leg_camera = 5.69m"
simulation_0212,simulation,V3MC,24,DS,What is the height of the black cat (including its tail) in meters?,speed of the black cat = 0.94m/s,"t=0s, distance_black_cat_camera=4.199m   
t=1.0s, distance_black_cat_camera= 4.481m
t=0s, distance_dog_camera = 5.094m  
t=0.5s, distance_dog_camera = 4.625m
distance_floor_mirror_bottom_center_camera = 6.407m  
distance_closest_wooden_bench_leg_camera = 5.69m"
simulation_0212,simulation,V3MC,24,DS,What is the length of the wooden bench in meters?,speed of the black cat = 0.94m/s,"t=0s, distance_black_cat_camera=4.199m   
t=1.0s, distance_black_cat_camera= 4.481m
t=0s, distance_dog_camera = 5.094m  
t=0.5s, distance_dog_camera = 4.625m
distance_floor_mirror_bottom_center_camera = 6.407m  
distance_closest_wooden_bench_leg_camera = 5.69m"
simulation_0212,simulation,V3MC,24,DS,What is the height of the wooden bench in meters?,speed of the black cat = 0.94m/s,"t=0s, distance_black_cat_camera=4.199m   
t=1.0s, distance_black_cat_camera= 4.481m
t=0s, distance_dog_camera = 5.094m  
t=0.5s, distance_dog_camera = 4.625m
distance_floor_mirror_bottom_center_camera = 6.407m  
distance_closest_wooden_bench_leg_camera = 5.69m"
simulation_0212,simulation,V3MC,24,DS,What is the height of the lampshade of the table lamp in meters?,speed of the black cat = 0.94m/s,"t=0s, distance_black_cat_camera=4.199m   
t=1.0s, distance_black_cat_camera= 4.481m
t=0s, distance_dog_camera = 5.094m  
t=0.5s, distance_dog_camera = 4.625m
distance_floor_mirror_bottom_center_camera = 6.407m  
distance_closest_wooden_bench_leg_camera = 5.69m"
simulation_0212,simulation,V3MC,24,DS,What is the diameter of the lampshade of the table lamp in meters?,speed of the black cat = 0.94m/s,"t=0s, distance_black_cat_camera=4.199m   
t=1.0s, distance_black_cat_camera= 4.481m
t=0s, distance_dog_camera = 5.094m  
t=0.5s, distance_dog_camera = 4.625m
distance_floor_mirror_bottom_center_camera = 6.407m  
distance_closest_wooden_bench_leg_camera = 5.69m"
simulation_0212,simulation,V3MC,24,DS,What is the height of the table lamp in meters?,speed of the black cat = 0.94m/s,"t=0s, distance_black_cat_camera=4.199m   
t=1.0s, distance_black_cat_camera= 4.481m
t=0s, distance_dog_camera = 5.094m  
t=0.5s, distance_dog_camera = 4.625m
distance_floor_mirror_bottom_center_camera = 6.407m  
distance_closest_wooden_bench_leg_camera = 5.69m"
simulation_0212,simulation,V3MC,24,DS,What is the height of the vase in meters?,speed of the black cat = 0.94m/s,"t=0s, distance_black_cat_camera=4.199m   
t=1.0s, distance_black_cat_camera= 4.481m
t=0s, distance_dog_camera = 5.094m  
t=0.5s, distance_dog_camera = 4.625m
distance_floor_mirror_bottom_center_camera = 6.407m  
distance_closest_wooden_bench_leg_camera = 5.69m"
simulation_0212,simulation,V3MC,24,DS,What is the height of the floor mirror in meters?,speed of the black cat = 0.94m/s,"t=0s, distance_black_cat_camera=4.199m   
t=1.0s, distance_black_cat_camera= 4.481m
t=0s, distance_dog_camera = 5.094m  
t=0.5s, distance_dog_camera = 4.625m
distance_floor_mirror_bottom_center_camera = 6.407m  
distance_closest_wooden_bench_leg_camera = 5.69m"
simulation_0212,simulation,V3MC,24,DS,What is the width of the floor mirror in meters?,speed of the black cat = 0.94m/s,"t=0s, distance_black_cat_camera=4.199m   
t=1.0s, distance_black_cat_camera= 4.481m
t=0s, distance_dog_camera = 5.094m  
t=0.5s, distance_dog_camera = 4.625m
distance_floor_mirror_bottom_center_camera = 6.407m  
distance_closest_wooden_bench_leg_camera = 5.69m"
simulation_0212,simulation,V3MC,24,DS,What is the distance in meters between the black cat and the camera at 0.5 s?,speed of the black cat = 0.94m/s,"t=0s, distance_black_cat_camera=4.199m   
t=1.0s, distance_black_cat_camera= 4.481m
t=0s, distance_dog_camera = 5.094m  
t=0.5s, distance_dog_camera = 4.625m
distance_floor_mirror_bottom_center_camera = 6.407m  
distance_closest_wooden_bench_leg_camera = 5.69m"
simulation_0212,simulation,V3MC,24,DS,What is the distance in meters between the black cat and the camera at 1.5 s?,speed of the black cat = 0.94m/s,"t=0s, distance_black_cat_camera=4.199m   
t=1.0s, distance_black_cat_camera= 4.481m
t=0s, distance_dog_camera = 5.094m  
t=0.5s, distance_dog_camera = 4.625m
distance_floor_mirror_bottom_center_camera = 6.407m  
distance_closest_wooden_bench_leg_camera = 5.69m"
simulation_0212,simulation,V3MC,24,DD,What is the speed of the dog at time 1s in m/s?,speed of the black cat = 0.94m/s,"t=0s, distance_black_cat_camera=4.199m   
t=1.0s, distance_black_cat_camera= 4.481m
t=0s, distance_dog_camera = 5.094m  
t=0.5s, distance_dog_camera = 4.625m
distance_floor_mirror_bottom_center_camera = 6.407m  
distance_closest_wooden_bench_leg_camera = 5.69m"
simulation_0212,simulation,V3MC,24,DD,What is the speed of the dog at time 1.5s in m/s?,speed of the black cat = 0.94m/s,"t=0s, distance_black_cat_camera=4.199m   
t=1.0s, distance_black_cat_camera= 4.481m
t=0s, distance_dog_camera = 5.094m  
t=0.5s, distance_dog_camera = 4.625m
distance_floor_mirror_bottom_center_camera = 6.407m  
distance_closest_wooden_bench_leg_camera = 5.69m"
simulation_0212,simulation,V3MC,24,DS,What is the length of the dog (including its tail) in meters?,speed of the black cat = 0.94m/s,"t=0s, distance_black_cat_camera=4.199m   
t=1.0s, distance_black_cat_camera= 4.481m
t=0s, distance_dog_camera = 5.094m  
t=0.5s, distance_dog_camera = 4.625m
distance_floor_mirror_bottom_center_camera = 6.407m  
distance_closest_wooden_bench_leg_camera = 5.69m"
simulation_0212,simulation,V3MC,24,DS,What is the height of the dog (including its tail) in meters?,speed of the black cat = 0.94m/s,"t=0s, distance_black_cat_camera=4.199m   
t=1.0s, distance_black_cat_camera= 4.481m
t=0s, distance_dog_camera = 5.094m  
t=0.5s, distance_dog_camera = 4.625m
distance_floor_mirror_bottom_center_camera = 6.407m  
distance_closest_wooden_bench_leg_camera = 5.69m"
simulation_0242,simulation,V3MC,24,DS,What is the length of the brown horse in meters?,speed of the brown horse = 0.874m/s,"t=0s, distance_brown_horse_camera=16.288m   
t=1.0s, distance_brown_horse_camera=16.112m 
t=0s, distance_white_horse_camera=14.941m  
t=1.0s, distance_white_horse_camera=14.957m
t=0s, distance_rabbit_camera=14.257m  
t=1.0s, distance_rabbit_camera=14.412m"
simulation_0242,simulation,V3MC,24,DS,What is the width of the house in meters?,speed of the brown horse = 0.874m/s,"t=0s, distance_brown_horse_camera=16.288m   
t=1.0s, distance_brown_horse_camera=16.112m 
t=0s, distance_white_horse_camera=14.941m  
t=1.0s, distance_white_horse_camera=14.957m
t=0s, distance_rabbit_camera=14.257m  
t=1.0s, distance_rabbit_camera=14.412m"
simulation_0242,simulation,V3MC,24,DS,What is the width of each glass window in meters?,speed of the brown horse = 0.874m/s,"t=0s, distance_brown_horse_camera=16.288m   
t=1.0s, distance_brown_horse_camera=16.112m 
t=0s, distance_white_horse_camera=14.941m  
t=1.0s, distance_white_horse_camera=14.957m
t=0s, distance_rabbit_camera=14.257m  
t=1.0s, distance_rabbit_camera=14.412m"
simulation_0242,simulation,V3MC,24,DD,What is the average speed of the white horse in m/s?,speed of the brown horse = 0.874m/s,"t=0s, distance_brown_horse_camera=16.288m   
t=1.0s, distance_brown_horse_camera=16.112m 
t=0s, distance_white_horse_camera=14.941m  
t=1.0s, distance_white_horse_camera=14.957m
t=0s, distance_rabbit_camera=14.257m  
t=1.0s, distance_rabbit_camera=14.412m"
simulation_0242,simulation,V3MC,24,DS,What is the length of the white horse in meters?,speed of the brown horse = 0.874m/s,"t=0s, distance_brown_horse_camera=16.288m   
t=1.0s, distance_brown_horse_camera=16.112m 
t=0s, distance_white_horse_camera=14.941m  
t=1.0s, distance_white_horse_camera=14.957m
t=0s, distance_rabbit_camera=14.257m  
t=1.0s, distance_rabbit_camera=14.412m"
simulation_0242,simulation,V3MC,24,DD,What is the average speed of the rabbit in m/s?,speed of the brown horse = 0.874m/s,"t=0s, distance_brown_horse_camera=16.288m   
t=1.0s, distance_brown_horse_camera=16.112m 
t=0s, distance_white_horse_camera=14.941m  
t=1.0s, distance_white_horse_camera=14.957m
t=0s, distance_rabbit_camera=14.257m  
t=1.0s, distance_rabbit_camera=14.412m"
simulation_0242,simulation,V3MC,24,DS,What is the length of the rabbit in meters?,speed of the brown horse = 0.874m/s,"t=0s, distance_brown_horse_camera=16.288m   
t=1.0s, distance_brown_horse_camera=16.112m 
t=0s, distance_white_horse_camera=14.941m  
t=1.0s, distance_white_horse_camera=14.957m
t=0s, distance_rabbit_camera=14.257m  
t=1.0s, distance_rabbit_camera=14.412m"
simulation_0247,simulation,V2MS,30,DS,What is the length of the rabbit in meters?,speed of the deer = 1.277m/s,
simulation_0247,simulation,V2MS,30,DS,What is the length of the deer in meters?,speed of the deer = 1.277m/s,
simulation_0247,simulation,V2MS,30,DD,What is the average speed of the rabbit in m/s?,speed of the deer = 1.277m/s,
simulation_0312,simulation,S3SX,24,SD,What is the average speed of the star from the beginning to the end in m/s?,height of the star = 0.2m,"t=1.0s, distance_star_camera = 6.552m
t=2.0s, distance_star_camera = 8.345m"
simulation_0312,simulation,S3SX,24,SS,What is the width of the star in meters?,height of the star = 0.2m,"t=1.0s, distance_star_camera = 6.552m
t=2.0s, distance_star_camera = 8.345m"
simulation_0312,simulation,S3SX,24,SS,What is the thickness of the star in meters?,height of the star = 0.2m,"t=1.0s, distance_star_camera = 6.552m
t=2.0s, distance_star_camera = 8.345m"
simulation_0009_segmented,segmentation,V3MX,24,DS,What is the length of the boat in meters?,speed of the boat = 1.5 m/s,"t=0s, distance_boat_camera =11.827 m
t=1s, distance_boat_camera = 13.154m
distance_pier_camera = 18.920m
distance_stairs_camera = 23.125m"
simulation_0009_segmented,segmentation,V3MX,24,DS,What is the width of the boat in meters?,speed of the boat = 1.5 m/s,"t=0s, distance_boat_camera =11.827 m
t=1s, distance_boat_camera = 13.154m
distance_pier_camera = 18.920m
distance_stairs_camera = 23.125m"
simulation_0009_segmented,segmentation,V3MX,24,DS,What is the height of the boat in meters?,speed of the boat = 1.5 m/s,"t=0s, distance_boat_camera =11.827 m
t=1s, distance_boat_camera = 13.154m
distance_pier_camera = 18.920m
distance_stairs_camera = 23.125m"
simulation_0009_segmented,segmentation,V3MX,24,DS,What is the width of the wooden pier in meters?,speed of the boat = 1.5 m/s,"t=0s, distance_boat_camera =11.827 m
t=1s, distance_boat_camera = 13.154m
distance_pier_camera = 18.920m
distance_stairs_camera = 23.125m"
simulation_0009_segmented,segmentation,V3MX,24,DS,What is the length of the pier from the shore-side edge to the water-side edge in meters?,speed of the boat = 1.5 m/s,"t=0s, distance_boat_camera =11.827 m
t=1s, distance_boat_camera = 13.154m
distance_pier_camera = 18.920m
distance_stairs_camera = 23.125m"
simulation_0009_segmented,segmentation,V3MX,24,DS,"When t=3s, what is the minimum distance from the outer end of the pier to the boat in meters?",speed of the boat = 1.5 m/s,"t=0s, distance_boat_camera =11.827 m
t=1s, distance_boat_camera = 13.154m
distance_pier_camera = 18.920m
distance_stairs_camera = 23.125m"
simulation_0009_segmented,segmentation,V3MX,24,DS,What is the width of the wooden steps in meters?,speed of the boat = 1.5 m/s,"t=0s, distance_boat_camera =11.827 m
t=1s, distance_boat_camera = 13.154m
distance_pier_camera = 18.920m
distance_stairs_camera = 23.125m"
simulation_0009_segmented,segmentation,V3MX,24,DS,What is the height of the pier deck above the water surface in meters?,speed of the boat = 1.5 m/s,"t=0s, distance_boat_camera =11.827 m
t=1s, distance_boat_camera = 13.154m
distance_pier_camera = 18.920m
distance_stairs_camera = 23.125m"
simulation_0009_segmented,segmentation,V3MX,24,DS,What is the height of the cabin floor above the ground in meters?,speed of the boat = 1.5 m/s,"t=0s, distance_boat_camera =11.827 m
t=1s, distance_boat_camera = 13.154m
distance_pier_camera = 18.920m
distance_stairs_camera = 23.125m"
simulation_0010_segmented,segmentation,V3MX,24,SS,What is the width between the two widest eaves of the small house in meters?,length of the bird = 1.19m,"t=0s, distance_bird_camera = 34.584m
t=1s, distance_bird_camera = 33.999m
distance_cart_camera = 30.374m
distance_house_camera = 55.083m"
simulation_0010_segmented,segmentation,V3MX,24,SS,What is the height of the house’s door in meters?,length of the bird = 1.19m,"t=0s, distance_bird_camera = 34.584m
t=1s, distance_bird_camera = 33.999m
distance_cart_camera = 30.374m
distance_house_camera = 55.083m"
simulation_0010_segmented,segmentation,V3MX,24,SS,What is the maximum height of the cart from the ground in meters?,length of the bird = 1.19m,"t=0s, distance_bird_camera = 34.584m
t=1s, distance_bird_camera = 33.999m
distance_cart_camera = 30.374m
distance_house_camera = 55.083m"
simulation_0010_segmented,segmentation,V3MX,24,SS,What is the diameter of the cart’s wheels in meters?,length of the bird = 1.19m,"t=0s, distance_bird_camera = 34.584m
t=1s, distance_bird_camera = 33.999m
distance_cart_camera = 30.374m
distance_house_camera = 55.083m"
simulation_0010_segmented,segmentation,V3MX,24,SD,What is the average flight speed of the bird in m/s?,length of the bird = 1.19m,"t=0s, distance_bird_camera = 34.584m
t=1s, distance_bird_camera = 33.999m
distance_cart_camera = 30.374m
distance_house_camera = 55.083m"
simulation_0012_segmented,segmentation,V2MX,24,DS,What is the width between the two widest eaves of the house in meters?,speed of the bird =6m/s,
simulation_0012_segmented,segmentation,V2MX,24,DS,What is the length of the bird in meters?,speed of the bird =6m/s,
simulation_0012_segmented,segmentation,V2MX,24,DS,How wide is the bird's wingspan when it spreads its wings in meters?,speed of the bird =6m/s,
simulation_0017_segmented,segmentation,V3MX,33,DS,What is the height of the person in meters?,speed of the person = 1.3m/s,"t=0s, distance_human_camera = 5.424m
t=1s, distance_human_camera = 4.886m
distance_bench_camera = 2.267m
distance_the_pedestal_of_the_central _sculpture_and_camera = 5.963m
distance_the_central_sculpture_camera = 5.962m
distance_the_freestanding_art_display_panel = 4.223m"
simulation_0017_segmented,segmentation,V3MX,33,DS,What is the width of the pedestal (square base) of the central sculpture in meters?,speed of the person = 1.3m/s,"t=0s, distance_human_camera = 5.424m
t=1s, distance_human_camera = 4.886m
distance_bench_camera = 2.267m
distance_the_pedestal_of_the_central _sculpture_and_camera = 5.963m
distance_the_central_sculpture_camera = 5.962m
distance_the_freestanding_art_display_panel = 4.223m"
simulation_0017_segmented,segmentation,V3MX,33,DS,What is the height of the pedestal (square base) of the central sculpture in meters?,speed of the person = 1.3m/s,"t=0s, distance_human_camera = 5.424m
t=1s, distance_human_camera = 4.886m
distance_bench_camera = 2.267m
distance_the_pedestal_of_the_central _sculpture_and_camera = 5.963m
distance_the_central_sculpture_camera = 5.962m
distance_the_freestanding_art_display_panel = 4.223m"
simulation_0017_segmented,segmentation,V3MX,33,DS,What is the height of the bench seat in the atrium in meters?,speed of the person = 1.3m/s,"t=0s, distance_human_camera = 5.424m
t=1s, distance_human_camera = 4.886m
distance_bench_camera = 2.267m
distance_the_pedestal_of_the_central _sculpture_and_camera = 5.963m
distance_the_central_sculpture_camera = 5.962m
distance_the_freestanding_art_display_panel = 4.223m"
simulation_0017_segmented,segmentation,V3MX,33,DS,What is the length of the bench seat in the atrium in meters?,speed of the person = 1.3m/s,"t=0s, distance_human_camera = 5.424m
t=1s, distance_human_camera = 4.886m
distance_bench_camera = 2.267m
distance_the_pedestal_of_the_central _sculpture_and_camera = 5.963m
distance_the_central_sculpture_camera = 5.962m
distance_the_freestanding_art_display_panel = 4.223m"
simulation_0017_segmented,segmentation,V3MX,33,DS,What is the height of the central sculpture itself (excluding the pedestal) in meters?,speed of the person = 1.3m/s,"t=0s, distance_human_camera = 5.424m
t=1s, distance_human_camera = 4.886m
distance_bench_camera = 2.267m
distance_the_pedestal_of_the_central _sculpture_and_camera = 5.963m
distance_the_central_sculpture_camera = 5.962m
distance_the_freestanding_art_display_panel = 4.223m"
simulation_0017_segmented,segmentation,V3MX,33,DS,What is the width of the freestanding art display panel in meters?,speed of the person = 1.3m/s,"t=0s, distance_human_camera = 5.424m
t=1s, distance_human_camera = 4.886m
distance_bench_camera = 2.267m
distance_the_pedestal_of_the_central _sculpture_and_camera = 5.963m
distance_the_central_sculpture_camera = 5.962m
distance_the_freestanding_art_display_panel = 4.223m"
simulation_0017_segmented,segmentation,V3MX,33,DS,What is the height of the freestanding art display panel in meters?,speed of the person = 1.3m/s,"t=0s, distance_human_camera = 5.424m
t=1s, distance_human_camera = 4.886m
distance_bench_camera = 2.267m
distance_the_pedestal_of_the_central _sculpture_and_camera = 5.963m
distance_the_central_sculpture_camera = 5.962m
distance_the_freestanding_art_display_panel = 4.223m"
simulation_0019_segmented,segmentation,S3MX,33,SD,What is the average walking speed of the person in m/s?,height of the person = 1.87m,"t=0s, distance_human_camera = 6.84m
t=1s, distance_human_camera = 6.49m
distance_the_nearest_freestanding_art_display_panel = 11.042m
distance_the_pedestal_of_the_central_sculpture_and_camera = 5.085m
distance_the_central_sculpture_camera = 5.085m"
simulation_0019_segmented,segmentation,S3MX,33,SS,What is the width of the pedestal (square base) of the central sculpture in meters?,height of the person = 1.87m,"t=0s, distance_human_camera = 6.84m
t=1s, distance_human_camera = 6.49m
distance_the_nearest_freestanding_art_display_panel = 11.042m
distance_the_pedestal_of_the_central_sculpture_and_camera = 5.085m
distance_the_central_sculpture_camera = 5.085m"
simulation_0019_segmented,segmentation,S3MX,33,SS,What is the height of the pedestal (square base) of the central sculpture in meters?,height of the person = 1.87m,"t=0s, distance_human_camera = 6.84m
t=1s, distance_human_camera = 6.49m
distance_the_nearest_freestanding_art_display_panel = 11.042m
distance_the_pedestal_of_the_central_sculpture_and_camera = 5.085m
distance_the_central_sculpture_camera = 5.085m"
simulation_0019_segmented,segmentation,S3MX,33,SS,What is the height of the central sculpture itself (excluding the pedestal) in meters?,height of the person = 1.87m,"t=0s, distance_human_camera = 6.84m
t=1s, distance_human_camera = 6.49m
distance_the_nearest_freestanding_art_display_panel = 11.042m
distance_the_pedestal_of_the_central_sculpture_and_camera = 5.085m
distance_the_central_sculpture_camera = 5.085m"
simulation_0019_segmented,segmentation,S3MX,33,SS,What is the width of the freestanding art display panel in meters?,height of the person = 1.87m,"t=0s, distance_human_camera = 6.84m
t=1s, distance_human_camera = 6.49m
distance_the_nearest_freestanding_art_display_panel = 11.042m
distance_the_pedestal_of_the_central_sculpture_and_camera = 5.085m
distance_the_central_sculpture_camera = 5.085m"
simulation_0019_segmented,segmentation,S3MX,33,SS,What is the height of the freestanding art display panel in meters?,height of the person = 1.87m,"t=0s, distance_human_camera = 6.84m
t=1s, distance_human_camera = 6.49m
distance_the_nearest_freestanding_art_display_panel = 11.042m
distance_the_pedestal_of_the_central_sculpture_and_camera = 5.085m
distance_the_central_sculpture_camera = 5.085m"
simulation_0021_segmented,segmentation,S3MX,30,SD,What is the average walking speed of the person in m/s?,height of the person = 1.87m,"t=0s, distance_human_camera = 13.882m
t=1s, distance_human_camera = 13.768m
distance_fire_hydrant_camera = 12.565m
distance_streetlight_camera = 12.325m"
simulation_0021_segmented,segmentation,S3MX,30,SS,What is the height of the fire hydrant in meters?,height of the person = 1.87m,"t=0s, distance_human_camera = 13.882m
t=1s, distance_human_camera = 13.768m
distance_fire_hydrant_camera = 12.565m
distance_streetlight_camera = 12.325m"
simulation_0021_segmented,segmentation,S3MX,30,SS,What is the height of the streetlight in meters?,height of the person = 1.87m,"t=0s, distance_human_camera = 13.882m
t=1s, distance_human_camera = 13.768m
distance_fire_hydrant_camera = 12.565m
distance_streetlight_camera = 12.325m"
simulation_0022_segmented,segmentation,S3MX,24,SD,What is the average walking speed of the person in m/s?,length of the boat = 10m,"t=1s, distance_boat_camera = 148.7451 m
t=2s, distance_boat_camera = 146.9726 m"
simulation_0022_segmented,segmentation,S3MX,24,SS,What is the height of the boat in meters?,length of the boat = 10m,"t=1s, distance_boat_camera = 148.7451 m
t=2s, distance_boat_camera = 146.9726 m"
simulation_0022_segmented,segmentation,S3MX,24,SS,What is the length of the rock in meters?,length of the boat = 10m,"t=1s, distance_boat_camera = 148.7451 m
t=2s, distance_boat_camera = 146.9726 m"
simulation_0022_segmented,segmentation,S3MX,24,SS,What is the height of the rock in meters?,length of the boat = 10m,"t=1s, distance_boat_camera = 148.7451 m
t=2s, distance_boat_camera = 146.9726 m"
simulation_0023_segmented,segmentation,V3MX,24,DD,What is the average speed of the boat in m/s?,speed of the eagle = 11.84m/s,"t=1s, distance_eagle_camera = 116.0475m
t=2s, distance_eagle_camera = 108.2756m
t=1s, distance_boat_camera = 103.1570 m
t=2s, distance_boat_camera = 106.0906 m"
simulation_0023_segmented,segmentation,V3MX,24,DS,What is the height of the boat in meters?,speed of the eagle = 11.84m/s,"t=1s, distance_eagle_camera = 116.0475m
t=2s, distance_eagle_camera = 108.2756m
t=1s, distance_boat_camera = 103.1570 m
t=2s, distance_boat_camera = 106.0906 m"
simulation_0023_segmented,segmentation,V3MX,24,DS,What is the length of the boat in meters?,speed of the eagle = 11.84m/s,"t=1s, distance_eagle_camera = 116.0475m
t=2s, distance_eagle_camera = 108.2756m
t=1s, distance_boat_camera = 103.1570 m
t=2s, distance_boat_camera = 106.0906 m"
simulation_0023_segmented,segmentation,V3MX,24,DS,What is the length of the eagle in meters?,speed of the eagle = 11.84m/s,"t=1s, distance_eagle_camera = 116.0475m
t=2s, distance_eagle_camera = 108.2756m
t=1s, distance_boat_camera = 103.1570 m
t=2s, distance_boat_camera = 106.0906 m"
simulation_0023_segmented,segmentation,V3MX,24,DS,What is the eagle’s wingspan (the distance from the tip of one wing to the tip of the other when fully spread) in meters?,speed of the eagle = 11.84m/s,"t=1s, distance_eagle_camera = 116.0475m
t=2s, distance_eagle_camera = 108.2756m
t=1s, distance_boat_camera = 103.1570 m
t=2s, distance_boat_camera = 106.0906 m"
simulation_0024_segmented,segmentation,V3MX,24,DS,What is the height of the boat in meters?,speed of the boat = 4m/s,"t=1s, distance_boat_camera = 90.1103 m
t=2s, distance_boat_camera = 90.4360 m"
simulation_0024_segmented,segmentation,V3MX,24,DS,What is the length of the boat in meters?,speed of the boat = 4m/s,"t=1s, distance_boat_camera = 90.1103 m
t=2s, distance_boat_camera = 90.4360 m"
simulation_0024_segmented,segmentation,V3MX,24,DS,What is the width of the boat in meters?,speed of the boat = 4m/s,"t=1s, distance_boat_camera = 90.1103 m
t=2s, distance_boat_camera = 90.4360 m"
simulation_0024_segmented,segmentation,V3MX,24,DS,What is the length of the rock in meters?,speed of the boat = 4m/s,"t=1s, distance_boat_camera = 90.1103 m
t=2s, distance_boat_camera = 90.4360 m"
simulation_0024_segmented,segmentation,V3MX,24,DS,What is the height of the rock in meters?,speed of the boat = 4m/s,"t=1s, distance_boat_camera = 90.1103 m
t=2s, distance_boat_camera = 90.4360 m"
simulation_0024_segmented,segmentation,V3MX,24,DS,What is the width of the rock in meters?,speed of the boat = 4m/s,"t=1s, distance_boat_camera = 90.1103 m
t=2s, distance_boat_camera = 90.4360 m"
simulation_0025_segmented,segmentation,V3MX,24,DD,What is the average speed of the eagle in m/s?,speed of the person = 1.3m/s,"t=1s, distance_eagle_camera = 116.0475m
t=2s, distance_eagle_camera = 108.2756m
t=1s, distance_human_camera = 114.8319m
t=2s, distance_human_camera = 114.8356 m"
simulation_0025_segmented,segmentation,V3MX,24,DS,What is the length of the eagle in meters?,speed of the person = 1.3m/s,"t=1s, distance_eagle_camera = 116.0475m
t=2s, distance_eagle_camera = 108.2756m
t=1s, distance_human_camera = 114.8319m
t=2s, distance_human_camera = 114.8356 m"
simulation_0025_segmented,segmentation,V3MX,24,DS,What is the eagle’s wingspan (the distance from the tip of one wing to the tip of the other when fully spread) in meters?,speed of the person = 1.3m/s,"t=1s, distance_eagle_camera = 116.0475m
t=2s, distance_eagle_camera = 108.2756m
t=1s, distance_human_camera = 114.8319m
t=2s, distance_human_camera = 114.8356 m"
simulation_0025_segmented,segmentation,V3MX,24,DS,What is the height of the person in meters?,speed of the person = 1.3m/s,"t=1s, distance_eagle_camera = 116.0475m
t=2s, distance_eagle_camera = 108.2756m
t=1s, distance_human_camera = 114.8319m
t=2s, distance_human_camera = 114.8356 m"
simulation_0026_segmented,segmentation,S3MX,24,SS,What is the height of the boat in meters?,height of the person = 1.75m,"t=1s, distance_boat_camera = 103.1570 m
t=2s, distance_boat_camera = 106.0906 m
t=1s, distance_human_camera = 114.8319m
t=2s, distance_human_camera = 114.8356 m"
simulation_0026_segmented,segmentation,S3MX,24,SS,What is the length of the boat in meters?,height of the person = 1.75m,"t=1s, distance_boat_camera = 103.1570 m
t=2s, distance_boat_camera = 106.0906 m
t=1s, distance_human_camera = 114.8319m
t=2s, distance_human_camera = 114.8356 m"
simulation_0026_segmented,segmentation,S3MX,24,SD,What is the average speed of the person in m/s?,height of the person = 1.75m,"t=1s, distance_boat_camera = 103.1570 m
t=2s, distance_boat_camera = 106.0906 m
t=1s, distance_human_camera = 114.8319m
t=2s, distance_human_camera = 114.8356 m"
simulation_0027_segmented,segmentation,S3MX,24,SS,What is the length of the rock in meters?,height of the person = 1.75m,"t=1s, distance_human_camera = 100.5638m
t=2s, distance_human_camera = 100.5996m"
simulation_0027_segmented,segmentation,S3MX,24,SS,What is the height of the rock in meters?,height of the person = 1.75m,"t=1s, distance_human_camera = 100.5638m
t=2s, distance_human_camera = 100.5996m"
simulation_0027_segmented,segmentation,S3MX,24,SS,What is the width of the rock in meters?,height of the person = 1.75m,"t=1s, distance_human_camera = 100.5638m
t=2s, distance_human_camera = 100.5996m"
simulation_0027_segmented,segmentation,S3MX,24,SD,What is the speed of the person in m/s?,height of the person = 1.75m,"t=1s, distance_human_camera = 100.5638m
t=2s, distance_human_camera = 100.5996m"
simulation_0028_segmented,segmentation,S3MX,24,SS,What is the eagle’s wingspan (the distance from the tip of one wing to the tip of the other when fully spread) in meters?,length of the eagle = 0.8m,"t=1s, distance_eagle_camera = 100.1405m
t=2s, distance_eagle_camera = 99.5206m"
simulation_0028_segmented,segmentation,S3MX,24,SD,What is the average speed of the eagle in m/s?,length of the eagle = 0.8m,"t=1s, distance_eagle_camera = 100.1405m
t=2s, distance_eagle_camera = 99.5206m"
simulation_0028_segmented,segmentation,S3MX,24,SS,What is the length of the rock in meters?,length of the eagle = 0.8m,"t=1s, distance_eagle_camera = 100.1405m
t=2s, distance_eagle_camera = 99.5206m"
simulation_0028_segmented,segmentation,S3MX,24,SS,What is the height of the rock in meters?,length of the eagle = 0.8m,"t=1s, distance_eagle_camera = 100.1405m
t=2s, distance_eagle_camera = 99.5206m"
simulation_0028_segmented,segmentation,S3MX,24,SS,What is the width of the rock in meters?,length of the eagle = 0.8m,"t=1s, distance_eagle_camera = 100.1405m
t=2s, distance_eagle_camera = 99.5206m"
simulation_0029_segmented,segmentation,V3MX,24,DS,What is the length of the eagle in meters?,speed of the eagle = 12m/s,"t=1s, distance_boat_camera = 133.9572 m
t=2s, distance_boat_camera = 131.2557 m
t=1s, distance_eagle_camera = 139.7035m
t=2s, distance_eagle_camera = 147.1583m"
simulation_0029_segmented,segmentation,V3MX,24,DS,What is the height of the boat in meters?,speed of the eagle = 12m/s,"t=1s, distance_boat_camera = 133.9572 m
t=2s, distance_boat_camera = 131.2557 m
t=1s, distance_eagle_camera = 139.7035m
t=2s, distance_eagle_camera = 147.1583m"
simulation_0029_segmented,segmentation,V3MX,24,DS,What is the length of the boat in meters?,speed of the eagle = 12m/s,"t=1s, distance_boat_camera = 133.9572 m
t=2s, distance_boat_camera = 131.2557 m
t=1s, distance_eagle_camera = 139.7035m
t=2s, distance_eagle_camera = 147.1583m"
simulation_0029_segmented,segmentation,V3MX,24,DD,What is the average speed of the boat in m/s?,speed of the eagle = 12m/s,"t=1s, distance_boat_camera = 133.9572 m
t=2s, distance_boat_camera = 131.2557 m
t=1s, distance_eagle_camera = 139.7035m
t=2s, distance_eagle_camera = 147.1583m"
simulation_0031_segmented,segmentation,V3MX,24,DS,What is the height of the person in meters?,speed of the person = 1.3m/s,"t=1s, distance_boat_camera = 130.3493 m
t=2s, distance_boat_camera = 133.7433 m
t=1s, distance_human_camera = 139.9543 m
t=2s, distance_human_camera = 139.9833 m
t=1s, distance_eagle_camera = 139.7566 m
t=2s, distance_eagle_camera = 130.2468m"
simulation_0031_segmented,segmentation,V3MX,24,DS,What is the height of the boat in meters?,speed of the person = 1.3m/s,"t=1s, distance_boat_camera = 130.3493 m
t=2s, distance_boat_camera = 133.7433 m
t=1s, distance_human_camera = 139.9543 m
t=2s, distance_human_camera = 139.9833 m
t=1s, distance_eagle_camera = 139.7566 m
t=2s, distance_eagle_camera = 130.2468m"
simulation_0031_segmented,segmentation,V3MX,24,DS,What is the length of the boat in meters?,speed of the person = 1.3m/s,"t=1s, distance_boat_camera = 130.3493 m
t=2s, distance_boat_camera = 133.7433 m
t=1s, distance_human_camera = 139.9543 m
t=2s, distance_human_camera = 139.9833 m
t=1s, distance_eagle_camera = 139.7566 m
t=2s, distance_eagle_camera = 130.2468m"
simulation_0031_segmented,segmentation,V3MX,24,DS,What is the width of the boat in meters?,speed of the person = 1.3m/s,"t=1s, distance_boat_camera = 130.3493 m
t=2s, distance_boat_camera = 133.7433 m
t=1s, distance_human_camera = 139.9543 m
t=2s, distance_human_camera = 139.9833 m
t=1s, distance_eagle_camera = 139.7566 m
t=2s, distance_eagle_camera = 130.2468m"
simulation_0031_segmented,segmentation,V3MX,24,DD,What is the average speed of the boat in m/s?,speed of the person = 1.3m/s,"t=1s, distance_boat_camera = 130.3493 m
t=2s, distance_boat_camera = 133.7433 m
t=1s, distance_human_camera = 139.9543 m
t=2s, distance_human_camera = 139.9833 m
t=1s, distance_eagle_camera = 139.7566 m
t=2s, distance_eagle_camera = 130.2468m"
simulation_0031_segmented,segmentation,V3MX,24,DS,What is the length of the eagle in meters?,speed of the person = 1.3m/s,"t=1s, distance_boat_camera = 130.3493 m
t=2s, distance_boat_camera = 133.7433 m
t=1s, distance_human_camera = 139.9543 m
t=2s, distance_human_camera = 139.9833 m
t=1s, distance_eagle_camera = 139.7566 m
t=2s, distance_eagle_camera = 130.2468m"
simulation_0031_segmented,segmentation,V3MX,24,DD,What is the average speed of the eagle in m/s?,speed of the person = 1.3m/s,"t=1s, distance_boat_camera = 130.3493 m
t=2s, distance_boat_camera = 133.7433 m
t=1s, distance_human_camera = 139.9543 m
t=2s, distance_human_camera = 139.9833 m
t=1s, distance_eagle_camera = 139.7566 m
t=2s, distance_eagle_camera = 130.2468m"
simulation_0031_segmented,segmentation,V3MX,24,DS,What is the eagle’s wingspan (the distance from the tip of one wing to the tip of the other when fully spread) in meters?,speed of the person = 1.3m/s,"t=1s, distance_boat_camera = 130.3493 m
t=2s, distance_boat_camera = 133.7433 m
t=1s, distance_human_camera = 139.9543 m
t=2s, distance_human_camera = 139.9833 m
t=1s, distance_eagle_camera = 139.7566 m
t=2s, distance_eagle_camera = 130.2468m"
simulation_0032_segmented,segmentation,A3MX,30,DS,What is the height of the person in meters?,gravity acc = 9.8m/s^2,"t=1s, distance_ball_camera = 13.7978 m
t=2s, distance_ball_camera = 13.8028 m
t=1.5s, distance_orange_car_camera = 10.1755m
t=2s, distance_orange_car_camera = 10.4022m
t=2.5s, distance_green_car_camera = 4.3204m
t=3s, distance_green_car_camera = 6.9142m"
simulation_0032_segmented,segmentation,A3MX,30,DD,What is the initial velocity of the ball in m/s?,gravity acc = 9.8m/s^2,"t=1s, distance_ball_camera = 13.7978 m
t=2s, distance_ball_camera = 13.8028 m
t=1.5s, distance_orange_car_camera = 10.1755m
t=2s, distance_orange_car_camera = 10.4022m
t=2.5s, distance_green_car_camera = 4.3204m
t=3s, distance_green_car_camera = 6.9142m"
simulation_0032_segmented,segmentation,A3MX,30,DS,What is the diameter of the ball in meters?,gravity acc = 9.8m/s^2,"t=1s, distance_ball_camera = 13.7978 m
t=2s, distance_ball_camera = 13.8028 m
t=1.5s, distance_orange_car_camera = 10.1755m
t=2s, distance_orange_car_camera = 10.4022m
t=2.5s, distance_green_car_camera = 4.3204m
t=3s, distance_green_car_camera = 6.9142m"
simulation_0032_segmented,segmentation,A3MX,30,DD,What is the acceleration of the orange car at 2s in m/s^2?,gravity acc = 9.8m/s^2,"t=1s, distance_ball_camera = 13.7978 m
t=2s, distance_ball_camera = 13.8028 m
t=1.5s, distance_orange_car_camera = 10.1755m
t=2s, distance_orange_car_camera = 10.4022m
t=2.5s, distance_green_car_camera = 4.3204m
t=3s, distance_green_car_camera = 6.9142m"
simulation_0032_segmented,segmentation,A3MX,30,DD,What is the average speed of the green car in m/s?,gravity acc = 9.8m/s^2,"t=1s, distance_ball_camera = 13.7978 m
t=2s, distance_ball_camera = 13.8028 m
t=1.5s, distance_orange_car_camera = 10.1755m
t=2s, distance_orange_car_camera = 10.4022m
t=2.5s, distance_green_car_camera = 4.3204m
t=3s, distance_green_car_camera = 6.9142m"
simulation_0034_segmented,segmentation,S3MX,24,SD,What is the average speed of the boat in m/s?,height of the person = 1.75m,"t=1s, distance_boat_camera = 96.8995 m
t=2s, distance_boat_camera = 92.8490 m
t=1s, distance_human_camera = 92.1861m
t=2s, distance_human_camera = 92.1960 m
t=1s, distance_eagle_camera = 91.6867m
t=2s, distance_eagle_camera = 103.4262m"
simulation_0034_segmented,segmentation,S3MX,24,SS,What is the height of the boat in meters?,height of the person = 1.75m,"t=1s, distance_boat_camera = 96.8995 m
t=2s, distance_boat_camera = 92.8490 m
t=1s, distance_human_camera = 92.1861m
t=2s, distance_human_camera = 92.1960 m
t=1s, distance_eagle_camera = 91.6867m
t=2s, distance_eagle_camera = 103.4262m"
simulation_0034_segmented,segmentation,S3MX,24,SS,What is the width of the boat in meters?,height of the person = 1.75m,"t=1s, distance_boat_camera = 96.8995 m
t=2s, distance_boat_camera = 92.8490 m
t=1s, distance_human_camera = 92.1861m
t=2s, distance_human_camera = 92.1960 m
t=1s, distance_eagle_camera = 91.6867m
t=2s, distance_eagle_camera = 103.4262m"
simulation_0034_segmented,segmentation,S3MX,24,SD,What is the average speed of the person in m/s?,height of the person = 1.75m,"t=1s, distance_boat_camera = 96.8995 m
t=2s, distance_boat_camera = 92.8490 m
t=1s, distance_human_camera = 92.1861m
t=2s, distance_human_camera = 92.1960 m
t=1s, distance_eagle_camera = 91.6867m
t=2s, distance_eagle_camera = 103.4262m"
simulation_0034_segmented,segmentation,S3MX,24,SS,What is the eagle’s wingspan (the distance from the tip of one wing to the tip of the other when fully spread) in meters?,height of the person = 1.75m,"t=1s, distance_boat_camera = 96.8995 m
t=2s, distance_boat_camera = 92.8490 m
t=1s, distance_human_camera = 92.1861m
t=2s, distance_human_camera = 92.1960 m
t=1s, distance_eagle_camera = 91.6867m
t=2s, distance_eagle_camera = 103.4262m"
simulation_0034_segmented,segmentation,S3MX,24,SD,What is the average speed of the eagle in m/s?,height of the person = 1.75m,"t=1s, distance_boat_camera = 96.8995 m
t=2s, distance_boat_camera = 92.8490 m
t=1s, distance_human_camera = 92.1861m
t=2s, distance_human_camera = 92.1960 m
t=1s, distance_eagle_camera = 91.6867m
t=2s, distance_eagle_camera = 103.4262m"
simulation_0035_segmented,segmentation,S3MX,24,SD,What is the average speed of the person in m/s?,height of the person = 1.75m,"t=1s, distance_human_camera = 139.1030m
t=2s, distance_human_camera = 139.1044 m
t=1s, distance_eagle_camera = 139.7035m
t=2s, distance_eagle_camera = 147.1583m"
simulation_0035_segmented,segmentation,S3MX,24,SS,What is the eagle’s wingspan (the distance from the tip of one wing to the tip of the other when fully spread) in meters?,height of the person = 1.75m,"t=1s, distance_human_camera = 139.1030m
t=2s, distance_human_camera = 139.1044 m
t=1s, distance_eagle_camera = 139.7035m
t=2s, distance_eagle_camera = 147.1583m"
simulation_0035_segmented,segmentation,S3MX,24,SD,What is the average speed of the eagle in m/s?,height of the person = 1.75m,"t=1s, distance_human_camera = 139.1030m
t=2s, distance_human_camera = 139.1044 m
t=1s, distance_eagle_camera = 139.7035m
t=2s, distance_eagle_camera = 147.1583m"
simulation_0035_segmented,segmentation,S3MX,24,SS,What is the length of the eagle in meters?,height of the person = 1.75m,"t=1s, distance_human_camera = 139.1030m
t=2s, distance_human_camera = 139.1044 m
t=1s, distance_eagle_camera = 139.7035m
t=2s, distance_eagle_camera = 147.1583m"
simulation_0036_segmented,segmentation,S3MX,24,SS,What is the height of the boat in meters?,length of the boat = 10m,"t=1s, distance_boat_camera = 133.9572 m
t=2s, distance_boat_camera = 131.2557 m
t=1s, distance_human_camera = 139.1030m
t=2s, distance_human_camera = 139.1044 m"
simulation_0036_segmented,segmentation,S3MX,24,SS,What is the height of the person in meters?,length of the boat = 10m,"t=1s, distance_boat_camera = 133.9572 m
t=2s, distance_boat_camera = 131.2557 m
t=1s, distance_human_camera = 139.1030m
t=2s, distance_human_camera = 139.1044 m"
simulation_0036_segmented,segmentation,S3MX,24,SD,What is the average speed of the boat in m/s?,length of the boat = 10m,"t=1s, distance_boat_camera = 133.9572 m
t=2s, distance_boat_camera = 131.2557 m
t=1s, distance_human_camera = 139.1030m
t=2s, distance_human_camera = 139.1044 m"
simulation_0036_segmented,segmentation,S3MX,24,SD,What is the average speed of the person in m/s?,length of the boat = 10m,"t=1s, distance_boat_camera = 133.9572 m
t=2s, distance_boat_camera = 131.2557 m
t=1s, distance_human_camera = 139.1030m
t=2s, distance_human_camera = 139.1044 m"
simulation_0037_segmented,segmentation,V3MX,24,DS,What is the height of the person in meters?,speed of the person = 1.3m/s,"t=1s, distance_human_camera = 122.8569 m
t=2s, distance_human_camera = 122.8588 m"
simulation_0037_segmented,segmentation,V3MX,24,DS,What is the length of the rock in meters?,speed of the person = 1.3m/s,"t=1s, distance_human_camera = 122.8569 m
t=2s, distance_human_camera = 122.8588 m"
simulation_0037_segmented,segmentation,V3MX,24,DS,What is the height of the rock in meters?,speed of the person = 1.3m/s,"t=1s, distance_human_camera = 122.8569 m
t=2s, distance_human_camera = 122.8588 m"
simulation_0038_segmented,segmentation,V3MX,24,DS,What is the length of the rock in meters?,speed of the person = 1.3m/s,"t=1s, distance_human_camera = 179.0908m
t=2s, distance_human_camera = 179.1845m"
simulation_0038_segmented,segmentation,V3MX,24,DS,What is the width of the rock in meters?,speed of the person = 1.3m/s,"t=1s, distance_human_camera = 179.0908m
t=2s, distance_human_camera = 179.1845m"
simulation_0038_segmented,segmentation,V3MX,24,DS,What is the height of the person in meters?,speed of the person = 1.3m/s,"t=1s, distance_human_camera = 179.0908m
t=2s, distance_human_camera = 179.1845m"
simulation_0039_segmented,segmentation,V3MX,24,DS,What is the height of the person in meters?,speed of the boat = 4m/s,"t=1s, distance_boat_camera = 177.2077 m
t=2s, distance_boat_camera = 177.9993 m
t=1s, distance_human_camera = 182.9249 m
t=2s, distance_human_camera = 183.0167 m
t=1s, distance_eagle_camera = 179.2691 m
t=2s, distance_eagle_camera = 177.1009 m"
simulation_0039_segmented,segmentation,V3MX,24,DD,What is the average speed of the person in m/s?,speed of the boat = 4m/s,"t=1s, distance_boat_camera = 177.2077 m
t=2s, distance_boat_camera = 177.9993 m
t=1s, distance_human_camera = 182.9249 m
t=2s, distance_human_camera = 183.0167 m
t=1s, distance_eagle_camera = 179.2691 m
t=2s, distance_eagle_camera = 177.1009 m"
simulation_0039_segmented,segmentation,V3MX,24,DS,What is the height of the boat in meters?,speed of the boat = 4m/s,"t=1s, distance_boat_camera = 177.2077 m
t=2s, distance_boat_camera = 177.9993 m
t=1s, distance_human_camera = 182.9249 m
t=2s, distance_human_camera = 183.0167 m
t=1s, distance_eagle_camera = 179.2691 m
t=2s, distance_eagle_camera = 177.1009 m"
simulation_0039_segmented,segmentation,V3MX,24,DS,What is the length of the boat in meters?,speed of the boat = 4m/s,"t=1s, distance_boat_camera = 177.2077 m
t=2s, distance_boat_camera = 177.9993 m
t=1s, distance_human_camera = 182.9249 m
t=2s, distance_human_camera = 183.0167 m
t=1s, distance_eagle_camera = 179.2691 m
t=2s, distance_eagle_camera = 177.1009 m"
simulation_0039_segmented,segmentation,V3MX,24,DS,What is the width of the boat in meters?,speed of the boat = 4m/s,"t=1s, distance_boat_camera = 177.2077 m
t=2s, distance_boat_camera = 177.9993 m
t=1s, distance_human_camera = 182.9249 m
t=2s, distance_human_camera = 183.0167 m
t=1s, distance_eagle_camera = 179.2691 m
t=2s, distance_eagle_camera = 177.1009 m"
simulation_0039_segmented,segmentation,V3MX,24,DS,What is the length of the eagle in meters?,speed of the boat = 4m/s,"t=1s, distance_boat_camera = 177.2077 m
t=2s, distance_boat_camera = 177.9993 m
t=1s, distance_human_camera = 182.9249 m
t=2s, distance_human_camera = 183.0167 m
t=1s, distance_eagle_camera = 179.2691 m
t=2s, distance_eagle_camera = 177.1009 m"
simulation_0039_segmented,segmentation,V3MX,24,DS,What is the eagle’s wingspan (the distance from the tip of one wing to the tip of the other when fully spread) in meters?,speed of the boat = 4m/s,"t=1s, distance_boat_camera = 177.2077 m
t=2s, distance_boat_camera = 177.9993 m
t=1s, distance_human_camera = 182.9249 m
t=2s, distance_human_camera = 183.0167 m
t=1s, distance_eagle_camera = 179.2691 m
t=2s, distance_eagle_camera = 177.1009 m"
simulation_0039_segmented,segmentation,V3MX,24,DD,What is the average speed of the eagle in m/s?,speed of the boat = 4m/s,"t=1s, distance_boat_camera = 177.2077 m
t=2s, distance_boat_camera = 177.9993 m
t=1s, distance_human_camera = 182.9249 m
t=2s, distance_human_camera = 183.0167 m
t=1s, distance_eagle_camera = 179.2691 m
t=2s, distance_eagle_camera = 177.1009 m"
simulation_0041_segmented,segmentation,S2MX,24,SS,What is the height of the boat in meters?,height of the person = 1.75m,
simulation_0041_segmented,segmentation,S2MX,24,SS,What is the length of the boat in meters?,height of the person = 1.75m,
simulation_0041_segmented,segmentation,S2MX,24,SS,What is the width of the boat in meters?,height of the person = 1.75m,
simulation_0041_segmented,segmentation,S2MX,24,SD,What is the average speed of the boat in m/s?,height of the person = 1.75m,
simulation_0041_segmented,segmentation,S2MX,24,SD,What is the average speed of the person in m/s?,height of the person = 1.75m,
simulation_0043_segmented,segmentation,S3MX,24,SS,What is the height of the boat in meters?,length of the boat = 10m,"t=1s, distance_boat_camera = 173.7093 m
t=2s, distance_boat_camera = 174.5515 m"
simulation_0043_segmented,segmentation,S3MX,24,SS,What is the width of the boat in meters?,length of the boat = 10m,"t=1s, distance_boat_camera = 173.7093 m
t=2s, distance_boat_camera = 174.5515 m"
simulation_0043_segmented,segmentation,S3MX,24,SD,What is the average speed of the boat in m/s?,length of the boat = 10m,"t=1s, distance_boat_camera = 173.7093 m
t=2s, distance_boat_camera = 174.5515 m"
simulation_0043_segmented,segmentation,S3MX,24,SS,What is the width of the rock in meters?,length of the boat = 10m,"t=1s, distance_boat_camera = 173.7093 m
t=2s, distance_boat_camera = 174.5515 m"
simulation_0048_segmented,segmentation,S3MX,33,SD,What is the average speed of the walking person in m/s?,height of the walking person = 1.8m,"t=1s, distance_bike_camera = 16.4919m
t=2s, distance_bike_camera = 11.9277m
t=1s, distance_human_camera = 11.9259m
t=2s, distance_human_camera = 10.8165m"
simulation_0048_segmented,segmentation,S3MX,33,SS,What is the width of the telephone booth in meters?,height of the walking person = 1.8m,"t=1s, distance_bike_camera = 16.4919m
t=2s, distance_bike_camera = 11.9277m
t=1s, distance_human_camera = 11.9259m
t=2s, distance_human_camera = 10.8165m"
simulation_0048_segmented,segmentation,S3MX,33,SS,What is the distance between the left pillar of the near door and the right pillar of the far door in meters?,height of the walking person = 1.8m,"t=1s, distance_bike_camera = 16.4919m
t=2s, distance_bike_camera = 11.9277m
t=1s, distance_human_camera = 11.9259m
t=2s, distance_human_camera = 10.8165m"
simulation_0048_segmented,segmentation,S3MX,33,SS,"What is the height of the moving bicycle (from the handlebar to the ground, including below the wheel) in meters?",height of the walking person = 1.8m,"t=1s, distance_bike_camera = 16.4919m
t=2s, distance_bike_camera = 11.9277m
t=1s, distance_human_camera = 11.9259m
t=2s, distance_human_camera = 10.8165m"
simulation_0048_segmented,segmentation,S3MX,33,SD,What is the average speed of the moving bicycle in m/s?,height of the walking person = 1.8m,"t=1s, distance_bike_camera = 16.4919m
t=2s, distance_bike_camera = 11.9277m
t=1s, distance_human_camera = 11.9259m
t=2s, distance_human_camera = 10.8165m"
simulation_0048_segmented,segmentation,S3MX,33,SS,What is the diameter of the wheel of the moving bicycle in meters?,height of the walking person = 1.8m,"t=1s, distance_bike_camera = 16.4919m
t=2s, distance_bike_camera = 11.9277m
t=1s, distance_human_camera = 11.9259m
t=2s, distance_human_camera = 10.8165m"
simulation_0057_segmented,segmentation,A2MX,30,DS,What is the length of the orange car in meters?,acceleration of the orange car = -2.86m/s^2,
simulation_0057_segmented,segmentation,A2MX,30,DS,What is the distance between the two streetlights in meters?,acceleration of the orange car = -2.86m/s^2,
simulation_0057_segmented,segmentation,A2MX,30,DS,What is the width of the orange car in meters?,acceleration of the orange car = -2.86m/s^2,
simulation_0066_segmented,segmentation,A3MX,24,DD,What is the average speed of the yellow car in m/s?,acceleration of the white car = 4m/s^2,"t=0.58s, distance_human_camera = 21.0610m
t=1.58s, distance_human_camera = 21.3488m
t=0.58s, distance_yellow_car_camera = 19.6514m
t=1.58s, distance_yellow_car_camera = 16.5490m
t=0.58s, distance_white_car_camera = 23.5892m
t=1.58s, distance_white_car_camera = 19.9903m
t=0.58s, distance_bike_camera = 19.0650m
t=1.58s, distance_bike_camera = 14.6515m"
simulation_0066_segmented,segmentation,A3MX,24,DS,What is the width of the lane in meters?,acceleration of the white car = 4m/s^2,"t=0.58s, distance_human_camera = 21.0610m
t=1.58s, distance_human_camera = 21.3488m
t=0.58s, distance_yellow_car_camera = 19.6514m
t=1.58s, distance_yellow_car_camera = 16.5490m
t=0.58s, distance_white_car_camera = 23.5892m
t=1.58s, distance_white_car_camera = 19.9903m
t=0.58s, distance_bike_camera = 19.0650m
t=1.58s, distance_bike_camera = 14.6515m"
simulation_0066_segmented,segmentation,A3MX,24,DS,What is the width of the white car in meters?,acceleration of the white car = 4m/s^2,"t=0.58s, distance_human_camera = 21.0610m
t=1.58s, distance_human_camera = 21.3488m
t=0.58s, distance_yellow_car_camera = 19.6514m
t=1.58s, distance_yellow_car_camera = 16.5490m
t=0.58s, distance_white_car_camera = 23.5892m
t=1.58s, distance_white_car_camera = 19.9903m
t=0.58s, distance_bike_camera = 19.0650m
t=1.58s, distance_bike_camera = 14.6515m"
simulation_0066_segmented,segmentation,A3MX,24,DS,What is the length of the white car in meters?,acceleration of the white car = 4m/s^2,"t=0.58s, distance_human_camera = 21.0610m
t=1.58s, distance_human_camera = 21.3488m
t=0.58s, distance_yellow_car_camera = 19.6514m
t=1.58s, distance_yellow_car_camera = 16.5490m
t=0.58s, distance_white_car_camera = 23.5892m
t=1.58s, distance_white_car_camera = 19.9903m
t=0.58s, distance_bike_camera = 19.0650m
t=1.58s, distance_bike_camera = 14.6515m"
simulation_0066_segmented,segmentation,A3MX,24,DS,What is the height of the white car in meters?,acceleration of the white car = 4m/s^2,"t=0.58s, distance_human_camera = 21.0610m
t=1.58s, distance_human_camera = 21.3488m
t=0.58s, distance_yellow_car_camera = 19.6514m
t=1.58s, distance_yellow_car_camera = 16.5490m
t=0.58s, distance_white_car_camera = 23.5892m
t=1.58s, distance_white_car_camera = 19.9903m
t=0.58s, distance_bike_camera = 19.0650m
t=1.58s, distance_bike_camera = 14.6515m"
simulation_0066_segmented,segmentation,A3MX,24,DS,What is the length of the turning yellow car in meters?,acceleration of the white car = 4m/s^2,"t=0.58s, distance_human_camera = 21.0610m
t=1.58s, distance_human_camera = 21.3488m
t=0.58s, distance_yellow_car_camera = 19.6514m
t=1.58s, distance_yellow_car_camera = 16.5490m
t=0.58s, distance_white_car_camera = 23.5892m
t=1.58s, distance_white_car_camera = 19.9903m
t=0.58s, distance_bike_camera = 19.0650m
t=1.58s, distance_bike_camera = 14.6515m"
simulation_0066_segmented,segmentation,A3MX,24,DS,What is the height of the turning yellow car in meters?,acceleration of the white car = 4m/s^2,"t=0.58s, distance_human_camera = 21.0610m
t=1.58s, distance_human_camera = 21.3488m
t=0.58s, distance_yellow_car_camera = 19.6514m
t=1.58s, distance_yellow_car_camera = 16.5490m
t=0.58s, distance_white_car_camera = 23.5892m
t=1.58s, distance_white_car_camera = 19.9903m
t=0.58s, distance_bike_camera = 19.0650m
t=1.58s, distance_bike_camera = 14.6515m"
simulation_0066_segmented,segmentation,A3MX,24,DS,What is the width of the turning yellow car in meters?,acceleration of the white car = 4m/s^2,"t=0.58s, distance_human_camera = 21.0610m
t=1.58s, distance_human_camera = 21.3488m
t=0.58s, distance_yellow_car_camera = 19.6514m
t=1.58s, distance_yellow_car_camera = 16.5490m
t=0.58s, distance_white_car_camera = 23.5892m
t=1.58s, distance_white_car_camera = 19.9903m
t=0.58s, distance_bike_camera = 19.0650m
t=1.58s, distance_bike_camera = 14.6515m"
simulation_0066_segmented,segmentation,A3MX,24,DS,What is the diameter of the bicycle wheel in meters?,acceleration of the white car = 4m/s^2,"t=0.58s, distance_human_camera = 21.0610m
t=1.58s, distance_human_camera = 21.3488m
t=0.58s, distance_yellow_car_camera = 19.6514m
t=1.58s, distance_yellow_car_camera = 16.5490m
t=0.58s, distance_white_car_camera = 23.5892m
t=1.58s, distance_white_car_camera = 19.9903m
t=0.58s, distance_bike_camera = 19.0650m
t=1.58s, distance_bike_camera = 14.6515m"
simulation_0066_segmented,segmentation,A3MX,24,DD,What is the average speed of the walking pedestrian in m/s?,acceleration of the white car = 4m/s^2,"t=0.58s, distance_human_camera = 21.0610m
t=1.58s, distance_human_camera = 21.3488m
t=0.58s, distance_yellow_car_camera = 19.6514m
t=1.58s, distance_yellow_car_camera = 16.5490m
t=0.58s, distance_white_car_camera = 23.5892m
t=1.58s, distance_white_car_camera = 19.9903m
t=0.58s, distance_bike_camera = 19.0650m
t=1.58s, distance_bike_camera = 14.6515m"
simulation_0066_segmented,segmentation,A3MX,24,DS,What is the height of the walking pedestrian in meters?,acceleration of the white car = 4m/s^2,"t=0.58s, distance_human_camera = 21.0610m
t=1.58s, distance_human_camera = 21.3488m
t=0.58s, distance_yellow_car_camera = 19.6514m
t=1.58s, distance_yellow_car_camera = 16.5490m
t=0.58s, distance_white_car_camera = 23.5892m
t=1.58s, distance_white_car_camera = 19.9903m
t=0.58s, distance_bike_camera = 19.0650m
t=1.58s, distance_bike_camera = 14.6515m"
simulation_0066_segmented,segmentation,A3MX,24,DD,What is the average speed of the bicycle in m/s?,acceleration of the white car = 4m/s^2,"t=0.58s, distance_human_camera = 21.0610m
t=1.58s, distance_human_camera = 21.3488m
t=0.58s, distance_yellow_car_camera = 19.6514m
t=1.58s, distance_yellow_car_camera = 16.5490m
t=0.58s, distance_white_car_camera = 23.5892m
t=1.58s, distance_white_car_camera = 19.9903m
t=0.58s, distance_bike_camera = 19.0650m
t=1.58s, distance_bike_camera = 14.6515m"
simulation_0066_segmented,segmentation,A3MX,24,DS,What is the width of the green car in meters?,acceleration of the white car = 4m/s^2,"t=0.58s, distance_human_camera = 21.0610m
t=1.58s, distance_human_camera = 21.3488m
t=0.58s, distance_yellow_car_camera = 19.6514m
t=1.58s, distance_yellow_car_camera = 16.5490m
t=0.58s, distance_white_car_camera = 23.5892m
t=1.58s, distance_white_car_camera = 19.9903m
t=0.58s, distance_bike_camera = 19.0650m
t=1.58s, distance_bike_camera = 14.6515m"
simulation_0066_segmented,segmentation,A3MX,24,DS,What is the length of the green car in meters?,acceleration of the white car = 4m/s^2,"t=0.58s, distance_human_camera = 21.0610m
t=1.58s, distance_human_camera = 21.3488m
t=0.58s, distance_yellow_car_camera = 19.6514m
t=1.58s, distance_yellow_car_camera = 16.5490m
t=0.58s, distance_white_car_camera = 23.5892m
t=1.58s, distance_white_car_camera = 19.9903m
t=0.58s, distance_bike_camera = 19.0650m
t=1.58s, distance_bike_camera = 14.6515m"
simulation_0066_segmented,segmentation,A3MX,24,DS,What is the height of the green car in meters?,acceleration of the white car = 4m/s^2,"t=0.58s, distance_human_camera = 21.0610m
t=1.58s, distance_human_camera = 21.3488m
t=0.58s, distance_yellow_car_camera = 19.6514m
t=1.58s, distance_yellow_car_camera = 16.5490m
t=0.58s, distance_white_car_camera = 23.5892m
t=1.58s, distance_white_car_camera = 19.9903m
t=0.58s, distance_bike_camera = 19.0650m
t=1.58s, distance_bike_camera = 14.6515m"
simulation_0066_segmented,segmentation,A3MX,24,DS,What is the width of the purple car in meters?,acceleration of the white car = 4m/s^2,"t=0.58s, distance_human_camera = 21.0610m
t=1.58s, distance_human_camera = 21.3488m
t=0.58s, distance_yellow_car_camera = 19.6514m
t=1.58s, distance_yellow_car_camera = 16.5490m
t=0.58s, distance_white_car_camera = 23.5892m
t=1.58s, distance_white_car_camera = 19.9903m
t=0.58s, distance_bike_camera = 19.0650m
t=1.58s, distance_bike_camera = 14.6515m"
simulation_0066_segmented,segmentation,A3MX,24,DS,What is the height of the purple car in meters?,acceleration of the white car = 4m/s^2,"t=0.58s, distance_human_camera = 21.0610m
t=1.58s, distance_human_camera = 21.3488m
t=0.58s, distance_yellow_car_camera = 19.6514m
t=1.58s, distance_yellow_car_camera = 16.5490m
t=0.58s, distance_white_car_camera = 23.5892m
t=1.58s, distance_white_car_camera = 19.9903m
t=0.58s, distance_bike_camera = 19.0650m
t=1.58s, distance_bike_camera = 14.6515m"
simulation_0068_segmented,segmentation,A2MX,24,DD,What is the average speed of the yellow car in m/s?,acceleration of the white car = 4m/s^2,
simulation_0068_segmented,segmentation,A2MX,24,DS,What is the length of the turning yellow car in meters?,acceleration of the white car = 4m/s^2,
simulation_0068_segmented,segmentation,A2MX,24,DS,What is the width of the turning yellow car in meters?,acceleration of the white car = 4m/s^2,
simulation_0068_segmented,segmentation,A2MX,24,DS,What is the width of the white car in meters?,acceleration of the white car = 4m/s^2,
simulation_0068_segmented,segmentation,A2MX,24,DS,What is the length of the white car in meters?,acceleration of the white car = 4m/s^2,
simulation_0098_segmented,segmentation,V2MX,24,DD,What is the average speed of the boat in m/s?,speed of the shark = 3m/s,
simulation_0098_segmented,segmentation,V2MX,24,DS,What is the length of the boat in meters?,speed of the shark = 3m/s,
simulation_0098_segmented,segmentation,V2MX,24,DS,What is the length of the shark in meters?,speed of the shark = 3m/s,
simulation_0098_segmented,segmentation,V2MX,24,DS,What is the height of the shark in meters?,speed of the shark = 3m/s,
simulation_0099_segmented,segmentation,S2MX,24,SD,What is the average speed of the boat in m/s?,length of the boat = 10m,
simulation_0099_segmented,segmentation,S2MX,24,SD,What is the average speed of the shark in m/s?,length of the boat = 10m,
simulation_0099_segmented,segmentation,S2MX,24,SS,What is the length of the shark in meters?,length of the boat = 10m,
simulation_0099_segmented,segmentation,S2MX,24,SS,What is the height of the shark in meters?,length of the boat = 10m,
simulation_0100_segmented,segmentation,S2MX,24,SD,What is the average speed of the boat in m/s?,length of the boat = 10m,
simulation_0100_segmented,segmentation,S2MX,24,SD,What is the average speed of the shark in m/s?,length of the boat = 10m,
simulation_0100_segmented,segmentation,S2MX,24,SS,What is the length of the shark in meters?,length of the boat = 10m,
simulation_0100_segmented,segmentation,S2MX,24,SS,What is the height of the shark in meters?,length of the boat = 10m,
simulation_0101_segmented,segmentation,A2MX,24,DD,What is the initial speed of the shark in m/s?,acceleration of the shark = 1m/s^2,
simulation_0101_segmented,segmentation,A2MX,24,DD,What is the average speed of the boat in m/s?,acceleration of the shark = 1m/s^2,
simulation_0101_segmented,segmentation,A2MX,24,DS,What is the length of the boat in meters?,acceleration of the shark = 1m/s^2,
simulation_0101_segmented,segmentation,A2MX,24,DS,What is the length of the shark in meters?,acceleration of the shark = 1m/s^2,
simulation_0101_segmented,segmentation,A2MX,24,DS,What is the height of the shark in meters?,acceleration of the shark = 1m/s^2,
simulation_0102_segmented,segmentation,A2MX,24,DD,What is the initial speed of the shark in m/s?,acceleration of the shark = 1m/s^2,
simulation_0102_segmented,segmentation,A2MX,24,DD,What is the average speed of the boat in m/s?,acceleration of the shark = 1m/s^2,
simulation_0102_segmented,segmentation,A2MX,24,DS,What is the length of the boat in meters?,acceleration of the shark = 1m/s^2,
simulation_0102_segmented,segmentation,A2MX,24,DS,What is the length of the shark in meters?,acceleration of the shark = 1m/s^2,
simulation_0102_segmented,segmentation,A2MX,24,DS,What is the height of the shark in meters?,acceleration of the shark = 1m/s^2,
simulation_0102_segmented,segmentation,A2MX,24,DS,What is the distance between the shark and the boat at 0.5 s in meters?,acceleration of the shark = 1m/s^2,
simulation_0103_segmented,segmentation,A2MX,24,DD,What is the initial speed of the shark in m/s?,acceleration of the shark = 1m/s^2,
simulation_0103_segmented,segmentation,A2MX,24,DD,What is the average speed of the boat in m/s?,acceleration of the shark = 1m/s^2,
simulation_0103_segmented,segmentation,A2MX,24,DS,What is the length of the boat in meters?,acceleration of the shark = 1m/s^2,
simulation_0103_segmented,segmentation,A2MX,24,DS,What is the length of the shark in meters?,acceleration of the shark = 1m/s^2,
simulation_0103_segmented,segmentation,A2MX,24,DS,What is the height of the shark in meters?,acceleration of the shark = 1m/s^2,
simulation_0103_segmented,segmentation,A2MX,24,DS,What is the distance between the shark and the boat at 0.5 s in meters?,acceleration of the shark = 1m/s^2,
simulation_0112_segmented,segmentation,V2MX,24,DS,What is the height of the car in meters?,speed of the car = 6.66m/s,
simulation_0112_segmented,segmentation,V2MX,24,DS,What is the diameter of the wheel in meters?,speed of the car = 6.66m/s,
simulation_0112_segmented,segmentation,V2MX,24,DS,What is the length of the car in meters?,speed of the car = 6.66m/s,
simulation_0114_segmented,segmentation,A2SX,24,DS,What is the width of the plane in meters?,acceleration of the plane = 18m/s^2,
simulation_0114_segmented,segmentation,A2SX,24,DS,What is the length of the plane in meters?,acceleration of the plane = 18m/s^2,
simulation_0114_segmented,segmentation,A2SX,24,DD,What is the speed of the plane at 1.5s in m/s?,acceleration of the plane = 18m/s^2,
simulation_0115_segmented,segmentation,A2MX,24,DS,What is the length of the boat in meters?,acceleration of the boat = 3m/s^2,
simulation_0115_segmented,segmentation,A2MX,24,DS,What is the width of the boat in meters?,acceleration of the boat = 3m/s^2,
simulation_0115_segmented,segmentation,A2MX,24,DD,What is the velocity of the boat at 1s in m/s?,acceleration of the boat = 3m/s^2,
simulation_0115_segmented,segmentation,A2MX,24,DS,What is the length of the wooden dock beside the boat in meters?,acceleration of the boat = 3m/s^2,
simulation_0115_segmented,segmentation,A2MX,24,DS,What is the width of the wooden dock beside the boat in meters?,acceleration of the boat = 3m/s^2,
simulation_0116_segmented,segmentation,A2MX,24,DS,What is the length of the football in meters?,gravity acc = 9.8m/s^2,
simulation_0116_segmented,segmentation,A2MX,24,DS,What is the width of the football in meters?,gravity acc = 9.8m/s^2,
simulation_0116_segmented,segmentation,A2MX,24,DS,What is the height of each door in meters?,gravity acc = 9.8m/s^2,
simulation_0116_segmented,segmentation,A2MX,24,DS,What is the width of each door in meters?,gravity acc = 9.8m/s^2,
simulation_0116_segmented,segmentation,A2MX,24,DD,What is the speed of the football at 0.5s in m/s?,gravity acc = 9.8m/s^2,
simulation_0121_segmented,segmentation,S2MX,30,SD,What is the speed of the left first ball at 0.5s in m/s?,diameter of the ball = 2m,
simulation_0121_segmented,segmentation,S2MX,30,SD,What is the speed of the left first ball at 1s in m/s?,diameter of the ball = 2m,
simulation_0121_segmented,segmentation,S2MX,30,SD,What is the speed of the right last ball at 2s in m/s?,diameter of the ball = 2m,
simulation_0123_segmented,segmentation,V2MX,24,DS,What is the length of the rolling cup in meters?,speed of the cup = 0.338m/s,
simulation_0123_segmented,segmentation,V2MX,24,DS,What is the diameter of the rolling cup in meters?,speed of the cup = 0.338m/s,
simulation_0123_segmented,segmentation,V2MX,24,DS,What is the length of the toothbrush lying on the sink in meters?,speed of the cup = 0.338m/s,
simulation_0123_segmented,segmentation,V2MX,24,DS,What is the diameter of the cup with the toothbrush in meters?,speed of the cup = 0.338m/s,
simulation_0123_segmented,segmentation,V2MX,24,DS,What is the length of the bottom towel of the three stacked towels on the sink in meters?,speed of the cup = 0.338m/s,
simulation_0123_segmented,segmentation,V2MX,24,DS,What is the width of the bottom towel of the three stacked towels on the sink in meters?,speed of the cup = 0.338m/s,
simulation_0124_segmented,segmentation,V2MX,24,DD,What is the average speed of the grey and red car in m/s?,speed of the black car = 26.085m/s,
simulation_0124_segmented,segmentation,V2MX,24,DS,What is the length of the grey and red car in meters?,speed of the black car = 26.085m/s,
simulation_0124_segmented,segmentation,V2MX,24,DS,What is the width of the grey and red car in meters?,speed of the black car = 26.085m/s,
simulation_0124_segmented,segmentation,V2MX,24,DS,What is the length of the black car in meters?,speed of the black car = 26.085m/s,
simulation_0124_segmented,segmentation,V2MX,24,DS,What is the width of the black car in meters?,speed of the black car = 26.085m/s,
simulation_0124_segmented,segmentation,V2MX,24,DS,What is the horizontal distance between the two cars at 1 s in meters?,speed of the black car = 26.085m/s,
simulation_0124_segmented,segmentation,V2MX,24,DS,What is the smallest horizontal distance between the two cars in meters?,speed of the black car = 26.085m/s,
simulation_0128_segmented,segmentation,A2MX,24,DS,What is the diameter of the ball in meters?,gravity acc = 9.8m/s^2,
simulation_0129_segmented,segmentation,A2MX,24,DS,What is the diameter of the ball in meters?,gravity acc = 9.8m/s^2,
simulation_0129_segmented,segmentation,A2MX,24,DS,What is the length of the forklift in meters?,gravity acc = 9.8m/s^2,
simulation_0129_segmented,segmentation,A2MX,24,DS,What is the height of the forklift in meters?,gravity acc = 9.8m/s^2,
simulation_0145_segmented,segmentation,S2MX,24,SS,What is the diameter of the tire in meters?,length of the rocket = 2.9m,
simulation_0145_segmented,segmentation,S2MX,24,SD,What is the average speed of the rocket in m/s?,length of the rocket = 2.9m,
simulation_0145_segmented,segmentation,S2MX,24,SD,What is the speed of the rocket at time 1s in m/s?,length of the rocket = 2.9m,
simulation_0145_segmented,segmentation,S2MX,24,SD,What is the acceleration of the rocket at time 1s in m/s^2?,length of the rocket = 2.9m,
simulation_0153_segmented,segmentation,S2SX,24,SS,What is the length of the blue car in meters (including the extending wire)?,diameter of the tire of the blue car = 0.369m,
simulation_0153_segmented,segmentation,S2SX,24,SD,What is the speed of the blue car at time 1s in m/s?,diameter of the tire of the blue car = 0.369m,
simulation_0153_segmented,segmentation,S2SX,24,SD,What is the acceleration of the blue car at time 1s in m/s^2?,diameter of the tire of the blue car = 0.369m,
simulation_0153_segmented,segmentation,S2SX,24,SD,What is the speed of the blue car at time 1.5s in m/s?,diameter of the tire of the blue car = 0.369m,
simulation_0153_segmented,segmentation,S2SX,24,SD,What is the acceleration of the blue car at time 1.5s in m/s^2?,diameter of the tire of the blue car = 0.369m,
simulation_0169_segmented,segmentation,S2SX,24,SD,What is the speed of the astronaut at time 0.5s in m/s?,height of the astronaut = 2.2m,
simulation_0169_segmented,segmentation,S2SX,24,SD,What is the acceleration of the astronaut at time 0.5s in m/s^2?,height of the astronaut = 2.2m,
simulation_0169_segmented,segmentation,S2SX,24,SD,What is the speed of the astronaut at time 1s in m/s?,height of the astronaut = 2.2m,
simulation_0169_segmented,segmentation,S2SX,24,SD,What is the acceleration of the astronaut at time 1s in m/s^2?,height of the astronaut = 2.2m,
simulation_0169_segmented,segmentation,S2SX,24,SD,What is the speed of the astronaut at time 2s in m/s?,height of the astronaut = 2.2m,
simulation_0169_segmented,segmentation,S2SX,24,SD,What is the acceleration of the astronaut at time 2s in m/s^2?,height of the astronaut = 2.2m,
simulation_0169_segmented,segmentation,S2SX,24,SD,What is the speed of the astronaut at time 3s in m/s?,height of the astronaut = 2.2m,
simulation_0169_segmented,segmentation,S2SX,24,SD,What is the acceleration of the astronaut at time 3s in m/s^2?,height of the astronaut = 2.2m,
simulation_0170_segmented,segmentation,S3SX,24,SD,What is the speed of the astronaut at time 0.5s in m/s?,height of the astronaut = 2.2m,"t=1s, distance_astronaut_camera = 23.137m"
simulation_0170_segmented,segmentation,S3SX,24,SD,What is the acceleration of the astronaut at time 0.5s in m/s^2?,height of the astronaut = 2.2m,"t=1s, distance_astronaut_camera = 23.137m"
simulation_0170_segmented,segmentation,S3SX,24,SD,What is the speed of the astronaut at time 1s in m/s?,height of the astronaut = 2.2m,"t=1s, distance_astronaut_camera = 23.137m"
simulation_0170_segmented,segmentation,S3SX,24,SD,What is the acceleration of the astronaut at time 1s in m/s^2?,height of the astronaut = 2.2m,"t=1s, distance_astronaut_camera = 23.137m"
simulation_0170_segmented,segmentation,S3SX,24,SD,What is the speed of the astronaut at time 2s in m/s?,height of the astronaut = 2.2m,"t=1s, distance_astronaut_camera = 23.137m"
simulation_0170_segmented,segmentation,S3SX,24,SD,What is the acceleration of the astronaut at time 2s in m/s^2?,height of the astronaut = 2.2m,"t=1s, distance_astronaut_camera = 23.137m"
simulation_0170_segmented,segmentation,S3SX,24,SD,What is the speed of the astronaut at time 3s in m/s?,height of the astronaut = 2.2m,"t=1s, distance_astronaut_camera = 23.137m"
simulation_0170_segmented,segmentation,S3SX,24,SD,What is the acceleration of the astronaut at time 3s in m/s^2?,height of the astronaut = 2.2m,"t=1s, distance_astronaut_camera = 23.137m"
simulation_0171_segmented,segmentation,S2SX,24,SD,What is the speed of the astronaut at time 0.5s in m/s?,height of the astronaut = 2.2m,
simulation_0171_segmented,segmentation,S2SX,24,SD,What is the acceleration of the astronaut at time 0.5s in m/s^2?,height of the astronaut = 2.2m,
simulation_0171_segmented,segmentation,S2SX,24,SD,What is the speed of the astronaut at time 1s in m/s?,height of the astronaut = 2.2m,
simulation_0171_segmented,segmentation,S2SX,24,SD,What is the acceleration of the astronaut at time 1s in m/s^2?,height of the astronaut = 2.2m,
simulation_0171_segmented,segmentation,S2SX,24,SD,What is the speed of the astronaut at time 2s in m/s?,height of the astronaut = 2.2m,
simulation_0171_segmented,segmentation,S2SX,24,SD,What is the acceleration of the astronaut at time 2s in m/s^2?,height of the astronaut = 2.2m,
simulation_0171_segmented,segmentation,S2SX,24,SD,What is the speed of the astronaut at time 3s in m/s?,height of the astronaut = 2.2m,
simulation_0171_segmented,segmentation,S2SX,24,SD,What is the acceleration of the astronaut at time 3s in m/s^2?,height of the astronaut = 2.2m,
simulation_0172_segmented,segmentation,S3SX,24,SD,What is the speed of the astronaut at time 0.5s in m/s?,height of the astronaut = 2.2m,"t=1s, distance_astronaut_camera = 18.147m"
simulation_0172_segmented,segmentation,S3SX,24,SD,What is the acceleration of the astronaut at time 0.5s in m/s^2?,height of the astronaut = 2.2m,"t=1s, distance_astronaut_camera = 18.147m"
simulation_0172_segmented,segmentation,S3SX,24,SD,What is the speed of the astronaut at time 1s in m/s?,height of the astronaut = 2.2m,"t=1s, distance_astronaut_camera = 18.147m"
simulation_0172_segmented,segmentation,S3SX,24,SD,What is the acceleration of the astronaut at time 1s in m/s^2?,height of the astronaut = 2.2m,"t=1s, distance_astronaut_camera = 18.147m"
simulation_0172_segmented,segmentation,S3SX,24,SD,What is the speed of the astronaut at time 2s in m/s?,height of the astronaut = 2.2m,"t=1s, distance_astronaut_camera = 18.147m"
simulation_0172_segmented,segmentation,S3SX,24,SD,What is the acceleration of the astronaut at time 2s in m/s^2?,height of the astronaut = 2.2m,"t=1s, distance_astronaut_camera = 18.147m"
simulation_0172_segmented,segmentation,S3SX,24,SD,What is the speed of the astronaut at time 3s in m/s?,height of the astronaut = 2.2m,"t=1s, distance_astronaut_camera = 18.147m"
simulation_0172_segmented,segmentation,S3SX,24,SD,What is the acceleration of the astronaut at time 3s in m/s^2?,height of the astronaut = 2.2m,"t=1s, distance_astronaut_camera = 18.147m"
simulation_0177_segmented,segmentation,V2SX,24,DS,What is the height of the elephant in meters?,speed of the elephant = 1.424m/s,
simulation_0177_segmented,segmentation,V2SX,24,DS,What is the displacement of the elephant in meters?,speed of the elephant = 1.424m/s,
simulation_0178_segmented,segmentation,V2MX,24,DD,What is the average speed of the small elephant in m/s?,speed of the big elephant = 2.313m/s,
simulation_0178_segmented,segmentation,V2MX,24,DS,What is the height of the big elephant in meters?,speed of the big elephant = 2.313m/s,
simulation_0178_segmented,segmentation,V2MX,24,DD,What is the height of the small elephant in meters?,speed of the big elephant = 2.313m/s,
simulation_0178_segmented,segmentation,V2MX,24,DS,What is the displacement of the big elephant in meters?,speed of the big elephant = 2.313m/s,
simulation_0178_segmented,segmentation,V2MX,24,DS,What is the displacement of the small elephant in meters?,speed of the big elephant = 2.313m/s,
simulation_0188_segmented,segmentation,A3SX,30,DS,What is the length of the truck in meters?,acceleration of the truck = 10.757m/s^2,"t=0.5s, distance_center_of _the_truck_camera = 22.532m   
t =1s, distance_center_of _the_truck_camera = 19.525m"
simulation_0188_segmented,segmentation,A3SX,30,DS,What is the height of the truck in meters?,acceleration of the truck = 10.757m/s^2,"t=0.5s, distance_center_of _the_truck_camera = 22.532m   
t =1s, distance_center_of _the_truck_camera = 19.525m"
simulation_0188_segmented,segmentation,A3SX,30,DS,What is the diameter of the truck's tire in meters?,acceleration of the truck = 10.757m/s^2,"t=0.5s, distance_center_of _the_truck_camera = 22.532m   
t =1s, distance_center_of _the_truck_camera = 19.525m"
simulation_0188_segmented,segmentation,A3SX,30,DD,What is the speed of the truck at time 1s in m/s?,acceleration of the truck = 10.757m/s^2,"t=0.5s, distance_center_of _the_truck_camera = 22.532m   
t =1s, distance_center_of _the_truck_camera = 19.525m"
simulation_0188_segmented,segmentation,A3SX,30,DD,What is the speed of the truck at time 1.5s in m/s?,acceleration of the truck = 10.757m/s^2,"t=0.5s, distance_center_of _the_truck_camera = 22.532m   
t =1s, distance_center_of _the_truck_camera = 19.525m"
simulation_0188_segmented,segmentation,A3SX,30,DS,What is the width of the truck in meters?,acceleration of the truck = 10.757m/s^2,"t=0.5s, distance_center_of _the_truck_camera = 22.532m   
t =1s, distance_center_of _the_truck_camera = 19.525m"
simulation_0189_segmented,segmentation,V2MX,120,DS,What is the length of the box in meters?,speed of the box = 0.094m/s,
simulation_0189_segmented,segmentation,V2MX,120,DS,What is the height of the box in meters?,speed of the box = 0.094m/s,
simulation_0189_segmented,segmentation,V2MX,120,DS,What is the length of the truck in meters?,speed of the box = 0.094m/s,
simulation_0189_segmented,segmentation,V2MX,120,DS,What is the height of the truck(at time 0s) in meters?,speed of the box = 0.094m/s,
simulation_0189_segmented,segmentation,V2MX,120,DS,What is the diameter of the truck's tire in meters?,speed of the box = 0.094m/s,
simulation_0190_segmented,segmentation,S2MX,120,DS,What is the height of the truck(at time 0s) in meters?,width of the box = 1.33m,
simulation_0190_segmented,segmentation,S2MX,120,DS,What is the width of the truck in meters?,width of the box = 1.33m,
simulation_0190_segmented,segmentation,S2MX,120,DS,What is the height of the box in meters?,width of the box = 1.33m,
simulation_0190_segmented,segmentation,S2MX,120,DD,What is the speed of the box at time 1s in m/s?,width of the box = 1.33m,
simulation_0190_segmented,segmentation,S2MX,120,DD,What is the speed of the box at time 2s in m/s?,width of the box = 1.33m,
simulation_0191_segmented,segmentation,A2MX,120,DS,What is the width of the box in meters?,acceleration of the box before 0.6s = 9.8m/s,
simulation_0191_segmented,segmentation,A2MX,120,DS,What is the height of the box in meters?,acceleration of the box before 0.6s = 9.8m/s,
simulation_0191_segmented,segmentation,A2MX,120,DS,What is the length of the truck in meters?,acceleration of the box before 0.6s = 9.8m/s,
simulation_0191_segmented,segmentation,A2MX,120,DS,What is the height of the truck in meters?,acceleration of the box before 0.6s = 9.8m/s,
simulation_0191_segmented,segmentation,A2MX,120,DS,What is the diameter of the truck's tire in meters?,acceleration of the box before 0.6s = 9.8m/s,
simulation_0191_segmented,segmentation,A2MX,120,DD,What is the speed of the box at time 0.2s in m/s?,acceleration of the box before 0.6s = 9.8m/s,
simulation_0191_segmented,segmentation,A2MX,120,DD,What is the speed of the box at time 0.4s in m/s?,acceleration of the box before 0.6s = 9.8m/s,
simulation_0192_segmented,segmentation,A2MX,120,DS,What is the height of the box in meters?,acceleration of the box before 0.6s = 9.8m/s,
simulation_0192_segmented,segmentation,A2MX,120,DS,What is the width of the truck in meters?,acceleration of the box before 0.6s = 9.8m/s,
simulation_0192_segmented,segmentation,A2MX,120,DS,What is the width of the box in meters?,acceleration of the box before 0.6s = 9.8m/s,
simulation_0192_segmented,segmentation,A2MX,120,DD,What is the speed of the box at time 0.2s in m/s?,acceleration of the box before 0.6s = 9.8m/s,
simulation_0192_segmented,segmentation,A2MX,120,DD,What is the speed of the box at time 0.4s in m/s?,acceleration of the box before 0.6s = 9.8m/s,
simulation_0216_segmented,segmentation,V2MX,24,DS,What is the length of the black cat (including its tail) in meters?,speed of the black cat = 0.94m/s,
simulation_0216_segmented,segmentation,V2MX,24,DS,What is the height of the black cat (including its tail) in meters?,speed of the black cat = 0.94m/s,
simulation_0216_segmented,segmentation,V2MX,24,DS,What is the length of the wooden bench in meters?,speed of the black cat = 0.94m/s,
simulation_0216_segmented,segmentation,V2MX,24,DS,What is the height of the wooden bench in meters?,speed of the black cat = 0.94m/s,
simulation_0216_segmented,segmentation,V2MX,24,DS,What is the height of the lampshade of the table lamp in meters?,speed of the black cat = 0.94m/s,
simulation_0216_segmented,segmentation,V2MX,24,DS,What is the diameter of the lampshade of the table lamp in meters?,speed of the black cat = 0.94m/s,
simulation_0216_segmented,segmentation,V2MX,24,DS,What is the height of the table lamp in meters?,speed of the black cat = 0.94m/s,
simulation_0216_segmented,segmentation,V2MX,24,DS,What is the height of the vase in meters?,speed of the black cat = 0.94m/s,
simulation_0216_segmented,segmentation,V2MX,24,DS,What is the height of the floor mirror in meters?,speed of the black cat = 0.94m/s,
simulation_0216_segmented,segmentation,V2MX,24,DS,What is the length of the floor mirror in meters?,speed of the black cat = 0.94m/s,
simulation_0216_segmented,segmentation,V2MX,24,DS,What is the length of the TV in meters?,speed of the black cat = 0.94m/s,
simulation_0216_segmented,segmentation,V2MX,24,DS,What is the height of the TV in meters?,speed of the black cat = 0.94m/s,
simulation_0216_segmented,segmentation,V2MX,24,DS,What is the length of the TV stand in meters?,speed of the black cat = 0.94m/s,
simulation_0216_segmented,segmentation,V2MX,24,DS,What is the height of the TV stand in meters?,speed of the black cat = 0.94m/s,
simulation_0218_segmented,segmentation,V2MX,24,DS,What is the length of the big robot in meters?,speed of the big robot = 5.924m/s,
simulation_0218_segmented,segmentation,V2MX,24,DS,What is the height of the big robot in meters?,speed of the big robot = 5.924m/s,
simulation_0218_segmented,segmentation,V2MX,24,DS,What is the length in meters of the long side of the box formed by the white lines on the ground?,speed of the big robot = 5.924m/s,
simulation_0218_segmented,segmentation,V2MX,24,DS,What is the outer diameter of the robot's tires in meters?,speed of the big robot = 5.924m/s,
simulation_0224_segmented,segmentation,S2MX,24,SS,What is the length of the chinese chess board in meters?,diameter of one chinese chess = 0.097m,
simulation_0224_segmented,segmentation,S2MX,24,SD,What is the speed of the red general chess at time 0.5s in m/s?,diameter of one chinese chess = 0.097m,
simulation_0224_segmented,segmentation,S2MX,24,SD,What is the acceleration of the red general chess at time 0.5s in m/s^2?,diameter of one chinese chess = 0.097m,
simulation_0224_segmented,segmentation,S2MX,24,SD,What is the speed of the red general chess at time 1s in m/s?,diameter of one chinese chess = 0.097m,
simulation_0224_segmented,segmentation,S2MX,24,SD,What is the acceleration of the red general chess at time 1s in m/s^2?,diameter of one chinese chess = 0.097m,
simulation_0224_segmented,segmentation,S2MX,24,SD,What is the speed of the red general chess at time 1.5s in m/s?,diameter of one chinese chess = 0.097m,
simulation_0224_segmented,segmentation,S2MX,24,SD,What is the acceleration of the red general chess at time 1.5s in m/s^2?,diameter of one chinese chess = 0.097m,
simulation_0225_segmented,segmentation,V2MX,24,DS,What is the length of the black cat (including its tail) in meters?,speed of the black cat = 1.041m/s,
simulation_0225_segmented,segmentation,V2MX,24,DS,What is the height of the black cat (including its tail) in meters?,speed of the black cat = 1.041m/s,
simulation_0225_segmented,segmentation,V2MX,24,DS,What is the width of the beach chair in meters?,speed of the black cat = 1.041m/s,
simulation_0225_segmented,segmentation,V2MX,24,DS,What is the spacing in meters between the markings on the pool wall?,speed of the black cat = 1.041m/s,
simulation_0227_segmented,segmentation,V2MX,24,DS,What is the length of the black cat (including its tail) in meters?,speed of the black cat = 1.041m/s,
simulation_0227_segmented,segmentation,V2MX,24,DS,What is the height of the black cat (including its tail) in meters?,speed of the black cat = 1.041m/s,
simulation_0227_segmented,segmentation,V2MX,24,DS,What is the width of the beach chair in meters?,speed of the black cat = 1.041m/s,
simulation_0227_segmented,segmentation,V2MX,24,DS,What is the spacing in meters between the markings on the pool wall?,speed of the black cat = 1.041m/s,
simulation_0227_segmented,segmentation,V2MX,24,DS,What is the length of the swimming ring in meters?,speed of the black cat = 1.041m/s,
simulation_0227_segmented,segmentation,V2MX,24,DS,What is the height of the swimming ring in meters?,speed of the black cat = 1.041m/s,
simulation_0227_segmented,segmentation,V2MX,24,DD,What is the speed of the swimming ring at time 0.5s in m/s?,speed of the black cat = 1.041m/s,
simulation_0227_segmented,segmentation,V2MX,24,DD,What is the acceleration of the red general chess at time 0.5s in m/s^2?,speed of the black cat = 1.041m/s,
simulation_0227_segmented,segmentation,V2MX,24,DD,What is the speed of the red general chess at time 1s in m/s?,speed of the black cat = 1.041m/s,
simulation_0227_segmented,segmentation,V2MX,24,DD,What is the acceleration of the red general chess at time 1s in m/s^2?,speed of the black cat = 1.041m/s,
simulation_0227_segmented,segmentation,V2MX,24,DD,What is the speed of the red general chess at time 1.5s in m/s?,speed of the black cat = 1.041m/s,
simulation_0227_segmented,segmentation,V2MX,24,DD,What is the acceleration of the red general chess at time 1.5s in m/s^2?,speed of the black cat = 1.041m/s,
simulation_0233_segmented,segmentation,V2MX,24,DS,What is the length of the black cat (including its tail) in meters?,speed of the black cat = 0.714m/s,
simulation_0233_segmented,segmentation,V2MX,24,DS,What is the width(horizontal) of the chair next to the blackboard in meters?,speed of the black cat = 0.714m/s,
simulation_0233_segmented,segmentation,V2MX,24,DS,What is the length(vertical) of the chair next to the blackboard in meters?,speed of the black cat = 0.714m/s,
simulation_0237_segmented,segmentation,V2MX,24,DS,What is the length of the brown horse in meters?,speed of the brown horse = 0.874m/s,
simulation_0237_segmented,segmentation,V2MX,24,DS,What is the width of the house in meters?,speed of the brown horse = 0.874m/s,
simulation_0237_segmented,segmentation,V2MX,24,DS,What is the length of the house in meters?,speed of the brown horse = 0.874m/s,
simulation_0239_segmented,segmentation,V2MX,24,DS,What is the length of the brown horse in meters?,speed of the brown horse = 0.874m/s,
simulation_0239_segmented,segmentation,V2MX,24,DS,What is the width of the house in meters?,speed of the brown horse = 0.874m/s,
simulation_0239_segmented,segmentation,V2MX,24,DS,What is the length of the house in meters?,speed of the brown horse = 0.874m/s,
simulation_0239_segmented,segmentation,V2MX,24,DD,What is the average speed of the white horse in m/s?,speed of the brown horse = 0.874m/s,
simulation_0239_segmented,segmentation,V2MX,24,DS,What is the length of the white horse in meters?,speed of the brown horse = 0.874m/s,
simulation_0243_segmented,segmentation,V2MX,30,DS,What is the height of the deer in meters?,speed of the deer = 1.277m/s,
simulation_0243_segmented,segmentation,V2MX,30,DS,What is the length of the deer in meters?,speed of the deer = 1.277m/s,
simulation_0243_segmented,segmentation,V2MX,30,DS,What is the height of the tree behind the deer in meters?,speed of the deer = 1.277m/s,
simulation_0245_segmented,segmentation,V2MX,30,DS,What is the height of the deer in meters?,speed of the deer = 1.277m/s,
simulation_0245_segmented,segmentation,V2MX,30,DS,What is the length of the deer in meters?,speed of the deer = 1.277m/s,
simulation_0245_segmented,segmentation,V2MX,30,DD,What is the average speed of the rabbit in m/s?,speed of the deer = 1.277m/s,
simulation_0245_segmented,segmentation,V2MX,30,DS,What is the height of the rabbit in meters?,speed of the deer = 1.277m/s,
simulation_0245_segmented,segmentation,V2MX,30,DS,What is the length of the rabbit in meters?,speed of the deer = 1.277m/s,
simulation_0247_segmented,segmentation,V2MX,30,DS,What is the length of the rabbit in meters?,speed of the deer = 1.277m/s,
simulation_0247_segmented,segmentation,V2MX,30,DS,What is the length of the deer in meters?,speed of the deer = 1.277m/s,
simulation_0247_segmented,segmentation,V2MX,30,DD,What is the average speed of the rabbit in m/s?,speed of the deer = 1.277m/s,
simulation_0248_segmented,segmentation,V2MX,24,DS,What is the height of the brown horse in meters?,speed of the brown horse = 0.874m/s,
simulation_0248_segmented,segmentation,V2MX,24,DS,What is the length of the brown horse in meters?,speed of the brown horse = 0.874m/s,
simulation_0248_segmented,segmentation,V2MX,24,DD,What is the average speed of the white horse in m/s?,speed of the brown horse = 0.874m/s,
simulation_0248_segmented,segmentation,V2MX,24,DS,What is the height of the white horse in meters?,speed of the brown horse = 0.874m/s,
simulation_0248_segmented,segmentation,V2MX,24,DS,What is the length of the white horse in meters?,speed of the brown horse = 0.874m/s,
simulation_0248_segmented,segmentation,V2MX,24,DD,What is the average speed of the rabbit in m/s?,speed of the brown horse = 0.874m/s,
simulation_0248_segmented,segmentation,V2MX,24,DS,What is the length of the rabbit in meters?,speed of the brown horse = 0.874m/s,
simulation_0248_segmented,segmentation,V2MX,24,DS,What is the height of the rabbit in meters?,speed of the brown horse = 0.874m/s,
simulation_0251_segmented,segmentation,S2SX,24,SD,What is the speed of the soccer ball at time 0.5s in m/s?,diameter of the soccer ball = 0.344m,
simulation_0251_segmented,segmentation,S2SX,24,SD,What is the speed of the soccer ball at time 2s in m/s?,diameter of the soccer ball = 0.344m,
simulation_0251_segmented,segmentation,S2SX,24,SD,What is the speed of the soccer ball at time 1s in m/s?,diameter of the soccer ball = 0.344m,
simulation_0251_segmented,segmentation,S2SX,24,SD,What is the speed of the soccer ball at time 1.5s in m/s?,diameter of the soccer ball = 0.344m,
simulation_0255_segmented,segmentation,S2SX,24,SD,What is the speed of the tennis ball at time 0.5s in m/s?,diameter of the tennis ball = 0.17m,
simulation_0255_segmented,segmentation,S2SX,24,SD,What is the speed of the tennis ball at time 1s in m/s?,diameter of the tennis ball = 0.17m,
simulation_0255_segmented,segmentation,S2SX,24,SD,What is the speed of the tennis ball at time 1.5s in m/s?,diameter of the tennis ball = 0.17m,
simulation_0255_segmented,segmentation,S2SX,24,SD,What is the acceleration of the tennis ball at time 0.5s in m/s^2?,diameter of the tennis ball = 0.17m,
simulation_0255_segmented,segmentation,S2SX,24,SD,What is the acceleration of the tennis ball at time 1s in m/s^2?,diameter of the tennis ball = 0.17m,
simulation_0255_segmented,segmentation,S2SX,24,SD,What is the acceleration of the tennis ball at time 1.5s in m/s^2?,diameter of the tennis ball = 0.17m,
simulation_0261_segmented,segmentation,A2SX,24,DS,What is the height of the mug in meters?,acceleration of the mug cup before 1s = 9.8m/s^2,
simulation_0261_segmented,segmentation,A2SX,24,DD,What is the speed of the mug at time 0.2s in m/s?,acceleration of the mug cup before 1s = 9.8m/s^2,
simulation_0261_segmented,segmentation,A2SX,24,DD,What is the speed of the mug at time 0.4s in m/s?,acceleration of the mug cup before 1s = 9.8m/s^2,
simulation_0261_segmented,segmentation,A2SX,24,DD,What is the speed of the mug at time 0.625s in m/s?,acceleration of the mug cup before 1s = 9.8m/s^2,
simulation_0030_segmented,segmentation,V3MX,24,DS,What is the length of the eagle in meters?,speed of the eagle = 12m/s,"t=1s, distance_eagle_camera = 106.642m
t=2s, distance_eagle_camera = 111.231m"
simulation_0151_segmented,segmentation,S3MX,24,SS,"What is the width, in meters, of the blue car?","diameter of the tire of the yellow car = 0.764m
diameter of the tire of the blue car = 0.369m","t=0.5s, distance_yellowCarLeftFrontTire_camera = 11.38m"
simulation_0151_segmented,segmentation,S3MX,24,SD,What is the speed of the yellow car at time 1s in m/s?,"diameter of the tire of the yellow car = 0.764m
diameter of the tire of the blue car = 0.369m","t=0.5s, distance_yellowCarLeftFrontTire_camera = 11.38m"
simulation_0151_segmented,segmentation,S3MX,24,SD,What is the acceleration of the yellow car at time 1s in m/s^2?,"diameter of the tire of the yellow car = 0.764m
diameter of the tire of the blue car = 0.369m","t=0.5s, distance_yellowCarLeftFrontTire_camera = 11.38m"
simulation_0151_segmented,segmentation,S3MX,24,SD,What is the speed of the blue car at time 1s in m/s?,"diameter of the tire of the yellow car = 0.764m
diameter of the tire of the blue car = 0.369m","t=0.5s, distance_yellowCarLeftFrontTire_camera = 11.38m"
simulation_0151_segmented,segmentation,S3MX,24,SD,What is the acceleration of the blue car at time 1s in m/s^2?,"diameter of the tire of the yellow car = 0.764m
diameter of the tire of the blue car = 0.369m","t=0.5s, distance_yellowCarLeftFrontTire_camera = 11.38m"
internet_0001,internet,S2SC,24,SS,What is the length of the black car in meters?,lane width = 3.66m,
internet_0001,internet,S2SC,24,SS,What is the width of the black car in meters?,lane width = 3.66m,
internet_0001,internet,S2SC,24,SD,What is the average speed of the black car in m/s?,lane width = 3.66m,
internet_0002,internet,S2SC,24,SS,What is the length of the red car in meters?,lane width = 3.66m,
internet_0002,internet,S2SC,24,SS,What is the width of the red car in meters?,lane width = 3.66m,
internet_0002,internet,S2SC,24,SD,What is the average speed of the red car in m/s?,lane width = 3.66m,
internet_0003,internet,S2MC,24,SS,What is the diameter of the pizza in cm?,monopoly money width = 7.5cm,
internet_0003,internet,S2MC,24,SS,What is the diameter of the wine glass in cm?,monopoly money width = 7.5cm,
internet_0003,internet,S2MC,24,SD,What is the velocity of the pizza cutter in cm/s at 0.2s?,monopoly money width = 7.5cm,
internet_0003,internet,S2MC,24,SS,What is the diameter of a pepperoni on the pizza in cm?,monopoly money width = 7.5cm,
internet_0004,internet,S2MC,25,SS,What is the length of the wood block in cm?,ruler calibre = 1cm,
internet_0004,internet,S2MC,25,SS,What is the thickness of the wood block in cm?,ruler calibre = 1cm,
internet_0004,internet,S2MC,25,SD,What is the average velocity of the pencil tip moving on the block in cm/s?,ruler calibre = 1cm,
internet_0004,internet,S2MC,25,SD,What is the average velocity of the saw cutting the block in cm/s?,ruler calibre = 1cm,
internet_0005,internet,V2MC,25,DS,What is the distance between the two black road signs in meters?,walking velocity = 1.25m/s,
internet_0005,internet,V2MC,25,DS,What is the height of the woman in yellow in meters?,walking velocity = 1.25m/s,
internet_0005,internet,V2MC,25,DS,What is the length of the light right above the woman's head in meters?,walking velocity = 1.25m/s,
internet_0005,internet,V2MC,25,DS,What is the side length of the floor tiles in meters?,walking velocity = 1.25m/s,
internet_0006,internet,S2MC,30,SS,What is the length of the motor cycle in meters?,lane width = 3.66m,
internet_0006,internet,S2MC,30,SD,What is the average speed of the motorcycle in m/s?,lane width = 3.66m,
internet_0006,internet,S2MC,30,SS,What is the length of the white car in meters?,lane width = 3.66m,
internet_0006,internet,S2MC,30,SD,What is the average speed of the white car in m/s?,lane width = 3.66m,
internet_0006,internet,S2MC,30,SS,What is the length of the black car in meters?,lane width = 3.66m,
internet_0006,internet,S2MC,30,SD,What is the average speed of the black car in m/s?,lane width = 3.66m,
internet_0007,internet,S2MC,30,SS,What is the length of the white car in meters?,lane width = 3.66m,
internet_0007,internet,S2MC,30,SD,What is the average speed of the white car in m/s?,lane width = 3.66m,
internet_0007,internet,S2MC,30,SS,What is the length of the black car in meters?,lane width = 3.66m,
internet_0007,internet,S2MC,30,SD,What is the average speed of the black car in m/s?,lane width = 3.66m,
internet_0008,internet,S2MC,30,SD,What is the average speed of the sailboat in m/s?,sailboat length = 12m,
internet_0008,internet,S2MC,30,SD,What is the average speed of the speedboat in m/s?,sailboat length = 12m,
internet_0008,internet,S2MC,30,SS,What is the length of the speedboat in meters?,sailboat length = 12m,
internet_0009,internet,S2MC,60,SS,What is the distance between the two players in meters at the beginning?,singles court width = 8.23m,
internet_0009,internet,S2MC,60,SD,What is the average velocity of the tennis ball flying across the net in m/s?,singles court width = 8.23m,
internet_0009,internet,S2MC,60,SS,What is the total displacement of the player on the right in meters?,singles court width = 8.23m,
internet_0010,internet,S2MC,30,SS,How tall is the shooter in cm?,basketball diameter = 24cm,
internet_0010,internet,S2MC,30,SD,What is the velocity of the ball at 2.00s in cm/s?,basketball diameter = 24cm,
internet_0011,internet,S2MC,25,SS,What is the initial distance between the two players in meters?,court width= 4.88m,
internet_0011,internet,S2MC,25,SS,What is the displacement of the player in white in meters?,court width= 4.88m,
internet_0011,internet,S2MC,25,SD,What is the average moving speed of the player in white in m/s?,court width= 4.88m,
internet_0011,internet,S2MC,25,SS,What is the displacement of the player in black in meters?,court width= 4.88m,
internet_0012,internet,S2MC,60,SS,What is the length of the truck in meters?,lane width = 3.66m,
internet_0012,internet,S2MC,60,SD,What is the average velocity of the truck in m/s?,lane width = 3.66m,
internet_0012,internet,S2MC,60,SS,What is the length of the grey car in meters?,lane width = 3.66m,
internet_0012,internet,S2MC,60,SD,What is the average velocity of the grey car in m/s?,lane width = 3.66m,
internet_0012,internet,S2MC,60,SS,What is the length of the car on the leftmost lane in meters?,lane width = 3.66m,
internet_0012,internet,S2MC,60,SD,What is the average velocity of the car on the leftmost lane in m/s?,lane width = 3.66m,
internet_0012,internet,S2MC,60,SS,What is the length of the white car on the second lane to the left in meters?,lane width = 3.66m,
internet_0012,internet,S2MC,60,SD,What is the average velocity of the white car on the second lane to the left in m/s?,lane width = 3.66m,
internet_0013,internet,V2MC,30,DS,What is the width of the straight-through lane in meters?,pedestrian walking speed = 1.1 m/s,
internet_0013,internet,V2MC,30,DS,What is the width of the roundabout lane in meters?,pedestrian walking speed = 1.1 m/s,
internet_0013,internet,V2MC,30,DS,What is the diameter of the center island planter in meters?,pedestrian walking speed = 1.1 m/s,
internet_0013,internet,V2MC,30,DD,What is the speed of the white car in the roundabout at 3.0s in m/s?,pedestrian walking speed = 1.1 m/s,
internet_0013,internet,V2MC,30,DD,What is the speed of the bicycle on the upper left corner at 3.0s in m/s?,pedestrian walking speed = 1.1 m/s,
internet_0013,internet,V2MC,30,DS,What is the distance between the two black cars in the round about at 1.0s in meters?,pedestrian walking speed = 1.1 m/s,
internet_0014,internet,S2MC,30,SS,What is the initial distance between the two players in meters?,center circle radius = 9.15m,
internet_0014,internet,S2MC,30,SS,What is the distance from the player closest to the goal to the goal at 0s in meters?,center circle radius = 9.15m,
internet_0014,internet,S2MC,30,SD,What is he football's velocity at 7.00s in m/s?,center circle radius = 9.15m,
internet_0014,internet,S2MC,30,SD,What is the average velocity of the player with the ball from 8.0s to 9.0s in m/s?,center circle radius = 9.15m,
internet_0014,internet,S2MC,30,SS,What is distance between the two players at 9.00s in meters?,center circle radius = 9.15m,
internet_0015,internet,S2MC,30,SS,What is the average vehicle spacing in meters?,lane width = 3.66m,
internet_0015,internet,S2MC,30,SS,What is the length of the black car in meters?,lane width = 3.66m,
internet_0015,internet,S2MC,30,SS,What is the length of the motorcycle in meters?,lane width = 3.66m,
internet_0015,internet,S2MC,30,SS,What is the average speed of the motorcycle in m/s?,lane width = 3.66m,
internet_0015,internet,S2MC,30,SS,What is the speed of the car before the motorcycle at 1.0s in m/s?,lane width = 3.66m,
internet_0016,internet,S2MC,30,SS,What is the distance between the two players in meters at the beginning?,inner court width= 4.88m,
internet_0016,internet,S2MC,30,SD,What is the velocity of the basketball at 0s in m/s?,inner court width= 4.88m,
internet_0016,internet,S2MC,30,SS,What is the distance between the ball and the player in black at 0.5s in meters?,inner court width= 4.88m,
internet_0016,internet,S2MC,30,SS,What is the distance between the basket and the player in black at 0.5s in meters?,inner court width= 4.88m,
internet_0017,internet,S2MS,22,SS,What is the diameter of the round container in cm?,credit card width = 5.4cm,
internet_0017,internet,S2MS,22,SS,What is the length of the keyboard in cm?,credit card width = 5.4cm,
internet_0017,internet,S2MS,22,SS,What is the width of the keyboard in cm?,credit card width = 5.4cm,
internet_0017,internet,S2MS,22,SS,What is the length of the pen in cm?,credit card width = 5.4cm,
internet_0017,internet,S2MS,22,SD,What is moving speed of the user's (middle) fingertip at 0.4s in cm/s?,credit card width = 5.4cm,
internet_0018,internet,S2MC,30,SS,What is the distance between the two players in meters at the beginning?,singles court width = 8.23m,
internet_0018,internet,S2MC,30,SS,What is the distance between the benches and the court in meters?,singles court width = 8.23m,
internet_0018,internet,S2MC,30,SS,What is the tennis ball's velocity at 1.5s in m/s?,singles court width = 8.23m,
internet_0019,internet,A2MC,30,DS,What is the size of the ball in cm?,gravity acc = 9.8m/s^2,
internet_0019,internet,A2MC,30,DS,What is the height of the person standing in the middle in cm?,gravity acc = 9.8m/s^2,
internet_0019,internet,A2MC,30,DS,What is the height of the person on the left (the passer) in cm?,gravity acc = 9.8m/s^2,
internet_0019,internet,A2MC,30,DS,What is the height of the person on the right (the receiver) in cm?,gravity acc = 9.8m/s^2,
internet_0019,internet,A2MC,30,DS,What is the initial distance between the passer and the receiver in meters?,gravity acc = 9.8m/s^2,
internet_0019,internet,A2MC,30,DD,What is the velocity of the ball at 1.00s in m/s?,gravity acc = 9.8m/s^2,
internet_0019,internet,A2MC,30,DD,What is the (average) horizontal velocity of the ball in m/s?,gravity acc = 9.8m/s^2,
internet_0020,internet,S2MC,25,SS,What is the height of the sink in cm?,height of the picked bottle = 11.7cm,
internet_0020,internet,S2MC,25,SS,What is the width of the tray in cm?,height of the picked bottle = 11.7cm,
internet_0020,internet,S2MC,25,SS,What is the height of the pump bottle in cm?,height of the picked bottle = 11.7cm,
internet_0020,internet,S2MC,25,SD,What is average moving velocity of the picked bottle in cm/s?,height of the picked bottle = 11.7cm,
internet_0020,internet,S2MC,25,SD,What is the velocity of the picked bottle at 0.50s in cm/s?,height of the picked bottle = 11.7cm,
internet_0021,internet,S2MC,25,SD,What is the average speed of the airplane in m/s? ,length of the airplane = 40m ,
internet_0021,internet,S2MC,25,SS,What is the distance between the airplane and the roof top at 0s in meters?,length of the airplane = 40m ,
internet_0021,internet,S2MC,25,SS,What is the the displacement of the airplane from 0s to 2.00s in meters? ,length of the airplane = 40m ,
internet_0022,internet,S2MC,25,SS,What is the diameter of the tea cup in mm?,width of the mouse = 57mm,
internet_0022,internet,S2MC,25,SS,What is the diameter of the saucer in mm?,width of the mouse = 57mm,
internet_0022,internet,S2MC,25,SS,What is the length of the pencil in mm?,width of the mouse = 57mm,
internet_0022,internet,S2MC,25,SS,What is the shoulder width of the man in cm?,width of the mouse = 57mm,
internet_0022,internet,S2MC,25,SS,What is the length of the table in meters?,width of the mouse = 57mm,
internet_0022,internet,S2MC,25,SS,What is the length of the monitor in cm?,width of the mouse = 57mm,
internet_0022,internet,S2MC,25,SS,What is the width of the grey notebook in cm?,width of the mouse = 57mm,
internet_0022,internet,S2MC,25,SS,What is the length of the grey notebook in cm?,width of the mouse = 57mm,
internet_0022,internet,S2MC,25,SD,What is average velocity of the man's moving hand from 0.40s to 1.00s in cm/s?,width of the mouse = 57mm,
internet_0023,internet,S2MC,30,SS,What is the length of the swimming pool in meters (excluding the stair area)?,height of the swimmer = 1.8m,
internet_0023,internet,S2MC,30,SS,What is the width of the swimming pool in meters?,height of the swimmer = 1.8m,
internet_0023,internet,S2MC,30,SS,What is the length of the deck chair in meters?,height of the swimmer = 1.8m,
internet_0023,internet,S2MC,30,SD,What is the average velocity of the swimmer in m/s?,height of the swimmer = 1.8m,
internet_0023,internet,S2MC,30,SS,What is the distance between the two umbrellas on the left in meters?,height of the swimmer = 1.8m,
internet_0024,internet,S2MC,25,SS,What is the length of the earphone case in mm?,width of the earphone case = 45mm,
internet_0024,internet,S2MC,25,SS,What is the length of the pencil in cm?,width of the earphone case = 45mm,
internet_0024,internet,S2MC,25,SS,What is the diameter of the mug in cm?,width of the earphone case = 45mm,
internet_0024,internet,S2MC,25,SS,What is the length of the longest side of the laptop in cm?,width of the earphone case = 45mm,
internet_0024,internet,S2MC,25,SS,What is the length of the longest side of the wallet in cm?,width of the earphone case = 45mm,
internet_0024,internet,S2MC,25,SS,What is the moving velocity of the mug at 0.50s in cm/s?,width of the earphone case = 45mm,
internet_0025,internet,S2SC,30,SS,What is the length of the canoe in meters?,height of the boatman = 1.75m,
internet_0025,internet,S2SC,30,SD,What is the average speed of the canoe in m/s?,height of the boatman = 1.75m,
internet_0025,internet,S2SC,30,SS,What is the displacement of the canoe in the first 5 seconds in meters?,height of the boatman = 1.75m,
internet_0026,internet,S2MC,24,SS,What is the sitting height of the baby in cm?,total height of the sofa = 90cm,
internet_0026,internet,S2MC,24,SS,What is the distance between the baby and the man in meters?,total height of the sofa = 90cm,
internet_0026,internet,S2MC,24,SS,What is the length of the toy truck in cm?,total height of the sofa = 90cm,
internet_0026,internet,S2MC,24,SS,What is the height of the toy truck in cm?,total height of the sofa = 90cm,
internet_0026,internet,S2MC,24,SD,What is the speed of the toy truck at 0.50s in cm/s?,total height of the sofa = 90cm,
internet_0026,internet,S2MC,24,SD,What is the average speed of the toy truck in cm/s?,total height of the sofa = 90cm,
internet_0027,internet,S2MC,25,SS,What is the initial distance between the black ball and the purple ball in cm?,billiard ball diameter = 57.2mm,
internet_0027,internet,S2MC,25,SD,What is the white ball's average velocity in 1.00s to 2.00s in cm/s?,billiard ball diameter = 57.2mm,
internet_0027,internet,S2MC,25,SD,What is the velocity of the orange ball at 1.00s in cm/s?,billiard ball diameter = 57.2mm,
internet_0027,internet,S2MC,25,SS,What is the final distance between the purple ball and the black ball in cm?,billiard ball diameter = 57.2mm,
internet_0027,internet,S2MC,25,SD,What is the acceleration of the yellow ball on the left at 2.00s in cm/s^2?,billiard ball diameter = 57.2mm,
captured_0001,lab,A3SS,24,DS,What is the size of the ball in cm? ,"t=1.6s, ball acceleration = 3.0m/s^2","t=0s, distance_ball_camera = 1.1075m
t=1.5s, distance_ball_camera = 0.9120m
distance_slope_far_end_camera = 1.1360m
distance_slope_near_tower_camera = 0.8840m"
captured_0001,lab,A3SS,24,DS,What is the length of the slope in cm? ,"t=1.6s, ball acceleration = 3.0m/s^2","t=0s, distance_ball_camera = 1.1075m
t=1.5s, distance_ball_camera = 0.9120m
distance_slope_far_end_camera = 1.1360m
distance_slope_near_tower_camera = 0.8840m"
captured_0001,lab,A3SS,24,DS,What is the displacement of the ball between 0s and 1.5s in cm?,"t=1.6s, ball acceleration = 3.0m/s^2","t=0s, distance_ball_camera = 1.1075m
t=1.5s, distance_ball_camera = 0.9120m
distance_slope_far_end_camera = 1.1360m
distance_slope_near_tower_camera = 0.8840m"
captured_0001,lab,A3SS,24,DD,What is the velocity of the ball at 1.5s in cm/s?,"t=1.6s, ball acceleration = 3.0m/s^2","t=0s, distance_ball_camera = 1.1075m
t=1.5s, distance_ball_camera = 0.9120m
distance_slope_far_end_camera = 1.1360m
distance_slope_near_tower_camera = 0.8840m"
captured_0001,lab,A3SS,24,DD,What is the velocity of the ball at the end of the slope in cm/s? ,"t=1.6s, ball acceleration = 3.0m/s^2","t=0s, distance_ball_camera = 1.1075m
t=1.5s, distance_ball_camera = 0.9120m
distance_slope_far_end_camera = 1.1360m
distance_slope_near_tower_camera = 0.8840m"
captured_0002,lab,A3SS,24,DS,What is the size of the ball in mm? ,"t=1.4, ball acceleration = 4.05m/s^2","t=1.0s, distance_ball_camera = 1.7790m
t=1.3s, distance_ball_camera = 1.7360m
distance_slope_far_end_camera = 1.8150m
distance_slope_near_tower_camera = 1.6715m"
captured_0002,lab,A3SS,24,DS,What is the length of the slope in cm? ,"t=1.4, ball acceleration = 4.05m/s^2","t=1.0s, distance_ball_camera = 1.7790m
t=1.3s, distance_ball_camera = 1.7360m
distance_slope_far_end_camera = 1.8150m
distance_slope_near_tower_camera = 1.6715m"
captured_0002,lab,A3SS,24,DS,What is the displacement of the ball between 1.0s and 1.3s in cm?,"t=1.4, ball acceleration = 4.05m/s^2","t=1.0s, distance_ball_camera = 1.7790m
t=1.3s, distance_ball_camera = 1.7360m
distance_slope_far_end_camera = 1.8150m
distance_slope_near_tower_camera = 1.6715m"
captured_0002,lab,A3SS,24,DD,What is the velocity of the ball at 1.3s in cm/s?,"t=1.4, ball acceleration = 4.05m/s^2","t=1.0s, distance_ball_camera = 1.7790m
t=1.3s, distance_ball_camera = 1.7360m
distance_slope_far_end_camera = 1.8150m
distance_slope_near_tower_camera = 1.6715m"
captured_0002,lab,A3SS,24,DD,What is the velocity of the ball at the end of the slope in cm/s? ,"t=1.4, ball acceleration = 4.05m/s^2","t=1.0s, distance_ball_camera = 1.7790m
t=1.3s, distance_ball_camera = 1.7360m
distance_slope_far_end_camera = 1.8150m
distance_slope_near_tower_camera = 1.6715m"
captured_0006,lab,A3SC,24,DS,What is the height of the toy in cm? ,acceleration = 9.8 m/s^2,"t=1.0s, distance_ball_camera = 1.4020m
t=1.2s, distance_ball_camera = 1.065m
"
captured_0006,lab,A3SC,24,DS,What is the width of the toy in cm?,acceleration = 9.8 m/s^2,"t=1.0s, distance_ball_camera = 1.4020m
t=1.2s, distance_ball_camera = 1.065m
"
captured_0006,lab,A3SC,24,DS,What is the velocity of the toy at 1.2s in m/s? ,acceleration = 9.8 m/s^2,"t=1.0s, distance_ball_camera = 1.4020m
t=1.2s, distance_ball_camera = 1.065m
"
captured_0006,lab,A3SC,24,DS,What the displacement of the toy between 1s and 1.2s in cm? ,acceleration = 9.8 m/s^2,"t=1.0s, distance_ball_camera = 1.4020m
t=1.2s, distance_ball_camera = 1.065m
"
captured_0006,lab,A3SC,24,DS,What is the velocity of the toy when hitting the desk for the first time in m/s? ,acceleration = 9.8 m/s^2,"t=1.0s, distance_ball_camera = 1.4020m
t=1.2s, distance_ball_camera = 1.065m
"
captured_0006s,lab,A3SS,24,DS,What is the height of the toy in cm? ,acceleration = 9.8 m/s^2,"t=1.0s, distance_ball_camera = 1.4020m
t=1.2s, distance_ball_camera = 1.065m
"
captured_0006s,lab,A3SS,24,DS,What is the width of the toy in cm?,acceleration = 9.8 m/s^2,"t=1.0s, distance_ball_camera = 1.4020m
t=1.2s, distance_ball_camera = 1.065m
"
captured_0006s,lab,A3SS,24,DS,What is the velocity of the toy at 1.2s in m/s? ,acceleration = 9.8 m/s^2,"t=1.0s, distance_ball_camera = 1.4020m
t=1.2s, distance_ball_camera = 1.065m
"
captured_0006s,lab,A3SS,24,DS,What the displacement of the toy between 1s and 1.2s in cm? ,acceleration = 9.8 m/s^2,"t=1.0s, distance_ball_camera = 1.4020m
t=1.2s, distance_ball_camera = 1.065m
"
captured_0006s,lab,A3SS,24,DS,What is the velocity of the toy when hitting the desk for the first time in m/s? ,acceleration = 9.8 m/s^2,"t=1.0s, distance_ball_camera = 1.4020m
t=1.2s, distance_ball_camera = 1.065m
"
captured_0008,lab,A3SC,24,DS,What is the basketball's initial distance from the desk in cm? ,acceleration = 9.8 m/s^2,"t=1.0s, distance_ball_camera = 1.4010m
t=1.0s, distance_desk_camera = 1.7250m
t=1.2s, distance_ball_camera = 1.5640m
t=1.5s (max rebounce), distance_ball_camera=1.5225m"
captured_0008,lab,A3SC,24,DS,What is the basketball's diameter in cm?,acceleration = 9.8 m/s^2,"t=1.0s, distance_ball_camera = 1.4010m
t=1.0s, distance_desk_camera = 1.7250m
t=1.2s, distance_ball_camera = 1.5640m
t=1.5s (max rebounce), distance_ball_camera=1.5225m"
captured_0008,lab,A3SC,24,DS,What is the maximum rebounce height (with respect to the desk) of the basketball in cm? ,acceleration = 9.8 m/s^2,"t=1.0s, distance_ball_camera = 1.4010m
t=1.0s, distance_desk_camera = 1.7250m
t=1.2s, distance_ball_camera = 1.5640m
t=1.5s (max rebounce), distance_ball_camera=1.5225m"
captured_0008,lab,A3SC,24,DS,What is the basketball's velocity at 1.2s in m/s? ,acceleration = 9.8 m/s^2,"t=1.0s, distance_ball_camera = 1.4010m
t=1.0s, distance_desk_camera = 1.7250m
t=1.2s, distance_ball_camera = 1.5640m
t=1.5s (max rebounce), distance_ball_camera=1.5225m"
captured_0008,lab,A3SC,24,DS,What is the basketball's  distance from the camera at 1.2s in meters? ,acceleration = 9.8 m/s^2,"t=1.0s, distance_ball_camera = 1.4010m
t=1.0s, distance_desk_camera = 1.7250m
t=1.2s, distance_ball_camera = 1.5640m
t=1.5s (max rebounce), distance_ball_camera=1.5225m"
captured_0008s,lab,A3SS,24,DS,What is the basketball's initial distance from the desk in cm? ,acceleration = 9.8 m/s^2,"t=1.0s, distance_ball_camera = 1.4010m
t=1.0s, distance_desk_camera = 1.7250m
t=1.2s, distance_ball_camera = 1.5640m
t=1.5s (max rebounce), distance_ball_camera=1.5225m"
captured_0008s,lab,A3SS,24,DS,What is the basketball's diameter in cm?,acceleration = 9.8 m/s^2,"t=1.0s, distance_ball_camera = 1.4010m
t=1.0s, distance_desk_camera = 1.7250m
t=1.2s, distance_ball_camera = 1.5640m
t=1.5s (max rebounce), distance_ball_camera=1.5225m"
captured_0008s,lab,A3SS,24,DS,What is the maximum rebounce height (with respect to the desk) of the basketball in cm? ,acceleration = 9.8 m/s^2,"t=1.0s, distance_ball_camera = 1.4010m
t=1.0s, distance_desk_camera = 1.7250m
t=1.2s, distance_ball_camera = 1.5640m
t=1.5s (max rebounce), distance_ball_camera=1.5225m"
captured_0008s,lab,A3SS,24,DS,What is the basketball's velocity at 1.2s in m/s? ,acceleration = 9.8 m/s^2,"t=1.0s, distance_ball_camera = 1.4010m
t=1.0s, distance_desk_camera = 1.7250m
t=1.2s, distance_ball_camera = 1.5640m
t=1.5s (max rebounce), distance_ball_camera=1.5225m"
captured_0008s,lab,A3SS,24,DS,What is the basketball's  distance from the camera at 1.2s in meters? ,acceleration = 9.8 m/s^2,"t=1.0s, distance_ball_camera = 1.4010m
t=1.0s, distance_desk_camera = 1.7250m
t=1.2s, distance_ball_camera = 1.5640m
t=1.5s (max rebounce), distance_ball_camera=1.5225m"
captured_0008x,lab,A3SX,24,DS,What is the basketball's initial distance from the desk in cm? ,acceleration = 9.8 m/s^2,"t=1.0s, distance_ball_camera = 1.4010m
t=1.0s, distance_desk_camera = 1.7250m
t=1.2s, distance_ball_camera = 1.5640m
t=1.5s (max rebounce), distance_ball_camera=1.5225m"
captured_0008x,lab,A3SX,24,DS,What is the basketball's diameter in cm?,acceleration = 9.8 m/s^2,"t=1.0s, distance_ball_camera = 1.4010m
t=1.0s, distance_desk_camera = 1.7250m
t=1.2s, distance_ball_camera = 1.5640m
t=1.5s (max rebounce), distance_ball_camera=1.5225m"
captured_0008x,lab,A3SX,24,DS,What is the maximum rebounce height (with respect to the desk) of the basketball in cm? ,acceleration = 9.8 m/s^2,"t=1.0s, distance_ball_camera = 1.4010m
t=1.0s, distance_desk_camera = 1.7250m
t=1.2s, distance_ball_camera = 1.5640m
t=1.5s (max rebounce), distance_ball_camera=1.5225m"
captured_0008x,lab,A3SX,24,DS,What is the basketball's velocity at 1.2s in m/s? ,acceleration = 9.8 m/s^2,"t=1.0s, distance_ball_camera = 1.4010m
t=1.0s, distance_desk_camera = 1.7250m
t=1.2s, distance_ball_camera = 1.5640m
t=1.5s (max rebounce), distance_ball_camera=1.5225m"
captured_0008x,lab,A3SX,24,DS,What is the basketball's  distance from the camera at 1.2s in meters? ,acceleration = 9.8 m/s^2,"t=1.0s, distance_ball_camera = 1.4010m
t=1.0s, distance_desk_camera = 1.7250m
t=1.2s, distance_ball_camera = 1.5640m
t=1.5s (max rebounce), distance_ball_camera=1.5225m"
captured_0009,lab,A3SC,24,DS,What is the basketball's initial distance from the floor in cm? ,acceleration = 9.8 m/s^2,"t=0.0s, distance_ball_camera = 1.3210m
t=0.0s, distance_floor_camera = 2.0285m
t=1.8s, distance_ball_camera = 1.5835m
t=1.92s (max rebounce), distance_ball_camera=1.5795m"
captured_0009,lab,A3SC,24,DS,What is the basketball's diameter in cm?,acceleration = 9.8 m/s^2,"t=0.0s, distance_ball_camera = 1.3210m
t=0.0s, distance_floor_camera = 2.0285m
t=1.8s, distance_ball_camera = 1.5835m
t=1.92s (max rebounce), distance_ball_camera=1.5795m"
captured_0009,lab,A3SC,24,DS,What is the maximum rebounce height of the basketball in cm? ,acceleration = 9.8 m/s^2,"t=0.0s, distance_ball_camera = 1.3210m
t=0.0s, distance_floor_camera = 2.0285m
t=1.8s, distance_ball_camera = 1.5835m
t=1.92s (max rebounce), distance_ball_camera=1.5795m"
captured_0009,lab,A3SC,24,DS,What is the basketball's velocity at 1.8s in m/s? ,acceleration = 9.8 m/s^2,"t=0.0s, distance_ball_camera = 1.3210m
t=0.0s, distance_floor_camera = 2.0285m
t=1.8s, distance_ball_camera = 1.5835m
t=1.92s (max rebounce), distance_ball_camera=1.5795m"
captured_0009,lab,A3SC,24,DS,What is the basketball's  distance from the camera at 1.8s in meters? ,acceleration = 9.8 m/s^2,"t=0.0s, distance_ball_camera = 1.3210m
t=0.0s, distance_floor_camera = 2.0285m
t=1.8s, distance_ball_camera = 1.5835m
t=1.92s (max rebounce), distance_ball_camera=1.5795m"
captured_0009s,lab,A3SS,24,DS,What is the basketball's initial distance from the floor in cm? ,acceleration = 9.8 m/s^2,"t=0.0s, distance_ball_camera = 1.3210m
t=0.0s, distance_floor_camera = 2.0285m
t=1.8s, distance_ball_camera = 1.5835m
t=1.92s (max rebounce), distance_ball_camera=1.5795m"
captured_0009s,lab,A3SS,24,DS,What is the basketball's diameter in cm?,acceleration = 9.8 m/s^2,"t=0.0s, distance_ball_camera = 1.3210m
t=0.0s, distance_floor_camera = 2.0285m
t=1.8s, distance_ball_camera = 1.5835m
t=1.92s (max rebounce), distance_ball_camera=1.5795m"
captured_0009s,lab,A3SS,24,DS,What is the maximum rebounce height of the basketball in cm? ,acceleration = 9.8 m/s^2,"t=0.0s, distance_ball_camera = 1.3210m
t=0.0s, distance_floor_camera = 2.0285m
t=1.8s, distance_ball_camera = 1.5835m
t=1.92s (max rebounce), distance_ball_camera=1.5795m"
captured_0009s,lab,A3SS,24,DS,What is the basketball's velocity at 1.8s in m/s? ,acceleration = 9.8 m/s^2,"t=0.0s, distance_ball_camera = 1.3210m
t=0.0s, distance_floor_camera = 2.0285m
t=1.8s, distance_ball_camera = 1.5835m
t=1.92s (max rebounce), distance_ball_camera=1.5795m"
captured_0009s,lab,A3SS,24,DS,What is the basketball's  distance from the camera at 1.8s in meters? ,acceleration = 9.8 m/s^2,"t=0.0s, distance_ball_camera = 1.3210m
t=0.0s, distance_floor_camera = 2.0285m
t=1.8s, distance_ball_camera = 1.5835m
t=1.92s (max rebounce), distance_ball_camera=1.5795m"
captured_0009x,lab,A3SX,24,DS,What is the basketball's initial distance from the floor in cm? ,acceleration = 9.8 m/s^2,"t=0.0s, distance_ball_camera = 1.3210m
t=0.0s, distance_floor_camera = 2.0285m
t=1.8s, distance_ball_camera = 1.5835m
t=1.92s (max rebounce), distance_ball_camera=1.5795m"
captured_0009x,lab,A3SX,24,DS,What is the basketball's diameter in cm?,acceleration = 9.8 m/s^2,"t=0.0s, distance_ball_camera = 1.3210m
t=0.0s, distance_floor_camera = 2.0285m
t=1.8s, distance_ball_camera = 1.5835m
t=1.92s (max rebounce), distance_ball_camera=1.5795m"
captured_0009x,lab,A3SX,24,DS,What is the maximum rebounce height of the basketball in cm? ,acceleration = 9.8 m/s^2,"t=0.0s, distance_ball_camera = 1.3210m
t=0.0s, distance_floor_camera = 2.0285m
t=1.8s, distance_ball_camera = 1.5835m
t=1.92s (max rebounce), distance_ball_camera=1.5795m"
captured_0009x,lab,A3SX,24,DS,What is the basketball's velocity at 1.8s in m/s? ,acceleration = 9.8 m/s^2,"t=0.0s, distance_ball_camera = 1.3210m
t=0.0s, distance_floor_camera = 2.0285m
t=1.8s, distance_ball_camera = 1.5835m
t=1.92s (max rebounce), distance_ball_camera=1.5795m"
captured_0009x,lab,A3SX,24,DS,What is the basketball's  distance from the camera at 1.8s in meters? ,acceleration = 9.8 m/s^2,"t=0.0s, distance_ball_camera = 1.3210m
t=0.0s, distance_floor_camera = 2.0285m
t=1.8s, distance_ball_camera = 1.5835m
t=1.92s (max rebounce), distance_ball_camera=1.5795m"
captured_0010,lab,A3SC,24,DS,What is the length of the string in cm? ,gravity_acceleration = 9.8 m/s^2,"t=0.3s, distance_ball_camera = 1.7060m
t=0.6s, distance_ball_camera = 1.3440m
t=0.9s, distance_ball_camera = 1.4605m
t=1.2s, distance_ball_camera = 1.7840m
t=1.5s, distance_ball_camera = 1.7170m
t=1.8s, distance_ball_camera = 1.3500m
"
captured_0010,lab,A3SC,24,DS,What is the ball's diameter in cm?,gravity_acceleration = 9.8 m/s^2,"t=0.3s, distance_ball_camera = 1.7060m
t=0.6s, distance_ball_camera = 1.3440m
t=0.9s, distance_ball_camera = 1.4605m
t=1.2s, distance_ball_camera = 1.7840m
t=1.5s, distance_ball_camera = 1.7170m
t=1.8s, distance_ball_camera = 1.3500m
"
captured_0010,lab,A3SC,24,DS,What is the ball's velocity at 0.3s in m/s? ,gravity_acceleration = 9.8 m/s^2,"t=0.3s, distance_ball_camera = 1.7060m
t=0.6s, distance_ball_camera = 1.3440m
t=0.9s, distance_ball_camera = 1.4605m
t=1.2s, distance_ball_camera = 1.7840m
t=1.5s, distance_ball_camera = 1.7170m
t=1.8s, distance_ball_camera = 1.3500m
"
captured_0010,lab,A3SC,24,DS,What is the ball's velocity at 0.6s in m/s? ,gravity_acceleration = 9.8 m/s^2,"t=0.3s, distance_ball_camera = 1.7060m
t=0.6s, distance_ball_camera = 1.3440m
t=0.9s, distance_ball_camera = 1.4605m
t=1.2s, distance_ball_camera = 1.7840m
t=1.5s, distance_ball_camera = 1.7170m
t=1.8s, distance_ball_camera = 1.3500m
"
captured_0010,lab,A3SC,24,DS,What is that ball's acceleration at 0.3s in m/s^2? ,gravity_acceleration = 9.8 m/s^2,"t=0.3s, distance_ball_camera = 1.7060m
t=0.6s, distance_ball_camera = 1.3440m
t=0.9s, distance_ball_camera = 1.4605m
t=1.2s, distance_ball_camera = 1.7840m
t=1.5s, distance_ball_camera = 1.7170m
t=1.8s, distance_ball_camera = 1.3500m
"
captured_0010,lab,A3SC,24,DS,What is that ball's acceleration at 0.6s in m/s^2? ,gravity_acceleration = 9.8 m/s^2,"t=0.3s, distance_ball_camera = 1.7060m
t=0.6s, distance_ball_camera = 1.3440m
t=0.9s, distance_ball_camera = 1.4605m
t=1.2s, distance_ball_camera = 1.7840m
t=1.5s, distance_ball_camera = 1.7170m
t=1.8s, distance_ball_camera = 1.3500m
"
captured_0010s,lab,A3SS,24,DS,What is the length of the string in cm? ,gravity_acceleration = 9.8 m/s^2,"t=0.3s, distance_ball_camera = 1.7060m
t=0.6s, distance_ball_camera = 1.3440m
t=0.9s, distance_ball_camera = 1.4605m
t=1.2s, distance_ball_camera = 1.7840m
t=1.5s, distance_ball_camera = 1.7170m
t=1.8s, distance_ball_camera = 1.3500m
"
captured_0010s,lab,A3SS,24,DS,What is the ball's diameter in cm?,gravity_acceleration = 9.8 m/s^2,"t=0.3s, distance_ball_camera = 1.7060m
t=0.6s, distance_ball_camera = 1.3440m
t=0.9s, distance_ball_camera = 1.4605m
t=1.2s, distance_ball_camera = 1.7840m
t=1.5s, distance_ball_camera = 1.7170m
t=1.8s, distance_ball_camera = 1.3500m
"
captured_0010s,lab,A3SS,24,DS,What is the ball's velocity at 0.3s in m/s? ,gravity_acceleration = 9.8 m/s^2,"t=0.3s, distance_ball_camera = 1.7060m
t=0.6s, distance_ball_camera = 1.3440m
t=0.9s, distance_ball_camera = 1.4605m
t=1.2s, distance_ball_camera = 1.7840m
t=1.5s, distance_ball_camera = 1.7170m
t=1.8s, distance_ball_camera = 1.3500m
"
captured_0010s,lab,A3SS,24,DS,What is the ball's velocity at 0.6s in m/s? ,gravity_acceleration = 9.8 m/s^2,"t=0.3s, distance_ball_camera = 1.7060m
t=0.6s, distance_ball_camera = 1.3440m
t=0.9s, distance_ball_camera = 1.4605m
t=1.2s, distance_ball_camera = 1.7840m
t=1.5s, distance_ball_camera = 1.7170m
t=1.8s, distance_ball_camera = 1.3500m
"
captured_0010s,lab,A3SS,24,DS,What is that ball's acceleration at 0.3s in m/s^2? ,gravity_acceleration = 9.8 m/s^2,"t=0.3s, distance_ball_camera = 1.7060m
t=0.6s, distance_ball_camera = 1.3440m
t=0.9s, distance_ball_camera = 1.4605m
t=1.2s, distance_ball_camera = 1.7840m
t=1.5s, distance_ball_camera = 1.7170m
t=1.8s, distance_ball_camera = 1.3500m
"
captured_0010s,lab,A3SS,24,DS,What is that ball's acceleration at 0.6s in m/s^2? ,gravity_acceleration = 9.8 m/s^2,"t=0.3s, distance_ball_camera = 1.7060m
t=0.6s, distance_ball_camera = 1.3440m
t=0.9s, distance_ball_camera = 1.4605m
t=1.2s, distance_ball_camera = 1.7840m
t=1.5s, distance_ball_camera = 1.7170m
t=1.8s, distance_ball_camera = 1.3500m
"
captured_0010X,lab,A3SX,24,DS,What is the length of the string in cm? ,gravity_acceleration = 9.8 m/s^2,"t=0.3s, distance_ball_camera = 1.7060m
t=0.6s, distance_ball_camera = 1.3440m
t=0.9s, distance_ball_camera = 1.4605m
t=1.2s, distance_ball_camera = 1.7840m
t=1.5s, distance_ball_camera = 1.7170m
t=1.8s, distance_ball_camera = 1.3500m
"
captured_0010X,lab,A3SX,24,DS,What is the ball's diameter in cm?,gravity_acceleration = 9.8 m/s^2,"t=0.3s, distance_ball_camera = 1.7060m
t=0.6s, distance_ball_camera = 1.3440m
t=0.9s, distance_ball_camera = 1.4605m
t=1.2s, distance_ball_camera = 1.7840m
t=1.5s, distance_ball_camera = 1.7170m
t=1.8s, distance_ball_camera = 1.3500m
"
captured_0010X,lab,A3SX,24,DS,What is the ball's velocity at 0.3s in m/s? ,gravity_acceleration = 9.8 m/s^2,"t=0.3s, distance_ball_camera = 1.7060m
t=0.6s, distance_ball_camera = 1.3440m
t=0.9s, distance_ball_camera = 1.4605m
t=1.2s, distance_ball_camera = 1.7840m
t=1.5s, distance_ball_camera = 1.7170m
t=1.8s, distance_ball_camera = 1.3500m
"
captured_0010X,lab,A3SX,24,DS,What is the ball's velocity at 0.6s in m/s? ,gravity_acceleration = 9.8 m/s^2,"t=0.3s, distance_ball_camera = 1.7060m
t=0.6s, distance_ball_camera = 1.3440m
t=0.9s, distance_ball_camera = 1.4605m
t=1.2s, distance_ball_camera = 1.7840m
t=1.5s, distance_ball_camera = 1.7170m
t=1.8s, distance_ball_camera = 1.3500m
"
captured_0010X,lab,A3SX,24,DS,What is that ball's acceleration at 0.3s in m/s^2? ,gravity_acceleration = 9.8 m/s^2,"t=0.3s, distance_ball_camera = 1.7060m
t=0.6s, distance_ball_camera = 1.3440m
t=0.9s, distance_ball_camera = 1.4605m
t=1.2s, distance_ball_camera = 1.7840m
t=1.5s, distance_ball_camera = 1.7170m
t=1.8s, distance_ball_camera = 1.3500m
"
captured_0010X,lab,A3SX,24,DS,What is that ball's acceleration at 0.6s in m/s^2? ,gravity_acceleration = 9.8 m/s^2,"t=0.3s, distance_ball_camera = 1.7060m
t=0.6s, distance_ball_camera = 1.3440m
t=0.9s, distance_ball_camera = 1.4605m
t=1.2s, distance_ball_camera = 1.7840m
t=1.5s, distance_ball_camera = 1.7170m
t=1.8s, distance_ball_camera = 1.3500m
"
captured_0013,lab,A3MC,24,DS,What is the height of the cup in cm? ,"t=1.5, ball acceleration = 3.0m/s^2","t=0s, distance_cup_camera = 1.2100m
t=0s, distance_pen_camera = 1.1750m
t=0s, distance_cookie_camera = 1.1820m
t=0s, distance_note_book_camera = 0.9620m
t=0s, distance_desk_left_camera = 0.8690m
t=0s, distance_desk_right_camera = 0.8520m
t=0s, distance_slope_far_camera = 1.3450m
t=0s, distance_slope_near_camera = 1.1040m
"
captured_0013,lab,A3MC,24,DS,What is the length of the pen in cm? ,"t=1.5, ball acceleration = 3.0m/s^2","t=0s, distance_cup_camera = 1.2100m
t=0s, distance_pen_camera = 1.1750m
t=0s, distance_cookie_camera = 1.1820m
t=0s, distance_note_book_camera = 0.9620m
t=0s, distance_desk_left_camera = 0.8690m
t=0s, distance_desk_right_camera = 0.8520m
t=0s, distance_slope_far_camera = 1.3450m
t=0s, distance_slope_near_camera = 1.1040m
"
captured_0013,lab,A3MC,24,DS,What is the diameter of the cookie in cm? ,"t=1.5, ball acceleration = 3.0m/s^2","t=0s, distance_cup_camera = 1.2100m
t=0s, distance_pen_camera = 1.1750m
t=0s, distance_cookie_camera = 1.1820m
t=0s, distance_note_book_camera = 0.9620m
t=0s, distance_desk_left_camera = 0.8690m
t=0s, distance_desk_right_camera = 0.8520m
t=0s, distance_slope_far_camera = 1.3450m
t=0s, distance_slope_near_camera = 1.1040m
"
captured_0013,lab,A3MC,24,DS,What is the width of the note book in cm? ,"t=1.5, ball acceleration = 3.0m/s^2","t=0s, distance_cup_camera = 1.2100m
t=0s, distance_pen_camera = 1.1750m
t=0s, distance_cookie_camera = 1.1820m
t=0s, distance_note_book_camera = 0.9620m
t=0s, distance_desk_left_camera = 0.8690m
t=0s, distance_desk_right_camera = 0.8520m
t=0s, distance_slope_far_camera = 1.3450m
t=0s, distance_slope_near_camera = 1.1040m
"
captured_0013,lab,A3MC,24,DS,What is the width of the desk in cm? ,"t=1.5, ball acceleration = 3.0m/s^2","t=0s, distance_cup_camera = 1.2100m
t=0s, distance_pen_camera = 1.1750m
t=0s, distance_cookie_camera = 1.1820m
t=0s, distance_note_book_camera = 0.9620m
t=0s, distance_desk_left_camera = 0.8690m
t=0s, distance_desk_right_camera = 0.8520m
t=0s, distance_slope_far_camera = 1.3450m
t=0s, distance_slope_near_camera = 1.1040m
"
captured_0013,lab,A3MC,24,DS,What is the length of the slope in cm?,"t=1.5, ball acceleration = 3.0m/s^2","t=0s, distance_cup_camera = 1.2100m
t=0s, distance_pen_camera = 1.1750m
t=0s, distance_cookie_camera = 1.1820m
t=0s, distance_note_book_camera = 0.9620m
t=0s, distance_desk_left_camera = 0.8690m
t=0s, distance_desk_right_camera = 0.8520m
t=0s, distance_slope_far_camera = 1.3450m
t=0s, distance_slope_near_camera = 1.1040m
"
captured_0013,lab,A3MC,24,DS,What is the diameter of the ball in cm? ,"t=1.5, ball acceleration = 3.0m/s^2","t=0s, distance_cup_camera = 1.2100m
t=0s, distance_pen_camera = 1.1750m
t=0s, distance_cookie_camera = 1.1820m
t=0s, distance_note_book_camera = 0.9620m
t=0s, distance_desk_left_camera = 0.8690m
t=0s, distance_desk_right_camera = 0.8520m
t=0s, distance_slope_far_camera = 1.3450m
t=0s, distance_slope_near_camera = 1.1040m
"
captured_0013,lab,A3MC,24,DD,What is the velocity of the ball at 1.5s in cm/s? ,"t=1.5, ball acceleration = 3.0m/s^2","t=0s, distance_cup_camera = 1.2100m
t=0s, distance_pen_camera = 1.1750m
t=0s, distance_cookie_camera = 1.1820m
t=0s, distance_note_book_camera = 0.9620m
t=0s, distance_desk_left_camera = 0.8690m
t=0s, distance_desk_right_camera = 0.8520m
t=0s, distance_slope_far_camera = 1.3450m
t=0s, distance_slope_near_camera = 1.1040m
"
captured_0013s,lab,A3MS,24,DS,What is the height of the cup in cm? ,"t=1.5, ball acceleration = 3.0m/s^2","t=0s, distance_cup_camera = 1.2100m
t=0s, distance_pen_camera = 1.1750m
t=0s, distance_cookie_camera = 1.1820m
t=0s, distance_note_book_camera = 0.9620m
t=0s, distance_desk_left_camera = 0.8690m
t=0s, distance_desk_right_camera = 0.8520m
t=0s, distance_slope_far_camera = 1.3450m
t=0s, distance_slope_near_camera = 1.1040m
"
captured_0013s,lab,A3MS,24,DS,What is the length of the pen in cm? ,"t=1.5, ball acceleration = 3.0m/s^2","t=0s, distance_cup_camera = 1.2100m
t=0s, distance_pen_camera = 1.1750m
t=0s, distance_cookie_camera = 1.1820m
t=0s, distance_note_book_camera = 0.9620m
t=0s, distance_desk_left_camera = 0.8690m
t=0s, distance_desk_right_camera = 0.8520m
t=0s, distance_slope_far_camera = 1.3450m
t=0s, distance_slope_near_camera = 1.1040m
"
captured_0013s,lab,A3MS,24,DS,What is the diameter of the cookie in cm? ,"t=1.5, ball acceleration = 3.0m/s^2","t=0s, distance_cup_camera = 1.2100m
t=0s, distance_pen_camera = 1.1750m
t=0s, distance_cookie_camera = 1.1820m
t=0s, distance_note_book_camera = 0.9620m
t=0s, distance_desk_left_camera = 0.8690m
t=0s, distance_desk_right_camera = 0.8520m
t=0s, distance_slope_far_camera = 1.3450m
t=0s, distance_slope_near_camera = 1.1040m
"
captured_0013s,lab,A3MS,24,DS,What is the width of the note book in cm? ,"t=1.5, ball acceleration = 3.0m/s^2","t=0s, distance_cup_camera = 1.2100m
t=0s, distance_pen_camera = 1.1750m
t=0s, distance_cookie_camera = 1.1820m
t=0s, distance_note_book_camera = 0.9620m
t=0s, distance_desk_left_camera = 0.8690m
t=0s, distance_desk_right_camera = 0.8520m
t=0s, distance_slope_far_camera = 1.3450m
t=0s, distance_slope_near_camera = 1.1040m
"
captured_0013s,lab,A3MS,24,DS,What is the width of the desk in cm? ,"t=1.5, ball acceleration = 3.0m/s^2","t=0s, distance_cup_camera = 1.2100m
t=0s, distance_pen_camera = 1.1750m
t=0s, distance_cookie_camera = 1.1820m
t=0s, distance_note_book_camera = 0.9620m
t=0s, distance_desk_left_camera = 0.8690m
t=0s, distance_desk_right_camera = 0.8520m
t=0s, distance_slope_far_camera = 1.3450m
t=0s, distance_slope_near_camera = 1.1040m
"
captured_0013s,lab,A3MS,24,DS,What is the length of the slope in cm?,"t=1.5, ball acceleration = 3.0m/s^2","t=0s, distance_cup_camera = 1.2100m
t=0s, distance_pen_camera = 1.1750m
t=0s, distance_cookie_camera = 1.1820m
t=0s, distance_note_book_camera = 0.9620m
t=0s, distance_desk_left_camera = 0.8690m
t=0s, distance_desk_right_camera = 0.8520m
t=0s, distance_slope_far_camera = 1.3450m
t=0s, distance_slope_near_camera = 1.1040m
"
captured_0013s,lab,A3MS,24,DS,What is the diameter of the ball in cm? ,"t=1.5, ball acceleration = 3.0m/s^2","t=0s, distance_cup_camera = 1.2100m
t=0s, distance_pen_camera = 1.1750m
t=0s, distance_cookie_camera = 1.1820m
t=0s, distance_note_book_camera = 0.9620m
t=0s, distance_desk_left_camera = 0.8690m
t=0s, distance_desk_right_camera = 0.8520m
t=0s, distance_slope_far_camera = 1.3450m
t=0s, distance_slope_near_camera = 1.1040m
"
captured_0013s,lab,A3MS,24,DD,What is the velocity of the ball at 1.5s in cm/s? ,"t=1.5, ball acceleration = 3.0m/s^2","t=0s, distance_cup_camera = 1.2100m
t=0s, distance_pen_camera = 1.1750m
t=0s, distance_cookie_camera = 1.1820m
t=0s, distance_note_book_camera = 0.9620m
t=0s, distance_desk_left_camera = 0.8690m
t=0s, distance_desk_right_camera = 0.8520m
t=0s, distance_slope_far_camera = 1.3450m
t=0s, distance_slope_near_camera = 1.1040m
"
captured_0013x,lab,A3MX,24,DS,What is the height of the cup in cm? ,"t=1.5, ball acceleration = 3.0m/s^2","t=0s, distance_cup_camera = 1.2100m
t=0s, distance_pen_camera = 1.1750m
t=0s, distance_cookie_camera = 1.1820m
t=0s, distance_note_book_camera = 0.9620m
t=0s, distance_desk_left_camera = 0.8690m
t=0s, distance_desk_right_camera = 0.8520m
t=0s, distance_slope_far_camera = 1.3450m
t=0s, distance_slope_near_camera = 1.1040m
"
captured_0013x,lab,A3MX,24,DS,What is the length of the pen in cm? ,"t=1.5, ball acceleration = 3.0m/s^2","t=0s, distance_cup_camera = 1.2100m
t=0s, distance_pen_camera = 1.1750m
t=0s, distance_cookie_camera = 1.1820m
t=0s, distance_note_book_camera = 0.9620m
t=0s, distance_desk_left_camera = 0.8690m
t=0s, distance_desk_right_camera = 0.8520m
t=0s, distance_slope_far_camera = 1.3450m
t=0s, distance_slope_near_camera = 1.1040m
"
captured_0013x,lab,A3MX,24,DS,What is the diameter of the cookie in cm? ,"t=1.5, ball acceleration = 3.0m/s^2","t=0s, distance_cup_camera = 1.2100m
t=0s, distance_pen_camera = 1.1750m
t=0s, distance_cookie_camera = 1.1820m
t=0s, distance_note_book_camera = 0.9620m
t=0s, distance_desk_left_camera = 0.8690m
t=0s, distance_desk_right_camera = 0.8520m
t=0s, distance_slope_far_camera = 1.3450m
t=0s, distance_slope_near_camera = 1.1040m
"
captured_0013x,lab,A3MX,24,DS,What is the width of the note book in cm? ,"t=1.5, ball acceleration = 3.0m/s^2","t=0s, distance_cup_camera = 1.2100m
t=0s, distance_pen_camera = 1.1750m
t=0s, distance_cookie_camera = 1.1820m
t=0s, distance_note_book_camera = 0.9620m
t=0s, distance_desk_left_camera = 0.8690m
t=0s, distance_desk_right_camera = 0.8520m
t=0s, distance_slope_far_camera = 1.3450m
t=0s, distance_slope_near_camera = 1.1040m
"
captured_0013x,lab,A3MX,24,DS,What is the width of the desk in cm? ,"t=1.5, ball acceleration = 3.0m/s^2","t=0s, distance_cup_camera = 1.2100m
t=0s, distance_pen_camera = 1.1750m
t=0s, distance_cookie_camera = 1.1820m
t=0s, distance_note_book_camera = 0.9620m
t=0s, distance_desk_left_camera = 0.8690m
t=0s, distance_desk_right_camera = 0.8520m
t=0s, distance_slope_far_camera = 1.3450m
t=0s, distance_slope_near_camera = 1.1040m
"
captured_0013x,lab,A3MX,24,DS,What is the length of the slope in cm?,"t=1.5, ball acceleration = 3.0m/s^2","t=0s, distance_cup_camera = 1.2100m
t=0s, distance_pen_camera = 1.1750m
t=0s, distance_cookie_camera = 1.1820m
t=0s, distance_note_book_camera = 0.9620m
t=0s, distance_desk_left_camera = 0.8690m
t=0s, distance_desk_right_camera = 0.8520m
t=0s, distance_slope_far_camera = 1.3450m
t=0s, distance_slope_near_camera = 1.1040m
"
captured_0013x,lab,A3MX,24,DS,What is the diameter of the ball in cm? ,"t=1.5, ball acceleration = 3.0m/s^2","t=0s, distance_cup_camera = 1.2100m
t=0s, distance_pen_camera = 1.1750m
t=0s, distance_cookie_camera = 1.1820m
t=0s, distance_note_book_camera = 0.9620m
t=0s, distance_desk_left_camera = 0.8690m
t=0s, distance_desk_right_camera = 0.8520m
t=0s, distance_slope_far_camera = 1.3450m
t=0s, distance_slope_near_camera = 1.1040m
"
captured_0013x,lab,A3MX,24,DD,What is the velocity of the ball at 1.5s in cm/s? ,"t=1.5, ball acceleration = 3.0m/s^2","t=0s, distance_cup_camera = 1.2100m
t=0s, distance_pen_camera = 1.1750m
t=0s, distance_cookie_camera = 1.1820m
t=0s, distance_note_book_camera = 0.9620m
t=0s, distance_desk_left_camera = 0.8690m
t=0s, distance_desk_right_camera = 0.8520m
t=0s, distance_slope_far_camera = 1.3450m
t=0s, distance_slope_near_camera = 1.1040m
"
captured_0014,lab,A3MC,24,DS,What is the diameter of the cookie in cm? ,"t=0.6, ball acceleration = 4.6m/s^2","t=0s, distance_cookie_camera = 1.7355m
t=0s, distance_ball_camera = 1.8180m
t=0s, distance_cup_camera = 1.7270m
t=0s, distance_pen_camera = 1.6725m
t=0s, distance_book_camera = 1.6650m
t=0.6s, distance_ball_camera = 1.7288m
t=0s, distance_slope_far_camera = 1.8540m
t=0s, distance_slope_near_camera = 1.7010m
"
captured_0014,lab,A3MC,24,DS,What is the diameter of the ball in cm? ,"t=0.6, ball acceleration = 4.6m/s^2","t=0s, distance_cookie_camera = 1.7355m
t=0s, distance_ball_camera = 1.8180m
t=0s, distance_cup_camera = 1.7270m
t=0s, distance_pen_camera = 1.6725m
t=0s, distance_book_camera = 1.6650m
t=0.6s, distance_ball_camera = 1.7288m
t=0s, distance_slope_far_camera = 1.8540m
t=0s, distance_slope_near_camera = 1.7010m
"
captured_0014,lab,A3MC,24,DS,What is the height of the cup in cm? ,"t=0.6, ball acceleration = 4.6m/s^2","t=0s, distance_cookie_camera = 1.7355m
t=0s, distance_ball_camera = 1.8180m
t=0s, distance_cup_camera = 1.7270m
t=0s, distance_pen_camera = 1.6725m
t=0s, distance_book_camera = 1.6650m
t=0.6s, distance_ball_camera = 1.7288m
t=0s, distance_slope_far_camera = 1.8540m
t=0s, distance_slope_near_camera = 1.7010m
"
captured_0014,lab,A3MC,24,DS,What is the length of the pen in cm? ,"t=0.6, ball acceleration = 4.6m/s^2","t=0s, distance_cookie_camera = 1.7355m
t=0s, distance_ball_camera = 1.8180m
t=0s, distance_cup_camera = 1.7270m
t=0s, distance_pen_camera = 1.6725m
t=0s, distance_book_camera = 1.6650m
t=0.6s, distance_ball_camera = 1.7288m
t=0s, distance_slope_far_camera = 1.8540m
t=0s, distance_slope_near_camera = 1.7010m
"
captured_0014,lab,A3MC,24,DS,What is the length of the book in cm?,"t=0.6, ball acceleration = 4.6m/s^2","t=0s, distance_cookie_camera = 1.7355m
t=0s, distance_ball_camera = 1.8180m
t=0s, distance_cup_camera = 1.7270m
t=0s, distance_pen_camera = 1.6725m
t=0s, distance_book_camera = 1.6650m
t=0.6s, distance_ball_camera = 1.7288m
t=0s, distance_slope_far_camera = 1.8540m
t=0s, distance_slope_near_camera = 1.7010m
"
captured_0014,lab,A3MC,24,DS,What is the width of the book in cm?,"t=0.6, ball acceleration = 4.6m/s^2","t=0s, distance_cookie_camera = 1.7355m
t=0s, distance_ball_camera = 1.8180m
t=0s, distance_cup_camera = 1.7270m
t=0s, distance_pen_camera = 1.6725m
t=0s, distance_book_camera = 1.6650m
t=0.6s, distance_ball_camera = 1.7288m
t=0s, distance_slope_far_camera = 1.8540m
t=0s, distance_slope_near_camera = 1.7010m
"
captured_0014,lab,A3MC,24,DS,What is the height of the book in cm?,"t=0.6, ball acceleration = 4.6m/s^2","t=0s, distance_cookie_camera = 1.7355m
t=0s, distance_ball_camera = 1.8180m
t=0s, distance_cup_camera = 1.7270m
t=0s, distance_pen_camera = 1.6725m
t=0s, distance_book_camera = 1.6650m
t=0.6s, distance_ball_camera = 1.7288m
t=0s, distance_slope_far_camera = 1.8540m
t=0s, distance_slope_near_camera = 1.7010m
"
captured_0014,lab,A3MC,24,DD,What is the velocity of the rolling ball at 0.6s in cm/s? ,"t=0.6, ball acceleration = 4.6m/s^2","t=0s, distance_cookie_camera = 1.7355m
t=0s, distance_ball_camera = 1.8180m
t=0s, distance_cup_camera = 1.7270m
t=0s, distance_pen_camera = 1.6725m
t=0s, distance_book_camera = 1.6650m
t=0.6s, distance_ball_camera = 1.7288m
t=0s, distance_slope_far_camera = 1.8540m
t=0s, distance_slope_near_camera = 1.7010m
"
captured_0014,lab,A3MC,24,DS,What is the length of the slope in cm? ,"t=0.6, ball acceleration = 4.6m/s^2","t=0s, distance_cookie_camera = 1.7355m
t=0s, distance_ball_camera = 1.8180m
t=0s, distance_cup_camera = 1.7270m
t=0s, distance_pen_camera = 1.6725m
t=0s, distance_book_camera = 1.6650m
t=0.6s, distance_ball_camera = 1.7288m
t=0s, distance_slope_far_camera = 1.8540m
t=0s, distance_slope_near_camera = 1.7010m
"
captured_0014,lab,A3MC,24,DS,What is the width of the slope in cm? ,"t=0.6, ball acceleration = 4.6m/s^2","t=0s, distance_cookie_camera = 1.7355m
t=0s, distance_ball_camera = 1.8180m
t=0s, distance_cup_camera = 1.7270m
t=0s, distance_pen_camera = 1.6725m
t=0s, distance_book_camera = 1.6650m
t=0.6s, distance_ball_camera = 1.7288m
t=0s, distance_slope_far_camera = 1.8540m
t=0s, distance_slope_near_camera = 1.7010m
"
captured_0014,lab,A3MC,24,DS,What is the displacement of the rolling object from 0s to 0.6s in cm? ,"t=0.6, ball acceleration = 4.6m/s^2","t=0s, distance_cookie_camera = 1.7355m
t=0s, distance_ball_camera = 1.8180m
t=0s, distance_cup_camera = 1.7270m
t=0s, distance_pen_camera = 1.6725m
t=0s, distance_book_camera = 1.6650m
t=0.6s, distance_ball_camera = 1.7288m
t=0s, distance_slope_far_camera = 1.8540m
t=0s, distance_slope_near_camera = 1.7010m
"
captured_0014s,lab,A3MS,24,DS,What is the diameter of the cookie in cm? ,"t=0.6, ball acceleration = 4.6m/s^2","t=0s, distance_cookie_camera = 1.7355m
t=0s, distance_ball_camera = 1.8180m
t=0s, distance_cup_camera = 1.7270m
t=0s, distance_pen_camera = 1.6725m
t=0s, distance_book_camera = 1.6650m
t=0.6s, distance_ball_camera = 1.7288m
t=0s, distance_slope_far_camera = 1.8540m
t=0s, distance_slope_near_camera = 1.7010m
"
captured_0014s,lab,A3MS,24,DS,What is the diameter of the ball in cm? ,"t=0.6, ball acceleration = 4.6m/s^2","t=0s, distance_cookie_camera = 1.7355m
t=0s, distance_ball_camera = 1.8180m
t=0s, distance_cup_camera = 1.7270m
t=0s, distance_pen_camera = 1.6725m
t=0s, distance_book_camera = 1.6650m
t=0.6s, distance_ball_camera = 1.7288m
t=0s, distance_slope_far_camera = 1.8540m
t=0s, distance_slope_near_camera = 1.7010m
"
captured_0014s,lab,A3MS,24,DS,What is the height of the cup in cm? ,"t=0.6, ball acceleration = 4.6m/s^2","t=0s, distance_cookie_camera = 1.7355m
t=0s, distance_ball_camera = 1.8180m
t=0s, distance_cup_camera = 1.7270m
t=0s, distance_pen_camera = 1.6725m
t=0s, distance_book_camera = 1.6650m
t=0.6s, distance_ball_camera = 1.7288m
t=0s, distance_slope_far_camera = 1.8540m
t=0s, distance_slope_near_camera = 1.7010m
"
captured_0014s,lab,A3MS,24,DS,What is the length of the pen in cm? ,"t=0.6, ball acceleration = 4.6m/s^2","t=0s, distance_cookie_camera = 1.7355m
t=0s, distance_ball_camera = 1.8180m
t=0s, distance_cup_camera = 1.7270m
t=0s, distance_pen_camera = 1.6725m
t=0s, distance_book_camera = 1.6650m
t=0.6s, distance_ball_camera = 1.7288m
t=0s, distance_slope_far_camera = 1.8540m
t=0s, distance_slope_near_camera = 1.7010m
"
captured_0014s,lab,A3MS,24,DS,What is the length of the book in cm?,"t=0.6, ball acceleration = 4.6m/s^2","t=0s, distance_cookie_camera = 1.7355m
t=0s, distance_ball_camera = 1.8180m
t=0s, distance_cup_camera = 1.7270m
t=0s, distance_pen_camera = 1.6725m
t=0s, distance_book_camera = 1.6650m
t=0.6s, distance_ball_camera = 1.7288m
t=0s, distance_slope_far_camera = 1.8540m
t=0s, distance_slope_near_camera = 1.7010m
"
captured_0014s,lab,A3MS,24,DS,What is the width of the book in cm?,"t=0.6, ball acceleration = 4.6m/s^2","t=0s, distance_cookie_camera = 1.7355m
t=0s, distance_ball_camera = 1.8180m
t=0s, distance_cup_camera = 1.7270m
t=0s, distance_pen_camera = 1.6725m
t=0s, distance_book_camera = 1.6650m
t=0.6s, distance_ball_camera = 1.7288m
t=0s, distance_slope_far_camera = 1.8540m
t=0s, distance_slope_near_camera = 1.7010m
"
captured_0014s,lab,A3MS,24,DS,What is the height of the book in cm?,"t=0.6, ball acceleration = 4.6m/s^2","t=0s, distance_cookie_camera = 1.7355m
t=0s, distance_ball_camera = 1.8180m
t=0s, distance_cup_camera = 1.7270m
t=0s, distance_pen_camera = 1.6725m
t=0s, distance_book_camera = 1.6650m
t=0.6s, distance_ball_camera = 1.7288m
t=0s, distance_slope_far_camera = 1.8540m
t=0s, distance_slope_near_camera = 1.7010m
"
captured_0014s,lab,A3MS,24,DD,What is the velocity of the rolling ball at 0.6s in cm/s? ,"t=0.6, ball acceleration = 4.6m/s^2","t=0s, distance_cookie_camera = 1.7355m
t=0s, distance_ball_camera = 1.8180m
t=0s, distance_cup_camera = 1.7270m
t=0s, distance_pen_camera = 1.6725m
t=0s, distance_book_camera = 1.6650m
t=0.6s, distance_ball_camera = 1.7288m
t=0s, distance_slope_far_camera = 1.8540m
t=0s, distance_slope_near_camera = 1.7010m
"
captured_0014s,lab,A3MS,24,DS,What is the length of the slope in cm? ,"t=0.6, ball acceleration = 4.6m/s^2","t=0s, distance_cookie_camera = 1.7355m
t=0s, distance_ball_camera = 1.8180m
t=0s, distance_cup_camera = 1.7270m
t=0s, distance_pen_camera = 1.6725m
t=0s, distance_book_camera = 1.6650m
t=0.6s, distance_ball_camera = 1.7288m
t=0s, distance_slope_far_camera = 1.8540m
t=0s, distance_slope_near_camera = 1.7010m
"
captured_0014s,lab,A3MS,24,DS,What is the width of the slope in cm? ,"t=0.6, ball acceleration = 4.6m/s^2","t=0s, distance_cookie_camera = 1.7355m
t=0s, distance_ball_camera = 1.8180m
t=0s, distance_cup_camera = 1.7270m
t=0s, distance_pen_camera = 1.6725m
t=0s, distance_book_camera = 1.6650m
t=0.6s, distance_ball_camera = 1.7288m
t=0s, distance_slope_far_camera = 1.8540m
t=0s, distance_slope_near_camera = 1.7010m
"
captured_0014s,lab,A3MS,24,DS,What is the displacement of the rolling object from 0s to 0.6s in cm? ,"t=0.6, ball acceleration = 4.6m/s^2","t=0s, distance_cookie_camera = 1.7355m
t=0s, distance_ball_camera = 1.8180m
t=0s, distance_cup_camera = 1.7270m
t=0s, distance_pen_camera = 1.6725m
t=0s, distance_book_camera = 1.6650m
t=0.6s, distance_ball_camera = 1.7288m
t=0s, distance_slope_far_camera = 1.8540m
t=0s, distance_slope_near_camera = 1.7010m
"
captured_0014x,lab,A3MX,24,DS,What is the diameter of the cookie in cm? ,"t=0.6, ball acceleration = 4.6m/s^2","t=0s, distance_cookie_camera = 1.7355m
t=0s, distance_ball_camera = 1.8180m
t=0s, distance_cup_camera = 1.7270m
t=0s, distance_pen_camera = 1.6725m
t=0s, distance_book_camera = 1.6650m
t=0.6s, distance_ball_camera = 1.7288m
t=0s, distance_slope_far_camera = 1.8540m
t=0s, distance_slope_near_camera = 1.7010m
"
captured_0014x,lab,A3MX,24,DS,What is the diameter of the ball in cm? ,"t=0.6, ball acceleration = 4.6m/s^2","t=0s, distance_cookie_camera = 1.7355m
t=0s, distance_ball_camera = 1.8180m
t=0s, distance_cup_camera = 1.7270m
t=0s, distance_pen_camera = 1.6725m
t=0s, distance_book_camera = 1.6650m
t=0.6s, distance_ball_camera = 1.7288m
t=0s, distance_slope_far_camera = 1.8540m
t=0s, distance_slope_near_camera = 1.7010m
"
captured_0014x,lab,A3MX,24,DS,What is the height of the cup in cm? ,"t=0.6, ball acceleration = 4.6m/s^2","t=0s, distance_cookie_camera = 1.7355m
t=0s, distance_ball_camera = 1.8180m
t=0s, distance_cup_camera = 1.7270m
t=0s, distance_pen_camera = 1.6725m
t=0s, distance_book_camera = 1.6650m
t=0.6s, distance_ball_camera = 1.7288m
t=0s, distance_slope_far_camera = 1.8540m
t=0s, distance_slope_near_camera = 1.7010m
"
captured_0014x,lab,A3MX,24,DS,What is the length of the pen in cm? ,"t=0.6, ball acceleration = 4.6m/s^2","t=0s, distance_cookie_camera = 1.7355m
t=0s, distance_ball_camera = 1.8180m
t=0s, distance_cup_camera = 1.7270m
t=0s, distance_pen_camera = 1.6725m
t=0s, distance_book_camera = 1.6650m
t=0.6s, distance_ball_camera = 1.7288m
t=0s, distance_slope_far_camera = 1.8540m
t=0s, distance_slope_near_camera = 1.7010m
"
captured_0014x,lab,A3MX,24,DS,What is the length of the book in cm?,"t=0.6, ball acceleration = 4.6m/s^2","t=0s, distance_cookie_camera = 1.7355m
t=0s, distance_ball_camera = 1.8180m
t=0s, distance_cup_camera = 1.7270m
t=0s, distance_pen_camera = 1.6725m
t=0s, distance_book_camera = 1.6650m
t=0.6s, distance_ball_camera = 1.7288m
t=0s, distance_slope_far_camera = 1.8540m
t=0s, distance_slope_near_camera = 1.7010m
"
captured_0014x,lab,A3MX,24,DS,What is the width of the book in cm?,"t=0.6, ball acceleration = 4.6m/s^2","t=0s, distance_cookie_camera = 1.7355m
t=0s, distance_ball_camera = 1.8180m
t=0s, distance_cup_camera = 1.7270m
t=0s, distance_pen_camera = 1.6725m
t=0s, distance_book_camera = 1.6650m
t=0.6s, distance_ball_camera = 1.7288m
t=0s, distance_slope_far_camera = 1.8540m
t=0s, distance_slope_near_camera = 1.7010m
"
captured_0014x,lab,A3MX,24,DS,What is the height of the book in cm?,"t=0.6, ball acceleration = 4.6m/s^2","t=0s, distance_cookie_camera = 1.7355m
t=0s, distance_ball_camera = 1.8180m
t=0s, distance_cup_camera = 1.7270m
t=0s, distance_pen_camera = 1.6725m
t=0s, distance_book_camera = 1.6650m
t=0.6s, distance_ball_camera = 1.7288m
t=0s, distance_slope_far_camera = 1.8540m
t=0s, distance_slope_near_camera = 1.7010m
"
captured_0014x,lab,A3MX,24,DD,What is the velocity of the rolling ball at 0.6s in cm/s? ,"t=0.6, ball acceleration = 4.6m/s^2","t=0s, distance_cookie_camera = 1.7355m
t=0s, distance_ball_camera = 1.8180m
t=0s, distance_cup_camera = 1.7270m
t=0s, distance_pen_camera = 1.6725m
t=0s, distance_book_camera = 1.6650m
t=0.6s, distance_ball_camera = 1.7288m
t=0s, distance_slope_far_camera = 1.8540m
t=0s, distance_slope_near_camera = 1.7010m
"
captured_0014x,lab,A3MX,24,DS,What is the length of the slope in cm? ,"t=0.6, ball acceleration = 4.6m/s^2","t=0s, distance_cookie_camera = 1.7355m
t=0s, distance_ball_camera = 1.8180m
t=0s, distance_cup_camera = 1.7270m
t=0s, distance_pen_camera = 1.6725m
t=0s, distance_book_camera = 1.6650m
t=0.6s, distance_ball_camera = 1.7288m
t=0s, distance_slope_far_camera = 1.8540m
t=0s, distance_slope_near_camera = 1.7010m
"
captured_0014x,lab,A3MX,24,DS,What is the width of the slope in cm? ,"t=0.6, ball acceleration = 4.6m/s^2","t=0s, distance_cookie_camera = 1.7355m
t=0s, distance_ball_camera = 1.8180m
t=0s, distance_cup_camera = 1.7270m
t=0s, distance_pen_camera = 1.6725m
t=0s, distance_book_camera = 1.6650m
t=0.6s, distance_ball_camera = 1.7288m
t=0s, distance_slope_far_camera = 1.8540m
t=0s, distance_slope_near_camera = 1.7010m
"
captured_0014x,lab,A3MX,24,DS,What is the displacement of the rolling object from 0s to 0.6s in cm? ,"t=0.6, ball acceleration = 4.6m/s^2","t=0s, distance_cookie_camera = 1.7355m
t=0s, distance_ball_camera = 1.8180m
t=0s, distance_cup_camera = 1.7270m
t=0s, distance_pen_camera = 1.6725m
t=0s, distance_book_camera = 1.6650m
t=0.6s, distance_ball_camera = 1.7288m
t=0s, distance_slope_far_camera = 1.8540m
t=0s, distance_slope_near_camera = 1.7010m
"
captured_0015,lab,A2MC,24,DS,What is the height of the person in cm?,Gravity acc = 9.8m/s^2,
captured_0015,lab,A2MC,24,DD,What is the velocity of the toy at 0.6s in cm/s?,Gravity acc = 9.8m/s^2,
captured_0015,lab,A2MC,24,DS,What is the height of the toy in cm? ,Gravity acc = 9.8m/s^2,
captured_0015,lab,A2MC,24,DS,What is the shoulder breadth of the person in cm?,Gravity acc = 9.8m/s^2,
captured_0015,lab,A2MC,24,DD,What is the velocity of the toy at 2.6s in cm/s?,Gravity acc = 9.8m/s^2,
captured_0015s,lab,A2MS,24,DS,What is the height of the person in cm?,Gravity acc = 9.8m/s^2,
captured_0015s,lab,A2MS,24,DS,What is the velocity of the toy at 0.6s in cm/s?,Gravity acc = 9.8m/s^2,
captured_0015s,lab,A2MS,24,DS,What is the height of the toy in cm? ,Gravity acc = 9.8m/s^2,
captured_0015s,lab,A2MS,24,DS,What is the shoulder breadth of the person in cm?,Gravity acc = 9.8m/s^2,
captured_0015s,lab,A2MS,24,DD,What is the velocity of the toy at 2.6s in cm/s?,Gravity acc = 9.8m/s^2,
captured_0015x,lab,A2MX,24,DS,What is the height of the person in cm?,Gravity acc = 9.8m/s^2,
captured_0015x,lab,A2MX,24,DS,What is the velocity of the toy at 0.6s in cm/s?,Gravity acc = 9.8m/s^2,
captured_0015x,lab,A2MX,24,DS,What is the height of the toy in cm? ,Gravity acc = 9.8m/s^2,
captured_0015x,lab,A2MX,24,DS,What is the shoulder breadth of the person in cm?,Gravity acc = 9.8m/s^2,
captured_0015x,lab,A2MX,24,DD,What is the velocity of the toy at 2.6s in cm/s?,Gravity acc = 9.8m/s^2,
captured_0016,lab,A3SC,24,DS,What is the distance between the two people in cm?,Gravity acc = 9.8m/s^2,"t=1.5s, distance_soccer_ball_camera =1.4020m
distance_near_person_camera = 0.8430m
distance_far_person_camera = 2.3720m"
captured_0016,lab,A3SC,24,DS,What is the diameter of the soccer ball in cm?,Gravity acc = 9.8m/s^2,"t=1.5s, distance_soccer_ball_camera =1.4020m
distance_near_person_camera = 0.8430m
distance_far_person_camera = 2.3720m"
captured_0016,lab,A3SC,24,DD,What is the velocity of the soccer ball at 1.5s in m/s?,Gravity acc = 9.8m/s^2,"t=1.5s, distance_soccer_ball_camera =1.4020m
distance_near_person_camera = 0.8430m
distance_far_person_camera = 2.3720m"
captured_0016,lab,A3SC,24,DS,What is the displacement of the soccer ball between 1.0s and 1.5s in cm?,Gravity acc = 9.8m/s^2,"t=1.5s, distance_soccer_ball_camera =1.4020m
distance_near_person_camera = 0.8430m
distance_far_person_camera = 2.3720m"
captured_0016s,lab,A3SS,24,DS,What is the distance between the two people in cm?,Gravity acc = 9.8m/s^2,"t=1.5s, distance_soccer_ball_camera =1.4020m
distance_near_person_camera = 0.8430m
distance_far_person_camera = 2.3720m"
captured_0016s,lab,A3SS,24,DS,What is the diameter of the soccer ball in cm?,Gravity acc = 9.8m/s^2,"t=1.5s, distance_soccer_ball_camera =1.4020m
distance_near_person_camera = 0.8430m
distance_far_person_camera = 2.3720m"
captured_0016s,lab,A3SS,24,DD,What is the velocity of the soccer ball at 1.5s in m/s?,Gravity acc = 9.8m/s^2,"t=1.5s, distance_soccer_ball_camera =1.4020m
distance_near_person_camera = 0.8430m
distance_far_person_camera = 2.3720m"
captured_0016s,lab,A3SS,24,DS,What is the displacement of the soccer ball between 1.0s and 1.5s in cm?,Gravity acc = 9.8m/s^2,"t=1.5s, distance_soccer_ball_camera =1.4020m
distance_near_person_camera = 0.8430m
distance_far_person_camera = 2.3720m"
captured_0016x,lab,A3SX,24,DS,What is the distance between the two people in cm?,Gravity acc = 9.8m/s^2,"t=1.5s, distance_soccer_ball_camera =1.4020m
distance_near_person_camera = 0.8430m
distance_far_person_camera = 2.3720m"
captured_0016x,lab,A3SX,24,DS,What is the diameter of the soccer ball in cm?,Gravity acc = 9.8m/s^2,"t=1.5s, distance_soccer_ball_camera =1.4020m
distance_near_person_camera = 0.8430m
distance_far_person_camera = 2.3720m"
captured_0016x,lab,A3SX,24,DD,What is the velocity of the soccer ball at 1.5s in m/s?,Gravity acc = 9.8m/s^2,"t=1.5s, distance_soccer_ball_camera =1.4020m
distance_near_person_camera = 0.8430m
distance_far_person_camera = 2.3720m"
captured_0016x,lab,A3SX,24,DS,What is the displacement of the soccer ball between 1.0s and 1.5s in cm?,Gravity acc = 9.8m/s^2,"t=1.5s, distance_soccer_ball_camera =1.4020m
distance_near_person_camera = 0.8430m
distance_far_person_camera = 2.3720m"
captured_0018,lab,A3MC,24,DS,What is the height of the left person in cm?,Gravity acc = 9.8m/s^2,"distance_soccer_ball_camera =2.8000m
distance_near_person_camera = 2.002m
distance_far_person_camera = 3.130m"
captured_0018,lab,A3MC,24,DS,What is the height of the right person in cm?,Gravity acc = 9.8m/s^2,"distance_soccer_ball_camera =2.8000m
distance_near_person_camera = 2.002m
distance_far_person_camera = 3.130m"
captured_0018,lab,A3MC,24,DS,What is the distance between the two people in cm?,Gravity acc = 9.8m/s^2,"distance_soccer_ball_camera =2.8000m
distance_near_person_camera = 2.002m
distance_far_person_camera = 3.130m"
captured_0018,lab,A3MC,24,DS,What is the length of the box in cm?,Gravity acc = 9.8m/s^2,"distance_soccer_ball_camera =2.8000m
distance_near_person_camera = 2.002m
distance_far_person_camera = 3.130m"
captured_0018,lab,A3MC,24,DS,What is the width of the box in cm?,Gravity acc = 9.8m/s^2,"distance_soccer_ball_camera =2.8000m
distance_near_person_camera = 2.002m
distance_far_person_camera = 3.130m"
captured_0018,lab,A3MC,24,DS,What is the diameter of the soccer ball in cm?,Gravity acc = 9.8m/s^2,"distance_soccer_ball_camera =2.8000m
distance_near_person_camera = 2.002m
distance_far_person_camera = 3.130m"
captured_0018,lab,A3MC,24,DS,What is the diameter of the tennis ball in cm?,Gravity acc = 9.8m/s^2,"distance_soccer_ball_camera =2.8000m
distance_near_person_camera = 2.002m
distance_far_person_camera = 3.130m"
captured_0018,lab,A3MC,24,DS,What is the height of the yellow toy in cm?,Gravity acc = 9.8m/s^2,"distance_soccer_ball_camera =2.8000m
distance_near_person_camera = 2.002m
distance_far_person_camera = 3.130m"
captured_0018,lab,A3MC,24,DS,What is the shoe length of the left person in cm?,Gravity acc = 9.8m/s^2,"distance_soccer_ball_camera =2.8000m
distance_near_person_camera = 2.002m
distance_far_person_camera = 3.130m"
captured_0018,lab,A3MC,24,DD,What is the velocity of the box at 3.4s in cm/s?,Gravity acc = 9.8m/s^2,"distance_soccer_ball_camera =2.8000m
distance_near_person_camera = 2.002m
distance_far_person_camera = 3.130m"
captured_0018,lab,A3MC,24,DD,What is the velocity of the soccer ball at 3.4s in cm/s?,Gravity acc = 9.8m/s^2,"distance_soccer_ball_camera =2.8000m
distance_near_person_camera = 2.002m
distance_far_person_camera = 3.130m"
captured_0018,lab,A3MC,24,DD,What is the velocity of the tennis ball at 3.4s in cm/s?,Gravity acc = 9.8m/s^2,"distance_soccer_ball_camera =2.8000m
distance_near_person_camera = 2.002m
distance_far_person_camera = 3.130m"
captured_0018,lab,A3MC,24,DD,What is the velocity of the pineapple toy at 3.4s in cm/s?,Gravity acc = 9.8m/s^2,"distance_soccer_ball_camera =2.8000m
distance_near_person_camera = 2.002m
distance_far_person_camera = 3.130m"
captured_0018,lab,A3MC,24,DS,What is the distance between the box and the soccer ball in cm at 3.0s?,Gravity acc = 9.8m/s^2,"distance_soccer_ball_camera =2.8000m
distance_near_person_camera = 2.002m
distance_far_person_camera = 3.130m"
captured_0018,lab,A3MC,24,DS,What is the distance between the box and the pineapple toy in cm at 3.0s?,Gravity acc = 9.8m/s^2,"distance_soccer_ball_camera =2.8000m
distance_near_person_camera = 2.002m
distance_far_person_camera = 3.130m"
captured_0018,lab,A3MC,24,DS,What is the distance between the box and the tennis ball in cm at 3.0s?,Gravity acc = 9.8m/s^2,"distance_soccer_ball_camera =2.8000m
distance_near_person_camera = 2.002m
distance_far_person_camera = 3.130m"
captured_0018,lab,A3MC,24,DS,What is the distance between the tennis ball and the soccer ball in cm at 3.0s?,Gravity acc = 9.8m/s^2,"distance_soccer_ball_camera =2.8000m
distance_near_person_camera = 2.002m
distance_far_person_camera = 3.130m"
captured_0018,lab,A3MC,24,DS,What is the distance between the pineapple toy and the soccer ball in cm at 3.0s?,Gravity acc = 9.8m/s^2,"distance_soccer_ball_camera =2.8000m
distance_near_person_camera = 2.002m
distance_far_person_camera = 3.130m"
captured_0018,lab,A3MC,24,DS,What is the distance between the pineapple toy and the tennis ball in cm at 3.0s?,Gravity acc = 9.8m/s^2,"distance_soccer_ball_camera =2.8000m
distance_near_person_camera = 2.002m
distance_far_person_camera = 3.130m"
captured_0018s,lab,A3MS,24,DS,What is the height of the left person in cm?,Gravity acc = 9.8m/s^2,"distance_soccer_ball_camera =2.8000m
distance_near_person_camera = 2.002m
distance_far_person_camera = 3.130m"
captured_0018s,lab,A3MS,24,DS,What is the height of the right person in cm?,Gravity acc = 9.8m/s^2,"distance_soccer_ball_camera =2.8000m
distance_near_person_camera = 2.002m
distance_far_person_camera = 3.130m"
captured_0018s,lab,A3MS,24,DS,What is the distance between the two people in cm?,Gravity acc = 9.8m/s^2,"distance_soccer_ball_camera =2.8000m
distance_near_person_camera = 2.002m
distance_far_person_camera = 3.130m"
captured_0018s,lab,A3MS,24,DS,What is the length of the box in cm?,Gravity acc = 9.8m/s^2,"distance_soccer_ball_camera =2.8000m
distance_near_person_camera = 2.002m
distance_far_person_camera = 3.130m"
captured_0018s,lab,A3MS,24,DS,What is the width of the box in cm?,Gravity acc = 9.8m/s^2,"distance_soccer_ball_camera =2.8000m
distance_near_person_camera = 2.002m
distance_far_person_camera = 3.130m"
captured_0018s,lab,A3MS,24,DS,What is the diameter of the soccer ball in cm?,Gravity acc = 9.8m/s^2,"distance_soccer_ball_camera =2.8000m
distance_near_person_camera = 2.002m
distance_far_person_camera = 3.130m"
captured_0018s,lab,A3MS,24,DS,What is the diameter of the tennis ball in cm?,Gravity acc = 9.8m/s^2,"distance_soccer_ball_camera =2.8000m
distance_near_person_camera = 2.002m
distance_far_person_camera = 3.130m"
captured_0018s,lab,A3MS,24,DS,What is the height of the yellow toy in cm?,Gravity acc = 9.8m/s^2,"distance_soccer_ball_camera =2.8000m
distance_near_person_camera = 2.002m
distance_far_person_camera = 3.130m"
captured_0018s,lab,A3MS,24,DS,What is the shoe length of the left person in cm?,Gravity acc = 9.8m/s^2,"distance_soccer_ball_camera =2.8000m
distance_near_person_camera = 2.002m
distance_far_person_camera = 3.130m"
captured_0018s,lab,A3MS,24,DD,What is the velocity of the box at 3.4s in cm/s?,Gravity acc = 9.8m/s^2,"distance_soccer_ball_camera =2.8000m
distance_near_person_camera = 2.002m
distance_far_person_camera = 3.130m"
captured_0018s,lab,A3MS,24,DD,What is the velocity of the soccer ball at 3.4s in cm/s?,Gravity acc = 9.8m/s^2,"distance_soccer_ball_camera =2.8000m
distance_near_person_camera = 2.002m
distance_far_person_camera = 3.130m"
captured_0018s,lab,A3MS,24,DD,What is the velocity of the tennis ball at 3.4s in cm/s?,Gravity acc = 9.8m/s^2,"distance_soccer_ball_camera =2.8000m
distance_near_person_camera = 2.002m
distance_far_person_camera = 3.130m"
captured_0018s,lab,A3MS,24,DD,What is the velocity of the pineapple toy at 3.4s in cm/s?,Gravity acc = 9.8m/s^2,"distance_soccer_ball_camera =2.8000m
distance_near_person_camera = 2.002m
distance_far_person_camera = 3.130m"
captured_0018s,lab,A3MS,24,DS,What is the distance between the box and the soccer ball in cm at 3.0s?,Gravity acc = 9.8m/s^2,"distance_soccer_ball_camera =2.8000m
distance_near_person_camera = 2.002m
distance_far_person_camera = 3.130m"
captured_0018s,lab,A3MS,24,DS,What is the distance between the box and the pineapple toy in cm at 3.0s?,Gravity acc = 9.8m/s^2,"distance_soccer_ball_camera =2.8000m
distance_near_person_camera = 2.002m
distance_far_person_camera = 3.130m"
captured_0018s,lab,A3MS,24,DS,What is the distance between the box and the tennis ball in cm at 3.0s?,Gravity acc = 9.8m/s^2,"distance_soccer_ball_camera =2.8000m
distance_near_person_camera = 2.002m
distance_far_person_camera = 3.130m"
captured_0018s,lab,A3MS,24,DS,What is the distance between the tennis ball and the soccer ball in cm at 3.0s?,Gravity acc = 9.8m/s^2,"distance_soccer_ball_camera =2.8000m
distance_near_person_camera = 2.002m
distance_far_person_camera = 3.130m"
captured_0018s,lab,A3MS,24,DS,What is the distance between the pineapple toy and the soccer ball in cm at 3.0s?,Gravity acc = 9.8m/s^2,"distance_soccer_ball_camera =2.8000m
distance_near_person_camera = 2.002m
distance_far_person_camera = 3.130m"
captured_0018s,lab,A3MS,24,DS,What is the distance between the pineapple toy and the tennis ball in cm at 3.0s?,Gravity acc = 9.8m/s^2,"distance_soccer_ball_camera =2.8000m
distance_near_person_camera = 2.002m
distance_far_person_camera = 3.130m"
captured_0018x,lab,A3MX,24,DS,What is the height of the left person in cm?,Gravity acc = 9.8m/s^2,"distance_soccer_ball_camera =2.8000m
distance_near_person_camera = 2.002m
distance_far_person_camera = 3.130m"
captured_0018x,lab,A3MX,24,DS,What is the height of the right person in cm?,Gravity acc = 9.8m/s^2,"distance_soccer_ball_camera =2.8000m
distance_near_person_camera = 2.002m
distance_far_person_camera = 3.130m"
captured_0018x,lab,A3MX,24,DS,What is the distance between the two people in cm?,Gravity acc = 9.8m/s^2,"distance_soccer_ball_camera =2.8000m
distance_near_person_camera = 2.002m
distance_far_person_camera = 3.130m"
captured_0018x,lab,A3MX,24,DS,What is the length of the box in cm?,Gravity acc = 9.8m/s^2,"distance_soccer_ball_camera =2.8000m
distance_near_person_camera = 2.002m
distance_far_person_camera = 3.130m"
captured_0018x,lab,A3MX,24,DS,What is the width of the box in cm?,Gravity acc = 9.8m/s^2,"distance_soccer_ball_camera =2.8000m
distance_near_person_camera = 2.002m
distance_far_person_camera = 3.130m"
captured_0018x,lab,A3MX,24,DS,What is the diameter of the soccer ball in cm?,Gravity acc = 9.8m/s^2,"distance_soccer_ball_camera =2.8000m
distance_near_person_camera = 2.002m
distance_far_person_camera = 3.130m"
captured_0018x,lab,A3MX,24,DS,What is the diameter of the tennis ball in cm?,Gravity acc = 9.8m/s^2,"distance_soccer_ball_camera =2.8000m
distance_near_person_camera = 2.002m
distance_far_person_camera = 3.130m"
captured_0018x,lab,A3MX,24,DS,What is the height of the yellow toy in cm?,Gravity acc = 9.8m/s^2,"distance_soccer_ball_camera =2.8000m
distance_near_person_camera = 2.002m
distance_far_person_camera = 3.130m"
captured_0018x,lab,A3MX,24,DS,What is the shoe length of the left person in cm?,Gravity acc = 9.8m/s^2,"distance_soccer_ball_camera =2.8000m
distance_near_person_camera = 2.002m
distance_far_person_camera = 3.130m"
captured_0018x,lab,A3MX,24,DD,What is the velocity of the box at 3.4s in cm/s?,Gravity acc = 9.8m/s^2,"distance_soccer_ball_camera =2.8000m
distance_near_person_camera = 2.002m
distance_far_person_camera = 3.130m"
captured_0018x,lab,A3MX,24,DD,What is the velocity of the soccer ball at 3.4s in cm/s?,Gravity acc = 9.8m/s^2,"distance_soccer_ball_camera =2.8000m
distance_near_person_camera = 2.002m
distance_far_person_camera = 3.130m"
captured_0018x,lab,A3MX,24,DD,What is the velocity of the tennis ball at 3.4s in cm/s?,Gravity acc = 9.8m/s^2,"distance_soccer_ball_camera =2.8000m
distance_near_person_camera = 2.002m
distance_far_person_camera = 3.130m"
captured_0018x,lab,A3MX,24,DD,What is the velocity of the pineapple toy at 3.4s in cm/s?,Gravity acc = 9.8m/s^2,"distance_soccer_ball_camera =2.8000m
distance_near_person_camera = 2.002m
distance_far_person_camera = 3.130m"
captured_0018x,lab,A3MX,24,DS,What is the distance between the box and the soccer ball in cm at 3.0s?,Gravity acc = 9.8m/s^2,"distance_soccer_ball_camera =2.8000m
distance_near_person_camera = 2.002m
distance_far_person_camera = 3.130m"
captured_0018x,lab,A3MX,24,DS,What is the distance between the box and the pineapple toy in cm at 3.0s?,Gravity acc = 9.8m/s^2,"distance_soccer_ball_camera =2.8000m
distance_near_person_camera = 2.002m
distance_far_person_camera = 3.130m"
captured_0018x,lab,A3MX,24,DS,What is the distance between the box and the tennis ball in cm at 3.0s?,Gravity acc = 9.8m/s^2,"distance_soccer_ball_camera =2.8000m
distance_near_person_camera = 2.002m
distance_far_person_camera = 3.130m"
captured_0018x,lab,A3MX,24,DS,What is the distance between the tennis ball and the soccer ball in cm at 3.0s?,Gravity acc = 9.8m/s^2,"distance_soccer_ball_camera =2.8000m
distance_near_person_camera = 2.002m
distance_far_person_camera = 3.130m"
captured_0018x,lab,A3MX,24,DS,What is the distance between the pineapple toy and the soccer ball in cm at 3.0s?,Gravity acc = 9.8m/s^2,"distance_soccer_ball_camera =2.8000m
distance_near_person_camera = 2.002m
distance_far_person_camera = 3.130m"
captured_0018x,lab,A3MX,24,DS,What is the distance between the pineapple toy and the tennis ball in cm at 3.0s?,Gravity acc = 9.8m/s^2,"distance_soccer_ball_camera =2.8000m
distance_near_person_camera = 2.002m
distance_far_person_camera = 3.130m"
captured_0020,lab,A3MC,24,DS,What is the height of the yellow toy in cm?,Gravity acc = 9.8m/s^2,"t=0.60s, distance_jar_camera =1.9735m
t=0.60s, distance_carrot_camera = 2.6300m
distance_near_person_camera = 1.5800m
distance_far_person_camera = 3.2370m"
captured_0020,lab,A3MC,24,DS,What is the height of the white jar in cm?,Gravity acc = 9.8m/s^2,"t=0.60s, distance_jar_camera =1.9735m
t=0.60s, distance_carrot_camera = 2.6300m
distance_near_person_camera = 1.5800m
distance_far_person_camera = 3.2370m"
captured_0020,lab,A3MC,24,DS,What is the diameter of the white jar in cm?,Gravity acc = 9.8m/s^2,"t=0.60s, distance_jar_camera =1.9735m
t=0.60s, distance_carrot_camera = 2.6300m
distance_near_person_camera = 1.5800m
distance_far_person_camera = 3.2370m"
captured_0020,lab,A3MC,24,DS,What is the distance between two people in cm?,Gravity acc = 9.8m/s^2,"t=0.60s, distance_jar_camera =1.9735m
t=0.60s, distance_carrot_camera = 2.6300m
distance_near_person_camera = 1.5800m
distance_far_person_camera = 3.2370m"
captured_0020,lab,A3MC,24,DD,What is the velocity of the yellow toy at 0.60s in cm/s?,Gravity acc = 9.8m/s^2,"t=0.60s, distance_jar_camera =1.9735m
t=0.60s, distance_carrot_camera = 2.6300m
distance_near_person_camera = 1.5800m
distance_far_person_camera = 3.2370m"
captured_0020,lab,A3MC,24,DD,What is the velocity of the white jar at 0.60s in cm/s?,Gravity acc = 9.8m/s^2,"t=0.60s, distance_jar_camera =1.9735m
t=0.60s, distance_carrot_camera = 2.6300m
distance_near_person_camera = 1.5800m
distance_far_person_camera = 3.2370m"
captured_0020,lab,A3MC,24,DS,What is the displacement of the yellow toy from 0.60s to 0.80s in cm?,Gravity acc = 9.8m/s^2,"t=0.60s, distance_jar_camera =1.9735m
t=0.60s, distance_carrot_camera = 2.6300m
distance_near_person_camera = 1.5800m
distance_far_person_camera = 3.2370m"
captured_0020,lab,A3MC,24,DS,What is the displacement of the white jar from 0.60s to 0.80s in cm?,Gravity acc = 9.8m/s^2,"t=0.60s, distance_jar_camera =1.9735m
t=0.60s, distance_carrot_camera = 2.6300m
distance_near_person_camera = 1.5800m
distance_far_person_camera = 3.2370m"
captured_0020s,lab,A3MS,24,DS,What is the height of the yellow toy in cm?,Gravity acc = 9.8m/s^2,"t=0.60s, distance_jar_camera =1.9735m
t=0.60s, distance_carrot_camera = 2.6300m
distance_near_person_camera = 1.5800m
distance_far_person_camera = 3.2370m"
captured_0020s,lab,A3MS,24,DS,What is the height of the white jar in cm?,Gravity acc = 9.8m/s^2,"t=0.60s, distance_jar_camera =1.9735m
t=0.60s, distance_carrot_camera = 2.6300m
distance_near_person_camera = 1.5800m
distance_far_person_camera = 3.2370m"
captured_0020s,lab,A3MS,24,DS,What is the diameter of the white jar in cm?,Gravity acc = 9.8m/s^2,"t=0.60s, distance_jar_camera =1.9735m
t=0.60s, distance_carrot_camera = 2.6300m
distance_near_person_camera = 1.5800m
distance_far_person_camera = 3.2370m"
captured_0020s,lab,A3MS,24,DS,What is the distance between two people in cm?,Gravity acc = 9.8m/s^2,"t=0.60s, distance_jar_camera =1.9735m
t=0.60s, distance_carrot_camera = 2.6300m
distance_near_person_camera = 1.5800m
distance_far_person_camera = 3.2370m"
captured_0020s,lab,A3MS,24,DD,What is the velocity of the yellow toy at 0.60s in cm/s?,Gravity acc = 9.8m/s^2,"t=0.60s, distance_jar_camera =1.9735m
t=0.60s, distance_carrot_camera = 2.6300m
distance_near_person_camera = 1.5800m
distance_far_person_camera = 3.2370m"
captured_0020s,lab,A3MS,24,DD,What is the velocity of the white jar at 0.60s in cm/s?,Gravity acc = 9.8m/s^2,"t=0.60s, distance_jar_camera =1.9735m
t=0.60s, distance_carrot_camera = 2.6300m
distance_near_person_camera = 1.5800m
distance_far_person_camera = 3.2370m"
captured_0020s,lab,A3MS,24,DS,What is the displacement of the yellow toy from 0.60s to 0.80s in cm?,Gravity acc = 9.8m/s^2,"t=0.60s, distance_jar_camera =1.9735m
t=0.60s, distance_carrot_camera = 2.6300m
distance_near_person_camera = 1.5800m
distance_far_person_camera = 3.2370m"
captured_0020s,lab,A3MS,24,DS,What is the displacement of the white jar from 0.60s to 0.80s in cm?,Gravity acc = 9.8m/s^2,"t=0.60s, distance_jar_camera =1.9735m
t=0.60s, distance_carrot_camera = 2.6300m
distance_near_person_camera = 1.5800m
distance_far_person_camera = 3.2370m"
captured_0020x,lab,A3MX,24,DS,What is the height of the yellow toy in cm?,Gravity acc = 9.8m/s^2,"t=0.60s, distance_jar_camera =1.9735m
t=0.60s, distance_carrot_camera = 2.6300m
distance_near_person_camera = 1.5800m
distance_far_person_camera = 3.2370m"
captured_0020x,lab,A3MX,24,DS,What is the height of the white jar in cm?,Gravity acc = 9.8m/s^2,"t=0.60s, distance_jar_camera =1.9735m
t=0.60s, distance_carrot_camera = 2.6300m
distance_near_person_camera = 1.5800m
distance_far_person_camera = 3.2370m"
captured_0020x,lab,A3MX,24,DS,What is the diameter of the white jar in cm?,Gravity acc = 9.8m/s^2,"t=0.60s, distance_jar_camera =1.9735m
t=0.60s, distance_carrot_camera = 2.6300m
distance_near_person_camera = 1.5800m
distance_far_person_camera = 3.2370m"
captured_0020x,lab,A3MX,24,DS,What is the distance between two people in cm?,Gravity acc = 9.8m/s^2,"t=0.60s, distance_jar_camera =1.9735m
t=0.60s, distance_carrot_camera = 2.6300m
distance_near_person_camera = 1.5800m
distance_far_person_camera = 3.2370m"
captured_0020x,lab,A3MX,24,DD,What is the velocity of the yellow toy at 0.60s in cm/s?,Gravity acc = 9.8m/s^2,"t=0.60s, distance_jar_camera =1.9735m
t=0.60s, distance_carrot_camera = 2.6300m
distance_near_person_camera = 1.5800m
distance_far_person_camera = 3.2370m"
captured_0020x,lab,A3MX,24,DD,What is the velocity of the white jar at 0.60s in cm/s?,Gravity acc = 9.8m/s^2,"t=0.60s, distance_jar_camera =1.9735m
t=0.60s, distance_carrot_camera = 2.6300m
distance_near_person_camera = 1.5800m
distance_far_person_camera = 3.2370m"
captured_0020x,lab,A3MX,24,DS,What is the displacement of the yellow toy from 0.60s to 0.80s in cm?,Gravity acc = 9.8m/s^2,"t=0.60s, distance_jar_camera =1.9735m
t=0.60s, distance_carrot_camera = 2.6300m
distance_near_person_camera = 1.5800m
distance_far_person_camera = 3.2370m"
captured_0020x,lab,A3MX,24,DS,What is the displacement of the white jar from 0.60s to 0.80s in cm?,Gravity acc = 9.8m/s^2,"t=0.60s, distance_jar_camera =1.9735m
t=0.60s, distance_carrot_camera = 2.6300m
distance_near_person_camera = 1.5800m
distance_far_person_camera = 3.2370m"
captured_0021,lab,S3SC,24,SD,What is the velocity of the ping pong ball at 1.2s in cm/s?,diameter of the ping pong ball = 40mm,"t=1.0s, distance_pingpong_camera=1.511m
t=1.4s, distance_pingpong_camera=1.03m"
captured_0021,lab,S3SC,24,SD,What is the velocity of the ping pong ball at 1.4s in cm/s?,diameter of the ping pong ball = 40mm,"t=1.0s, distance_pingpong_camera=1.511m
t=1.4s, distance_pingpong_camera=1.03m"
captured_0021,lab,S3SC,24,SS,What is the displacement of the ping pong ball between 1.0s and 1.4s in cm?,diameter of the ping pong ball = 40mm,"t=1.0s, distance_pingpong_camera=1.511m
t=1.4s, distance_pingpong_camera=1.03m"
captured_0021,lab,S3SC,24,SS,What is the width of the table in cm?,diameter of the ping pong ball = 40mm,"t=1.0s, distance_pingpong_camera=1.511m
t=1.4s, distance_pingpong_camera=1.03m"
captured_0021,lab,S3SC,24,SS,What is the length of the table in cm?,diameter of the ping pong ball = 40mm,"t=1.0s, distance_pingpong_camera=1.511m
t=1.4s, distance_pingpong_camera=1.03m"
captured_0021s,lab,S3SS,24,SD,What is the velocity of the ping pong ball at 1.2s in cm/s?,diameter of the ping pong ball = 40mm,"t=1.0s, distance_pingpong_camera=1.511m
t=1.4s, distance_pingpong_camera=1.03m"
captured_0021s,lab,S3SS,24,SD,What is the velocity of the ping pong ball at 1.4s in cm/s?,diameter of the ping pong ball = 40mm,"t=1.0s, distance_pingpong_camera=1.511m
t=1.4s, distance_pingpong_camera=1.03m"
captured_0021s,lab,S3SS,24,SS,What is the displacement of the ping pong ball between 1.0s and 1.4s in cm?,diameter of the ping pong ball = 40mm,"t=1.0s, distance_pingpong_camera=1.511m
t=1.4s, distance_pingpong_camera=1.03m"
captured_0021s,lab,S3SS,24,SS,What is the width of the table in cm?,diameter of the ping pong ball = 40mm,"t=1.0s, distance_pingpong_camera=1.511m
t=1.4s, distance_pingpong_camera=1.03m"
captured_0021s,lab,S3SS,24,SS,What is the length of the table in cm?,diameter of the ping pong ball = 40mm,"t=1.0s, distance_pingpong_camera=1.511m
t=1.4s, distance_pingpong_camera=1.03m"
captured_0021x,lab,S3SX,24,SD,What is the velocity of the ping pong ball at 1.2s in cm/s?,diameter of the ping pong ball = 40mm,"t=1.0s, distance_pingpong_camera=1.511m
t=1.4s, distance_pingpong_camera=1.03m"
captured_0021x,lab,S3SX,24,SD,What is the velocity of the ping pong ball at 1.4s in cm/s?,diameter of the ping pong ball = 40mm,"t=1.0s, distance_pingpong_camera=1.511m
t=1.4s, distance_pingpong_camera=1.03m"
captured_0021x,lab,S3SX,24,SS,What is the displacement of the ping pong ball between 1.0s and 1.4s in cm?,diameter of the ping pong ball = 40mm,"t=1.0s, distance_pingpong_camera=1.511m
t=1.4s, distance_pingpong_camera=1.03m"
captured_0021x,lab,S3SX,24,SS,What is the width of the table in cm?,diameter of the ping pong ball = 40mm,"t=1.0s, distance_pingpong_camera=1.511m
t=1.4s, distance_pingpong_camera=1.03m"
captured_0021x,lab,S3SX,24,SS,What is the length of the table in cm?,diameter of the ping pong ball = 40mm,"t=1.0s, distance_pingpong_camera=1.511m
t=1.4s, distance_pingpong_camera=1.03m"
captured_0022,lab,S3SC,24,SD,What is the velocity of the ping pong ball at 0.8s in cm/s?,diameter of the ping pong ball = 40mm,"t=0.6s, distance_pingpong_camera=1.751m
t=0.8s, distance_pingpong_camera=1.687m
t=1.2s, distance_pingpong_camera=1.526m"
captured_0022,lab,S3SC,24,SD,What is the velocity of the ping pong ball at 1.2s in cm/s?,diameter of the ping pong ball = 40mm,"t=0.6s, distance_pingpong_camera=1.751m
t=0.8s, distance_pingpong_camera=1.687m
t=1.2s, distance_pingpong_camera=1.526m"
captured_0022,lab,S3SC,24,SD,What is the acceleration of the ping pong ball at 1.2s in cm/s^2?,diameter of the ping pong ball = 40mm,"t=0.6s, distance_pingpong_camera=1.751m
t=0.8s, distance_pingpong_camera=1.687m
t=1.2s, distance_pingpong_camera=1.526m"
captured_0022,lab,S3SC,24,SS,What is the displacement of the ping pong ball between 0.6s and 1.6s in cm?,diameter of the ping pong ball = 40mm,"t=0.6s, distance_pingpong_camera=1.751m
t=0.8s, distance_pingpong_camera=1.687m
t=1.2s, distance_pingpong_camera=1.526m"
captured_0022,lab,S3SC,24,SS,What is the width of the table in cm?,diameter of the ping pong ball = 40mm,"t=0.6s, distance_pingpong_camera=1.751m
t=0.8s, distance_pingpong_camera=1.687m
t=1.2s, distance_pingpong_camera=1.526m"
captured_0022,lab,S3SC,24,SS,What is the length of the table in cm?,diameter of the ping pong ball = 40mm,"t=0.6s, distance_pingpong_camera=1.751m
t=0.8s, distance_pingpong_camera=1.687m
t=1.2s, distance_pingpong_camera=1.526m"
captured_0022s,lab,S3SS,24,SD,What is the velocity of the ping pong ball at 0.8s in cm/s?,diameter of the ping pong ball = 40mm,"t=0.6s, distance_pingpong_camera=1.751m
t=0.8s, distance_pingpong_camera=1.687m
t=1.2s, distance_pingpong_camera=1.526m"
captured_0022s,lab,S3SS,24,SD,What is the velocity of the ping pong ball at 1.2s in cm/s?,diameter of the ping pong ball = 40mm,"t=0.6s, distance_pingpong_camera=1.751m
t=0.8s, distance_pingpong_camera=1.687m
t=1.2s, distance_pingpong_camera=1.526m"
captured_0022s,lab,S3SS,24,SD,What is the acceleration of the ping pong ball at 1.2s in cm/s^2?,diameter of the ping pong ball = 40mm,"t=0.6s, distance_pingpong_camera=1.751m
t=0.8s, distance_pingpong_camera=1.687m
t=1.2s, distance_pingpong_camera=1.526m"
captured_0022s,lab,S3SS,24,SS,What is the displacement of the ping pong ball between 0.6s and 1.6s in cm?,diameter of the ping pong ball = 40mm,"t=0.6s, distance_pingpong_camera=1.751m
t=0.8s, distance_pingpong_camera=1.687m
t=1.2s, distance_pingpong_camera=1.526m"
captured_0022s,lab,S3SS,24,SS,What is the width of the table in cm?,diameter of the ping pong ball = 40mm,"t=0.6s, distance_pingpong_camera=1.751m
t=0.8s, distance_pingpong_camera=1.687m
t=1.2s, distance_pingpong_camera=1.526m"
captured_0022s,lab,S3SS,24,SS,What is the length of the table in cm?,diameter of the ping pong ball = 40mm,"t=0.6s, distance_pingpong_camera=1.751m
t=0.8s, distance_pingpong_camera=1.687m
t=1.2s, distance_pingpong_camera=1.526m"
captured_0022x,lab,S3SX,24,SD,What is the velocity of the ping pong ball at 0.8s in cm/s?,diameter of the ping pong ball = 40mm,"t=0.6s, distance_pingpong_camera=1.751m
t=0.8s, distance_pingpong_camera=1.687m
t=1.2s, distance_pingpong_camera=1.526m"
captured_0022x,lab,S3SX,24,SD,What is the velocity of the ping pong ball at 1.2s in cm/s?,diameter of the ping pong ball = 40mm,"t=0.6s, distance_pingpong_camera=1.751m
t=0.8s, distance_pingpong_camera=1.687m
t=1.2s, distance_pingpong_camera=1.526m"
captured_0022x,lab,S3SX,24,SD,What is the acceleration of the ping pong ball at 1.2s in cm/s^2?,diameter of the ping pong ball = 40mm,"t=0.6s, distance_pingpong_camera=1.751m
t=0.8s, distance_pingpong_camera=1.687m
t=1.2s, distance_pingpong_camera=1.526m"
captured_0022x,lab,S3SX,24,SS,What is the displacement of the ping pong ball between 0.6s and 1.6s in cm?,diameter of the ping pong ball = 40mm,"t=0.6s, distance_pingpong_camera=1.751m
t=0.8s, distance_pingpong_camera=1.687m
t=1.2s, distance_pingpong_camera=1.526m"
captured_0022x,lab,S3SX,24,SS,What is the width of the table in cm?,diameter of the ping pong ball = 40mm,"t=0.6s, distance_pingpong_camera=1.751m
t=0.8s, distance_pingpong_camera=1.687m
t=1.2s, distance_pingpong_camera=1.526m"
captured_0022x,lab,S3SX,24,SS,What is the length of the table in cm?,diameter of the ping pong ball = 40mm,"t=0.6s, distance_pingpong_camera=1.751m
t=0.8s, distance_pingpong_camera=1.687m
t=1.2s, distance_pingpong_camera=1.526m"
captured_0023,lab,A3SC,24,DD,What is the velocity of the book at 1.2s in cm/s?,"t=1.4, book acceleration = 2.8m/s^2","distance_table_left_camera=0.7040m
distance_table_right_camera=0.7250m
distance_slope_far_camera=1.2010m
distance_slope_near_camera=0.9555m
t=1.2s, distance_book_camera=1.02m
t=1.4s, distance_book_camera=0.8570m
t=1.6s, distance_book_camera=0.8510m"
captured_0023,lab,A3SC,24,DD,What is the velocity of the book at 1.4s in cm/s?,"t=1.4, book acceleration = 2.8m/s^2","distance_table_left_camera=0.7040m
distance_table_right_camera=0.7250m
distance_slope_far_camera=1.2010m
distance_slope_near_camera=0.9555m
t=1.2s, distance_book_camera=1.02m
t=1.4s, distance_book_camera=0.8570m
t=1.6s, distance_book_camera=0.8510m"
captured_0023,lab,A3SC,24,DS,What is the length of the book in cm?,"t=1.4, book acceleration = 2.8m/s^2","distance_table_left_camera=0.7040m
distance_table_right_camera=0.7250m
distance_slope_far_camera=1.2010m
distance_slope_near_camera=0.9555m
t=1.2s, distance_book_camera=1.02m
t=1.4s, distance_book_camera=0.8570m
t=1.6s, distance_book_camera=0.8510m"
captured_0023,lab,A3SC,24,DS,What is the width of the book in cm?,"t=1.4, book acceleration = 2.8m/s^2","distance_table_left_camera=0.7040m
distance_table_right_camera=0.7250m
distance_slope_far_camera=1.2010m
distance_slope_near_camera=0.9555m
t=1.2s, distance_book_camera=1.02m
t=1.4s, distance_book_camera=0.8570m
t=1.6s, distance_book_camera=0.8510m"
captured_0023,lab,A3SC,24,DS,What is the height of the book in cm?,"t=1.4, book acceleration = 2.8m/s^2","distance_table_left_camera=0.7040m
distance_table_right_camera=0.7250m
distance_slope_far_camera=1.2010m
distance_slope_near_camera=0.9555m
t=1.2s, distance_book_camera=1.02m
t=1.4s, distance_book_camera=0.8570m
t=1.6s, distance_book_camera=0.8510m"
captured_0023,lab,A3SC,24,DS,What is the length of the slope in cm?,"t=1.4, book acceleration = 2.8m/s^2","distance_table_left_camera=0.7040m
distance_table_right_camera=0.7250m
distance_slope_far_camera=1.2010m
distance_slope_near_camera=0.9555m
t=1.2s, distance_book_camera=1.02m
t=1.4s, distance_book_camera=0.8570m
t=1.6s, distance_book_camera=0.8510m"
captured_0023,lab,A3SC,24,DS,What is the width of the slope in cm?,"t=1.4, book acceleration = 2.8m/s^2","distance_table_left_camera=0.7040m
distance_table_right_camera=0.7250m
distance_slope_far_camera=1.2010m
distance_slope_near_camera=0.9555m
t=1.2s, distance_book_camera=1.02m
t=1.4s, distance_book_camera=0.8570m
t=1.6s, distance_book_camera=0.8510m"
captured_0023,lab,A3SC,24,DS,What is the width of the table in cm?,"t=1.4, book acceleration = 2.8m/s^2","distance_table_left_camera=0.7040m
distance_table_right_camera=0.7250m
distance_slope_far_camera=1.2010m
distance_slope_near_camera=0.9555m
t=1.2s, distance_book_camera=1.02m
t=1.4s, distance_book_camera=0.8570m
t=1.6s, distance_book_camera=0.8510m"
captured_0023,lab,A3SC,24,DS,What is the displacement of the book between 1.0s and 1.6s in cm?,"t=1.4, book acceleration = 2.8m/s^2","distance_table_left_camera=0.7040m
distance_table_right_camera=0.7250m
distance_slope_far_camera=1.2010m
distance_slope_near_camera=0.9555m
t=1.2s, distance_book_camera=1.02m
t=1.4s, distance_book_camera=0.8570m
t=1.6s, distance_book_camera=0.8510m"
captured_0023s,lab,A3SS,24,DD,What is the velocity of the book at 1.2s in cm/s?,"t=1.4, book acceleration = 2.8m/s^2","distance_table_left_camera=0.7040m
distance_table_right_camera=0.7250m
distance_slope_far_camera=1.2010m
distance_slope_near_camera=0.9555m
t=1.2s, distance_book_camera=1.02m
t=1.4s, distance_book_camera=0.8570m
t=1.6s, distance_book_camera=0.8510m"
captured_0023s,lab,A3SS,24,DD,What is the velocity of the book at 1.4s in cm/s?,"t=1.4, book acceleration = 2.8m/s^2","distance_table_left_camera=0.7040m
distance_table_right_camera=0.7250m
distance_slope_far_camera=1.2010m
distance_slope_near_camera=0.9555m
t=1.2s, distance_book_camera=1.02m
t=1.4s, distance_book_camera=0.8570m
t=1.6s, distance_book_camera=0.8510m"
captured_0023s,lab,A3SS,24,DS,What is the length of the book in cm?,"t=1.4, book acceleration = 2.8m/s^2","distance_table_left_camera=0.7040m
distance_table_right_camera=0.7250m
distance_slope_far_camera=1.2010m
distance_slope_near_camera=0.9555m
t=1.2s, distance_book_camera=1.02m
t=1.4s, distance_book_camera=0.8570m
t=1.6s, distance_book_camera=0.8510m"
captured_0023s,lab,A3SS,24,DS,What is the width of the book in cm?,"t=1.4, book acceleration = 2.8m/s^2","distance_table_left_camera=0.7040m
distance_table_right_camera=0.7250m
distance_slope_far_camera=1.2010m
distance_slope_near_camera=0.9555m
t=1.2s, distance_book_camera=1.02m
t=1.4s, distance_book_camera=0.8570m
t=1.6s, distance_book_camera=0.8510m"
captured_0023s,lab,A3SS,24,DS,What is the height of the book in cm?,"t=1.4, book acceleration = 2.8m/s^2","distance_table_left_camera=0.7040m
distance_table_right_camera=0.7250m
distance_slope_far_camera=1.2010m
distance_slope_near_camera=0.9555m
t=1.2s, distance_book_camera=1.02m
t=1.4s, distance_book_camera=0.8570m
t=1.6s, distance_book_camera=0.8510m"
captured_0023s,lab,A3SS,24,DS,What is the length of the slope in cm?,"t=1.4, book acceleration = 2.8m/s^2","distance_table_left_camera=0.7040m
distance_table_right_camera=0.7250m
distance_slope_far_camera=1.2010m
distance_slope_near_camera=0.9555m
t=1.2s, distance_book_camera=1.02m
t=1.4s, distance_book_camera=0.8570m
t=1.6s, distance_book_camera=0.8510m"
captured_0023s,lab,A3SS,24,DS,What is the width of the slope in cm?,"t=1.4, book acceleration = 2.8m/s^2","distance_table_left_camera=0.7040m
distance_table_right_camera=0.7250m
distance_slope_far_camera=1.2010m
distance_slope_near_camera=0.9555m
t=1.2s, distance_book_camera=1.02m
t=1.4s, distance_book_camera=0.8570m
t=1.6s, distance_book_camera=0.8510m"
captured_0023s,lab,A3SS,24,DS,What is the width of the table in cm?,"t=1.4, book acceleration = 2.8m/s^2","distance_table_left_camera=0.7040m
distance_table_right_camera=0.7250m
distance_slope_far_camera=1.2010m
distance_slope_near_camera=0.9555m
t=1.2s, distance_book_camera=1.02m
t=1.4s, distance_book_camera=0.8570m
t=1.6s, distance_book_camera=0.8510m"
captured_0023s,lab,A3SS,24,DS,What is the displacement of the book between 1.0s and 1.6s in cm?,"t=1.4, book acceleration = 2.8m/s^2","distance_table_left_camera=0.7040m
distance_table_right_camera=0.7250m
distance_slope_far_camera=1.2010m
distance_slope_near_camera=0.9555m
t=1.2s, distance_book_camera=1.02m
t=1.4s, distance_book_camera=0.8570m
t=1.6s, distance_book_camera=0.8510m"
captured_0023x,lab,A3SX,24,DD,What is the velocity of the book at 1.2s in cm/s?,"t=1.4, book acceleration = 2.8m/s^2","distance_table_left_camera=0.7040m
distance_table_right_camera=0.7250m
distance_slope_far_camera=1.2010m
distance_slope_near_camera=0.9555m
t=1.2s, distance_book_camera=1.02m
t=1.4s, distance_book_camera=0.8570m
t=1.6s, distance_book_camera=0.8510m"
captured_0023x,lab,A3SX,24,DD,What is the velocity of the book at 1.4s in cm/s?,"t=1.4, book acceleration = 2.8m/s^2","distance_table_left_camera=0.7040m
distance_table_right_camera=0.7250m
distance_slope_far_camera=1.2010m
distance_slope_near_camera=0.9555m
t=1.2s, distance_book_camera=1.02m
t=1.4s, distance_book_camera=0.8570m
t=1.6s, distance_book_camera=0.8510m"
captured_0023x,lab,A3SX,24,DS,What is the length of the book in cm?,"t=1.4, book acceleration = 2.8m/s^2","distance_table_left_camera=0.7040m
distance_table_right_camera=0.7250m
distance_slope_far_camera=1.2010m
distance_slope_near_camera=0.9555m
t=1.2s, distance_book_camera=1.02m
t=1.4s, distance_book_camera=0.8570m
t=1.6s, distance_book_camera=0.8510m"
captured_0023x,lab,A3SX,24,DS,What is the width of the book in cm?,"t=1.4, book acceleration = 2.8m/s^2","distance_table_left_camera=0.7040m
distance_table_right_camera=0.7250m
distance_slope_far_camera=1.2010m
distance_slope_near_camera=0.9555m
t=1.2s, distance_book_camera=1.02m
t=1.4s, distance_book_camera=0.8570m
t=1.6s, distance_book_camera=0.8510m"
captured_0023x,lab,A3SX,24,DS,What is the height of the book in cm?,"t=1.4, book acceleration = 2.8m/s^2","distance_table_left_camera=0.7040m
distance_table_right_camera=0.7250m
distance_slope_far_camera=1.2010m
distance_slope_near_camera=0.9555m
t=1.2s, distance_book_camera=1.02m
t=1.4s, distance_book_camera=0.8570m
t=1.6s, distance_book_camera=0.8510m"
captured_0023x,lab,A3SX,24,DS,What is the length of the slope in cm?,"t=1.4, book acceleration = 2.8m/s^2","distance_table_left_camera=0.7040m
distance_table_right_camera=0.7250m
distance_slope_far_camera=1.2010m
distance_slope_near_camera=0.9555m
t=1.2s, distance_book_camera=1.02m
t=1.4s, distance_book_camera=0.8570m
t=1.6s, distance_book_camera=0.8510m"
captured_0023x,lab,A3SX,24,DS,What is the width of the slope in cm?,"t=1.4, book acceleration = 2.8m/s^2","distance_table_left_camera=0.7040m
distance_table_right_camera=0.7250m
distance_slope_far_camera=1.2010m
distance_slope_near_camera=0.9555m
t=1.2s, distance_book_camera=1.02m
t=1.4s, distance_book_camera=0.8570m
t=1.6s, distance_book_camera=0.8510m"
captured_0023x,lab,A3SX,24,DS,What is the width of the table in cm?,"t=1.4, book acceleration = 2.8m/s^2","distance_table_left_camera=0.7040m
distance_table_right_camera=0.7250m
distance_slope_far_camera=1.2010m
distance_slope_near_camera=0.9555m
t=1.2s, distance_book_camera=1.02m
t=1.4s, distance_book_camera=0.8570m
t=1.6s, distance_book_camera=0.8510m"
captured_0023x,lab,A3SX,24,DS,What is the displacement of the book between 1.0s and 1.6s in cm?,"t=1.4, book acceleration = 2.8m/s^2","distance_table_left_camera=0.7040m
distance_table_right_camera=0.7250m
distance_slope_far_camera=1.2010m
distance_slope_near_camera=0.9555m
t=1.2s, distance_book_camera=1.02m
t=1.4s, distance_book_camera=0.8570m
t=1.6s, distance_book_camera=0.8510m"
captured_0024,lab,A3SC,24,DD,What is the velocity of the book at 1.0s in cm/s?,"t=1.0, book acceleration = 2.8m/s^2","t=1.0s, distance_book_camera=1.0685m
t=1.2s, distance_book_camera=0.9770m
distance_table_left_camera=1.035m
distance_table_right_camera=0.5730m
distance_slope_far_camera=1.2430m
distance_slope_near_camera=0.9900m"
captured_0024,lab,A3SC,24,DD,What is the velocity of the book at 1.2s in cm/s?,"t=1.0, book acceleration = 2.8m/s^2","t=1.0s, distance_book_camera=1.0685m
t=1.2s, distance_book_camera=0.9770m
distance_table_left_camera=1.035m
distance_table_right_camera=0.5730m
distance_slope_far_camera=1.2430m
distance_slope_near_camera=0.9900m"
captured_0024,lab,A3SC,24,DS,What is the length of the book in cm?,"t=1.0, book acceleration = 2.8m/s^2","t=1.0s, distance_book_camera=1.0685m
t=1.2s, distance_book_camera=0.9770m
distance_table_left_camera=1.035m
distance_table_right_camera=0.5730m
distance_slope_far_camera=1.2430m
distance_slope_near_camera=0.9900m"
captured_0024,lab,A3SC,24,DS,What is the width of the book in cm?,"t=1.0, book acceleration = 2.8m/s^2","t=1.0s, distance_book_camera=1.0685m
t=1.2s, distance_book_camera=0.9770m
distance_table_left_camera=1.035m
distance_table_right_camera=0.5730m
distance_slope_far_camera=1.2430m
distance_slope_near_camera=0.9900m"
captured_0024,lab,A3SC,24,DS,What is the height of the book in cm?,"t=1.0, book acceleration = 2.8m/s^2","t=1.0s, distance_book_camera=1.0685m
t=1.2s, distance_book_camera=0.9770m
distance_table_left_camera=1.035m
distance_table_right_camera=0.5730m
distance_slope_far_camera=1.2430m
distance_slope_near_camera=0.9900m"
captured_0024,lab,A3SC,24,DS,What is the length of the slope in cm?,"t=1.0, book acceleration = 2.8m/s^2","t=1.0s, distance_book_camera=1.0685m
t=1.2s, distance_book_camera=0.9770m
distance_table_left_camera=1.035m
distance_table_right_camera=0.5730m
distance_slope_far_camera=1.2430m
distance_slope_near_camera=0.9900m"
captured_0024,lab,A3SC,24,DS,What is the width of the slope in cm?,"t=1.0, book acceleration = 2.8m/s^2","t=1.0s, distance_book_camera=1.0685m
t=1.2s, distance_book_camera=0.9770m
distance_table_left_camera=1.035m
distance_table_right_camera=0.5730m
distance_slope_far_camera=1.2430m
distance_slope_near_camera=0.9900m"
captured_0024,lab,A3SC,24,DS,What is the length of the table in cm?,"t=1.0, book acceleration = 2.8m/s^2","t=1.0s, distance_book_camera=1.0685m
t=1.2s, distance_book_camera=0.9770m
distance_table_left_camera=1.035m
distance_table_right_camera=0.5730m
distance_slope_far_camera=1.2430m
distance_slope_near_camera=0.9900m"
captured_0024,lab,A3SC,24,DS,What is the width of the table in cm?,"t=1.0, book acceleration = 2.8m/s^2","t=1.0s, distance_book_camera=1.0685m
t=1.2s, distance_book_camera=0.9770m
distance_table_left_camera=1.035m
distance_table_right_camera=0.5730m
distance_slope_far_camera=1.2430m
distance_slope_near_camera=0.9900m"
captured_0024,lab,A3SC,24,DS,What is the distance travelled by the book in cm?,"t=1.0, book acceleration = 2.8m/s^2","t=1.0s, distance_book_camera=1.0685m
t=1.2s, distance_book_camera=0.9770m
distance_table_left_camera=1.035m
distance_table_right_camera=0.5730m
distance_slope_far_camera=1.2430m
distance_slope_near_camera=0.9900m"
captured_0024s,lab,A3SS,24,DD,What is the velocity of the book at 1.0s in cm/s?,"t=1.0, book acceleration = 2.8m/s^2","t=1.0s, distance_book_camera=1.0685m
t=1.2s, distance_book_camera=0.9770m
distance_table_left_camera=1.035m
distance_table_right_camera=0.5730m
distance_slope_far_camera=1.2430m
distance_slope_near_camera=0.9900m"
captured_0024s,lab,A3SS,24,DD,What is the velocity of the book at 1.2s in cm/s?,"t=1.0, book acceleration = 2.8m/s^2","t=1.0s, distance_book_camera=1.0685m
t=1.2s, distance_book_camera=0.9770m
distance_table_left_camera=1.035m
distance_table_right_camera=0.5730m
distance_slope_far_camera=1.2430m
distance_slope_near_camera=0.9900m"
captured_0024s,lab,A3SS,24,DS,What is the length of the book in cm?,"t=1.0, book acceleration = 2.8m/s^2","t=1.0s, distance_book_camera=1.0685m
t=1.2s, distance_book_camera=0.9770m
distance_table_left_camera=1.035m
distance_table_right_camera=0.5730m
distance_slope_far_camera=1.2430m
distance_slope_near_camera=0.9900m"
captured_0024s,lab,A3SS,24,DS,What is the width of the book in cm?,"t=1.0, book acceleration = 2.8m/s^2","t=1.0s, distance_book_camera=1.0685m
t=1.2s, distance_book_camera=0.9770m
distance_table_left_camera=1.035m
distance_table_right_camera=0.5730m
distance_slope_far_camera=1.2430m
distance_slope_near_camera=0.9900m"
captured_0024s,lab,A3SS,24,DS,What is the height of the book in cm?,"t=1.0, book acceleration = 2.8m/s^2","t=1.0s, distance_book_camera=1.0685m
t=1.2s, distance_book_camera=0.9770m
distance_table_left_camera=1.035m
distance_table_right_camera=0.5730m
distance_slope_far_camera=1.2430m
distance_slope_near_camera=0.9900m"
captured_0024s,lab,A3SS,24,DS,What is the length of the slope in cm?,"t=1.0, book acceleration = 2.8m/s^2","t=1.0s, distance_book_camera=1.0685m
t=1.2s, distance_book_camera=0.9770m
distance_table_left_camera=1.035m
distance_table_right_camera=0.5730m
distance_slope_far_camera=1.2430m
distance_slope_near_camera=0.9900m"
captured_0024s,lab,A3SS,24,DS,What is the width of the slope in cm?,"t=1.0, book acceleration = 2.8m/s^2","t=1.0s, distance_book_camera=1.0685m
t=1.2s, distance_book_camera=0.9770m
distance_table_left_camera=1.035m
distance_table_right_camera=0.5730m
distance_slope_far_camera=1.2430m
distance_slope_near_camera=0.9900m"
captured_0024s,lab,A3SS,24,DS,What is the length of the table in cm?,"t=1.0, book acceleration = 2.8m/s^2","t=1.0s, distance_book_camera=1.0685m
t=1.2s, distance_book_camera=0.9770m
distance_table_left_camera=1.035m
distance_table_right_camera=0.5730m
distance_slope_far_camera=1.2430m
distance_slope_near_camera=0.9900m"
captured_0024s,lab,A3SS,24,DS,What is the width of the table in cm?,"t=1.0, book acceleration = 2.8m/s^2","t=1.0s, distance_book_camera=1.0685m
t=1.2s, distance_book_camera=0.9770m
distance_table_left_camera=1.035m
distance_table_right_camera=0.5730m
distance_slope_far_camera=1.2430m
distance_slope_near_camera=0.9900m"
captured_0024s,lab,A3SS,24,DS,What is the distance travelled by the book in cm?,"t=1.0, book acceleration = 2.8m/s^2","t=1.0s, distance_book_camera=1.0685m
t=1.2s, distance_book_camera=0.9770m
distance_table_left_camera=1.035m
distance_table_right_camera=0.5730m
distance_slope_far_camera=1.2430m
distance_slope_near_camera=0.9900m"
captured_0024x,lab,A3SX,24,DD,What is the velocity of the book at 1.0s in cm/s?,"t=1.0, book acceleration = 2.8m/s^2","t=1.0s, distance_book_camera=1.0685m
t=1.2s, distance_book_camera=0.9770m
distance_table_left_camera=1.035m
distance_table_right_camera=0.5730m
distance_slope_far_camera=1.2430m
distance_slope_near_camera=0.9900m"
captured_0024x,lab,A3SX,24,DD,What is the velocity of the book at 1.2s in cm/s?,"t=1.0, book acceleration = 2.8m/s^2","t=1.0s, distance_book_camera=1.0685m
t=1.2s, distance_book_camera=0.9770m
distance_table_left_camera=1.035m
distance_table_right_camera=0.5730m
distance_slope_far_camera=1.2430m
distance_slope_near_camera=0.9900m"
captured_0024x,lab,A3SX,24,DS,What is the length of the book in cm?,"t=1.0, book acceleration = 2.8m/s^2","t=1.0s, distance_book_camera=1.0685m
t=1.2s, distance_book_camera=0.9770m
distance_table_left_camera=1.035m
distance_table_right_camera=0.5730m
distance_slope_far_camera=1.2430m
distance_slope_near_camera=0.9900m"
captured_0024x,lab,A3SX,24,DS,What is the width of the book in cm?,"t=1.0, book acceleration = 2.8m/s^2","t=1.0s, distance_book_camera=1.0685m
t=1.2s, distance_book_camera=0.9770m
distance_table_left_camera=1.035m
distance_table_right_camera=0.5730m
distance_slope_far_camera=1.2430m
distance_slope_near_camera=0.9900m"
captured_0024x,lab,A3SX,24,DS,What is the height of the book in cm?,"t=1.0, book acceleration = 2.8m/s^2","t=1.0s, distance_book_camera=1.0685m
t=1.2s, distance_book_camera=0.9770m
distance_table_left_camera=1.035m
distance_table_right_camera=0.5730m
distance_slope_far_camera=1.2430m
distance_slope_near_camera=0.9900m"
captured_0024x,lab,A3SX,24,DS,What is the length of the slope in cm?,"t=1.0, book acceleration = 2.8m/s^2","t=1.0s, distance_book_camera=1.0685m
t=1.2s, distance_book_camera=0.9770m
distance_table_left_camera=1.035m
distance_table_right_camera=0.5730m
distance_slope_far_camera=1.2430m
distance_slope_near_camera=0.9900m"
captured_0024x,lab,A3SX,24,DS,What is the width of the slope in cm?,"t=1.0, book acceleration = 2.8m/s^2","t=1.0s, distance_book_camera=1.0685m
t=1.2s, distance_book_camera=0.9770m
distance_table_left_camera=1.035m
distance_table_right_camera=0.5730m
distance_slope_far_camera=1.2430m
distance_slope_near_camera=0.9900m"
captured_0024x,lab,A3SX,24,DS,What is the length of the table in cm?,"t=1.0, book acceleration = 2.8m/s^2","t=1.0s, distance_book_camera=1.0685m
t=1.2s, distance_book_camera=0.9770m
distance_table_left_camera=1.035m
distance_table_right_camera=0.5730m
distance_slope_far_camera=1.2430m
distance_slope_near_camera=0.9900m"
captured_0024x,lab,A3SX,24,DS,What is the width of the table in cm?,"t=1.0, book acceleration = 2.8m/s^2","t=1.0s, distance_book_camera=1.0685m
t=1.2s, distance_book_camera=0.9770m
distance_table_left_camera=1.035m
distance_table_right_camera=0.5730m
distance_slope_far_camera=1.2430m
distance_slope_near_camera=0.9900m"
captured_0024x,lab,A3SX,24,DS,What is the distance travelled by the book in cm?,"t=1.0, book acceleration = 2.8m/s^2","t=1.0s, distance_book_camera=1.0685m
t=1.2s, distance_book_camera=0.9770m
distance_table_left_camera=1.035m
distance_table_right_camera=0.5730m
distance_slope_far_camera=1.2430m
distance_slope_near_camera=0.9900m"
captured_0027,lab,S3SC,24,SD,What is the velocity of the red ball at 0.2s in cm/s?,diameter of the red ball = 7cm,"t=0.2s, distance_book_camera=1.0995m
t=0.6s, distance_book_camera=1.1510m
distance_person_left_camera=1.2750m
distance_person_right_camera=1.2305m"
captured_0027,lab,S3SC,24,SD,What is the velocity of the red ball at 0.6s in cm/s?,diameter of the red ball = 7cm,"t=0.2s, distance_book_camera=1.0995m
t=0.6s, distance_book_camera=1.1510m
distance_person_left_camera=1.2750m
distance_person_right_camera=1.2305m"
captured_0027,lab,S3SC,24,SD,What is the acceleration of the red ball at 0.2s in cm/s^2?,diameter of the red ball = 7cm,"t=0.2s, distance_book_camera=1.0995m
t=0.6s, distance_book_camera=1.1510m
distance_person_left_camera=1.2750m
distance_person_right_camera=1.2305m"
captured_0027,lab,S3SC,24,SS,What is the shoulder breadth of the person in cm?,diameter of the red ball = 7cm,"t=0.2s, distance_book_camera=1.0995m
t=0.6s, distance_book_camera=1.1510m
distance_person_left_camera=1.2750m
distance_person_right_camera=1.2305m"
captured_0027s,lab,S3SS,24,SD,What is the velocity of the red ball at 0.2s in cm/s?,diameter of the red ball = 7cm,"t=0.2s, distance_book_camera=1.0995m
t=0.6s, distance_book_camera=1.1510m
distance_person_left_camera=1.2750m
distance_person_right_camera=1.2305m"
captured_0027s,lab,S3SS,24,SD,What is the velocity of the red ball at 0.6s in cm/s?,diameter of the red ball = 7cm,"t=0.2s, distance_book_camera=1.0995m
t=0.6s, distance_book_camera=1.1510m
distance_person_left_camera=1.2750m
distance_person_right_camera=1.2305m"
captured_0027s,lab,S3SS,24,SD,What is the acceleration of the red ball at 0.2s in cm/s^2?,diameter of the red ball = 7cm,"t=0.2s, distance_book_camera=1.0995m
t=0.6s, distance_book_camera=1.1510m
distance_person_left_camera=1.2750m
distance_person_right_camera=1.2305m"
captured_0027x,lab,S3SX,24,SD,What is the velocity of the red ball at 0.2s in cm/s?,diameter of the red ball = 7cm,"t=0.2s, distance_book_camera=1.0995m
t=0.6s, distance_book_camera=1.1510m
distance_person_left_camera=1.2750m
distance_person_right_camera=1.2305m"
captured_0027x,lab,S3SX,24,SD,What is the velocity of the red ball at 0.6s in cm/s?,diameter of the red ball = 7cm,"t=0.2s, distance_book_camera=1.0995m
t=0.6s, distance_book_camera=1.1510m
distance_person_left_camera=1.2750m
distance_person_right_camera=1.2305m"
captured_0027x,lab,S3SX,24,SD,What is the acceleration of the red ball at 0.2s in cm/s^2?,diameter of the red ball = 7cm,"t=0.2s, distance_book_camera=1.0995m
t=0.6s, distance_book_camera=1.1510m
distance_person_left_camera=1.2750m
distance_person_right_camera=1.2305m"
captured_0028,lab,S3SC,24,SD,What is the velocity of the ping pong ball at 1.0s in cm/s?,diameter of the ping pong ball = 40mm,"t=1.0s, distance_ball_camera=1.8050m
t=1.1s, distance_ball_camera=1.5570m
t=1.3s (max height), distance_ball_camera=1.4115m"
captured_0028,lab,S3SC,24,SD,What is the velocity of the ping pong ball at 1.3s in cm/s?,diameter of the ping pong ball = 40mm,"t=1.0s, distance_ball_camera=1.8050m
t=1.1s, distance_ball_camera=1.5570m
t=1.3s (max height), distance_ball_camera=1.4115m"
captured_0028,lab,S3SC,24,SD,What is the acceleration of the ping pong ball at 1.0s in cm/s^2?,diameter of the ping pong ball = 40mm,"t=1.0s, distance_ball_camera=1.8050m
t=1.1s, distance_ball_camera=1.5570m
t=1.3s (max height), distance_ball_camera=1.4115m"
captured_0028,lab,S3SC,24,SD,What is the acceleration of the ping pong ball at 1.3s in cm/s^2?,diameter of the ping pong ball = 40mm,"t=1.0s, distance_ball_camera=1.8050m
t=1.1s, distance_ball_camera=1.5570m
t=1.3s (max height), distance_ball_camera=1.4115m"
captured_0028,lab,S3SC,24,SS,What is the distance travelled by the ping pong ball between 1.1s and 1.3s in cm?,diameter of the ping pong ball = 40mm,"t=1.0s, distance_ball_camera=1.8050m
t=1.1s, distance_ball_camera=1.5570m
t=1.3s (max height), distance_ball_camera=1.4115m"
captured_0028,lab,S3SC,24,SS,What is the maximum height reached by the ping pong ball in cm?,diameter of the ping pong ball = 40mm,"t=1.0s, distance_ball_camera=1.8050m
t=1.1s, distance_ball_camera=1.5570m
t=1.3s (max height), distance_ball_camera=1.4115m"
captured_0028s,lab,S3SS,24,SD,What is the velocity of the ping pong ball at 1.0s in cm/s?,diameter of the ping pong ball = 40mm,"t=1.0s, distance_ball_camera=1.8050m
t=1.1s, distance_ball_camera=1.5570m
t=1.3s (max height), distance_ball_camera=1.4115m"
captured_0028s,lab,S3SS,24,SD,What is the velocity of the ping pong ball at 1.3s in cm/s?,diameter of the ping pong ball = 40mm,"t=1.0s, distance_ball_camera=1.8050m
t=1.1s, distance_ball_camera=1.5570m
t=1.3s (max height), distance_ball_camera=1.4115m"
captured_0028s,lab,S3SS,24,SD,What is the acceleration of the ping pong ball at 1.0s in cm/s^2?,diameter of the ping pong ball = 40mm,"t=1.0s, distance_ball_camera=1.8050m
t=1.1s, distance_ball_camera=1.5570m
t=1.3s (max height), distance_ball_camera=1.4115m"
captured_0028s,lab,S3SS,24,SD,What is the acceleration of the ping pong ball at 1.3s in cm/s^2?,diameter of the ping pong ball = 40mm,"t=1.0s, distance_ball_camera=1.8050m
t=1.1s, distance_ball_camera=1.5570m
t=1.3s (max height), distance_ball_camera=1.4115m"
captured_0028s,lab,S3SS,24,SS,What is the distance travelled by the ping pong ball between 1.1s and 1.3s in cm?,diameter of the ping pong ball = 40mm,"t=1.0s, distance_ball_camera=1.8050m
t=1.1s, distance_ball_camera=1.5570m
t=1.3s (max height), distance_ball_camera=1.4115m"
captured_0028s,lab,S3SS,24,SS,What is the maximum height reached by the ping pong ball in cm?,diameter of the ping pong ball = 40mm,"t=1.0s, distance_ball_camera=1.8050m
t=1.1s, distance_ball_camera=1.5570m
t=1.3s (max height), distance_ball_camera=1.4115m"
captured_0028x,lab,S3SX,24,SD,What is the velocity of the ping pong ball at 1.0s in cm/s?,diameter of the ping pong ball = 40mm,"t=1.0s, distance_ball_camera=1.8050m
t=1.1s, distance_ball_camera=1.5570m
t=1.3s (max height), distance_ball_camera=1.4115m"
captured_0028x,lab,S3SX,24,SD,What is the velocity of the ping pong ball at 1.3s in cm/s?,diameter of the ping pong ball = 40mm,"t=1.0s, distance_ball_camera=1.8050m
t=1.1s, distance_ball_camera=1.5570m
t=1.3s (max height), distance_ball_camera=1.4115m"
captured_0028x,lab,S3SX,24,SD,What is the acceleration of the ping pong ball at 1.0s in cm/s^2?,diameter of the ping pong ball = 40mm,"t=1.0s, distance_ball_camera=1.8050m
t=1.1s, distance_ball_camera=1.5570m
t=1.3s (max height), distance_ball_camera=1.4115m"
captured_0028x,lab,S3SX,24,SD,What is the acceleration of the ping pong ball at 1.3s in cm/s^2?,diameter of the ping pong ball = 40mm,"t=1.0s, distance_ball_camera=1.8050m
t=1.1s, distance_ball_camera=1.5570m
t=1.3s (max height), distance_ball_camera=1.4115m"
captured_0028x,lab,S3SX,24,SS,What is the distance travelled by the ping pong ball between 1.1s and 1.3s in cm?,diameter of the ping pong ball = 40mm,"t=1.0s, distance_ball_camera=1.8050m
t=1.1s, distance_ball_camera=1.5570m
t=1.3s (max height), distance_ball_camera=1.4115m"
captured_0028x,lab,S3SX,24,SS,What is the maximum height reached by the ping pong ball in cm?,diameter of the ping pong ball = 40mm,"t=1.0s, distance_ball_camera=1.8050m
t=1.1s, distance_ball_camera=1.5570m
t=1.3s (max height), distance_ball_camera=1.4115m"
captured_0029,lab,S3SC,24,SS,What is the long of the table in cm?,diameter of the tennis ball = 6.7cm,"t=1.00s, distance_ball_camera=0.901s
t=1.24s (hit whiteboard), distance_ball_camera=1.1440m
t=1.6s, distance_ball_camera=1.0270m"
captured_0029,lab,S3SC,24,SS,What is the width of the table in cm?,diameter of the tennis ball = 6.7cm,"t=1.00s, distance_ball_camera=0.901s
t=1.24s (hit whiteboard), distance_ball_camera=1.1440m
t=1.6s, distance_ball_camera=1.0270m"
captured_0029,lab,S3SC,24,SD,What is the velocity of the tennis ball at 1.0s in cm/s?,diameter of the tennis ball = 6.7cm,"t=1.00s, distance_ball_camera=0.901s
t=1.24s (hit whiteboard), distance_ball_camera=1.1440m
t=1.6s, distance_ball_camera=1.0270m"
captured_0029,lab,S3SC,24,SD,What is the velocity of the tennis ball when it hits the whiteboard in cm/s?,diameter of the tennis ball = 6.7cm,"t=1.00s, distance_ball_camera=0.901s
t=1.24s (hit whiteboard), distance_ball_camera=1.1440m
t=1.6s, distance_ball_camera=1.0270m"
captured_0029,lab,S3SC,24,SD,What is the velocity of the tennis ball at 1.6s in cm/s?,diameter of the tennis ball = 6.7cm,"t=1.00s, distance_ball_camera=0.901s
t=1.24s (hit whiteboard), distance_ball_camera=1.1440m
t=1.6s, distance_ball_camera=1.0270m"
captured_0029,lab,S3SC,24,SS,What is the distance travelled by the tennis ball when it hits the whiteboard in cm?,diameter of the tennis ball = 6.7cm,"t=1.00s, distance_ball_camera=0.901s
t=1.24s (hit whiteboard), distance_ball_camera=1.1440m
t=1.6s, distance_ball_camera=1.0270m"
captured_0029s,lab,S3SS,24,SS,What is the length of the table in cm?,diameter of the tennis ball = 6.7cm,"t=1.00s, distance_ball_camera=0.901s
t=1.24s (hit whiteboard), distance_ball_camera=1.1440m
t=1.6s, distance_ball_camera=1.0270m"
captured_0029s,lab,S3SS,24,SS,What is the width of the table in cm?,diameter of the tennis ball = 6.7cm,"t=1.00s, distance_ball_camera=0.901s
t=1.24s (hit whiteboard), distance_ball_camera=1.1440m
t=1.6s, distance_ball_camera=1.0270m"
captured_0029s,lab,S3SS,24,SD,What is the velocity of the tennis ball at 1.0s in cm/s?,diameter of the tennis ball = 6.7cm,"t=1.00s, distance_ball_camera=0.901s
t=1.24s (hit whiteboard), distance_ball_camera=1.1440m
t=1.6s, distance_ball_camera=1.0270m"
captured_0029s,lab,S3SS,24,SD,What is the velocity of the tennis ball at 1.6s in cm/s?,diameter of the tennis ball = 6.7cm,"t=1.00s, distance_ball_camera=0.901s
t=1.24s (hit whiteboard), distance_ball_camera=1.1440m
t=1.6s, distance_ball_camera=1.0270m"
captured_0029s,lab,S3SS,24,SS,What is the distance travelled by the tennis ball when it hits the whiteboard in cm?,diameter of the tennis ball = 6.7cm,"t=1.00s, distance_ball_camera=0.901s
t=1.24s (hit whiteboard), distance_ball_camera=1.1440m
t=1.6s, distance_ball_camera=1.0270m"
captured_0029x,lab,S3SX,24,SS,What is the length of the table in cm?,diameter of the tennis ball = 6.7cm,"t=1.00s, distance_ball_camera=0.901s
t=1.24s (hit whiteboard), distance_ball_camera=1.1440m
t=1.6s, distance_ball_camera=1.0270m"
captured_0029x,lab,S3SX,24,SS,What is the width of the table in cm?,diameter of the tennis ball = 6.7cm,"t=1.00s, distance_ball_camera=0.901s
t=1.24s (hit whiteboard), distance_ball_camera=1.1440m
t=1.6s, distance_ball_camera=1.0270m"
captured_0029x,lab,S3SX,24,SD,What is the velocity of the tennis ball at 1.0s in cm/s?,diameter of the tennis ball = 6.7cm,"t=1.00s, distance_ball_camera=0.901s
t=1.24s (hit whiteboard), distance_ball_camera=1.1440m
t=1.6s, distance_ball_camera=1.0270m"
captured_0029x,lab,S3SX,24,SD,What is the velocity of the tennis ball at 1.6s in cm/s?,diameter of the tennis ball = 6.7cm,"t=1.00s, distance_ball_camera=0.901s
t=1.24s (hit whiteboard), distance_ball_camera=1.1440m
t=1.6s, distance_ball_camera=1.0270m"
captured_0029x,lab,S3SX,24,SS,What is the distance travelled by the tennis ball when it hits the whiteboard in cm?,diameter of the tennis ball = 6.7cm,"t=1.00s, distance_ball_camera=0.901s
t=1.24s (hit whiteboard), distance_ball_camera=1.1440m
t=1.6s, distance_ball_camera=1.0270m"
captured_0030,lab,S3SC,24,SD,What is the velocity of the red ball at 0.2s in cm/s?,diameter of the red ball = 7cm,"t=0.2s, distance_ball_camera=0.8715s
t=0.4s, distance_ball_camera=1.1660m
t=0.6s, distance_ball_camera=1.3720m
t=0.8s, distance_ball_camera=1.3150m"
captured_0030,lab,S3SC,24,SD,What is the velocity of the red ball at 0.4s in cm/s?,diameter of the red ball = 7cm,"t=0.2s, distance_ball_camera=0.8715s
t=0.4s, distance_ball_camera=1.1660m
t=0.6s, distance_ball_camera=1.3720m
t=0.8s, distance_ball_camera=1.3150m"
captured_0030,lab,S3SC,24,SD,What is the velocity of the red ball at 0.6s in cm/s?,diameter of the red ball = 7cm,"t=0.2s, distance_ball_camera=0.8715s
t=0.4s, distance_ball_camera=1.1660m
t=0.6s, distance_ball_camera=1.3720m
t=0.8s, distance_ball_camera=1.3150m"
captured_0030,lab,S3SC,24,SD,What is the velocity of the red ball at 0.8s in cm/s?,diameter of the red ball = 7cm,"t=0.2s, distance_ball_camera=0.8715s
t=0.4s, distance_ball_camera=1.1660m
t=0.6s, distance_ball_camera=1.3720m
t=0.8s, distance_ball_camera=1.3150m"
captured_0030s,lab,S3SS,24,SD,What is the velocity of the red ball at 0.2s in cm/s?,diameter of the red ball = 7cm,"t=0.2s, distance_ball_camera=0.8715s
t=0.4s, distance_ball_camera=1.1660m
t=0.6s, distance_ball_camera=1.3720m
t=0.8s, distance_ball_camera=1.3150m"
captured_0030s,lab,S3SS,24,SD,What is the velocity of the red ball at 0.4s in cm/s?,diameter of the red ball = 7cm,"t=0.2s, distance_ball_camera=0.8715s
t=0.4s, distance_ball_camera=1.1660m
t=0.6s, distance_ball_camera=1.3720m
t=0.8s, distance_ball_camera=1.3150m"
captured_0030s,lab,S3SS,24,SD,What is the velocity of the red ball at 0.6s in cm/s?,diameter of the red ball = 7cm,"t=0.2s, distance_ball_camera=0.8715s
t=0.4s, distance_ball_camera=1.1660m
t=0.6s, distance_ball_camera=1.3720m
t=0.8s, distance_ball_camera=1.3150m"
captured_0030s,lab,S3SS,24,SD,What is the velocity of the red ball at 0.8s in cm/s?,diameter of the red ball = 7cm,"t=0.2s, distance_ball_camera=0.8715s
t=0.4s, distance_ball_camera=1.1660m
t=0.6s, distance_ball_camera=1.3720m
t=0.8s, distance_ball_camera=1.3150m"
captured_0030x,lab,S3SX,24,SD,What is the velocity of the red ball at 0.2s in cm/s?,diameter of the red ball = 7cm,"t=0.2s, distance_ball_camera=0.8715s
t=0.4s, distance_ball_camera=1.1660m
t=0.6s, distance_ball_camera=1.3720m
t=0.8s, distance_ball_camera=1.3150m"
captured_0030x,lab,S3SX,24,SD,What is the velocity of the red ball at 0.4s in cm/s?,diameter of the red ball = 7cm,"t=0.2s, distance_ball_camera=0.8715s
t=0.4s, distance_ball_camera=1.1660m
t=0.6s, distance_ball_camera=1.3720m
t=0.8s, distance_ball_camera=1.3150m"
captured_0030x,lab,S3SX,24,SD,What is the velocity of the red ball at 0.6s in cm/s?,diameter of the red ball = 7cm,"t=0.2s, distance_ball_camera=0.8715s
t=0.4s, distance_ball_camera=1.1660m
t=0.6s, distance_ball_camera=1.3720m
t=0.8s, distance_ball_camera=1.3150m"
captured_0030x,lab,S3SX,24,SD,What is the velocity of the red ball at 0.8s in cm/s?,diameter of the red ball = 7cm,"t=0.2s, distance_ball_camera=0.8715s
t=0.4s, distance_ball_camera=1.1660m
t=0.6s, distance_ball_camera=1.3720m
t=0.8s, distance_ball_camera=1.3150m"
captured_0031,lab,S3MC,24,SS,What is the diameter of the white ball in cm?,diameter of the tennis ball = 6.7cm,"t=1.6s, distance_tennis_ball_camera = 1.1900m
t=1.6s, distance_white_ball_camera = 0.9940m"
captured_0031,lab,S3MC,24,SS,What is the width of the table in cm?,diameter of the tennis ball = 6.7cm,"t=1.6s, distance_tennis_ball_camera = 1.1900m
t=1.6s, distance_white_ball_camera = 0.9940m"
captured_0031,lab,S3MC,24,SS,What is the length of the table in cm?,diameter of the tennis ball = 6.7cm,"t=1.6s, distance_tennis_ball_camera = 1.1900m
t=1.6s, distance_white_ball_camera = 0.9940m"
captured_0031,lab,S3MC,24,SD,What is the velocity of the tennis ball at 1.6s in cm/s?,diameter of the tennis ball = 6.7cm,"t=1.6s, distance_tennis_ball_camera = 1.1900m
t=1.6s, distance_white_ball_camera = 0.9940m"
captured_0031,lab,S3MC,24,SD,What is the velocity of the white ball at 1.6s in cm/s?,diameter of the tennis ball = 6.7cm,"t=1.6s, distance_tennis_ball_camera = 1.1900m
t=1.6s, distance_white_ball_camera = 0.9940m"
captured_0031,lab,S3MC,24,SS,What is the distance between the ping pong ball and the tennis ball at 1.6s in cm?,diameter of the tennis ball = 6.7cm,"t=1.6s, distance_tennis_ball_camera = 1.1900m
t=1.6s, distance_white_ball_camera = 0.9940m"
captured_0031s,lab,S3MS,24,SS,What is the diameter of the white ball in cm?,diameter of the tennis ball = 6.7cm,"t=1.6s, distance_tennis_ball_camera = 1.1900m
t=1.6s, distance_white_ball_camera = 0.9940m"
captured_0031s,lab,S3MS,24,SS,What is the width of the table in cm?,diameter of the tennis ball = 6.7cm,"t=1.6s, distance_tennis_ball_camera = 1.1900m
t=1.6s, distance_white_ball_camera = 0.9940m"
captured_0031s,lab,S3MS,24,SS,What is the length of the table in cm?,diameter of the tennis ball = 6.7cm,"t=1.6s, distance_tennis_ball_camera = 1.1900m
t=1.6s, distance_white_ball_camera = 0.9940m"
captured_0031s,lab,S3MS,24,SD,What is the velocity of the tennis ball at 1.6s in cm/s?,diameter of the tennis ball = 6.7cm,"t=1.6s, distance_tennis_ball_camera = 1.1900m
t=1.6s, distance_white_ball_camera = 0.9940m"
captured_0031s,lab,S3MS,24,SD,What is the velocity of the white ball at 1.6s in cm/s?,diameter of the tennis ball = 6.7cm,"t=1.6s, distance_tennis_ball_camera = 1.1900m
t=1.6s, distance_white_ball_camera = 0.9940m"
captured_0031s,lab,S3MS,24,SS,What is the distance between the white ball and the tennis ball at 1.6s in cm?,diameter of the tennis ball = 6.7cm,"t=1.6s, distance_tennis_ball_camera = 1.1900m
t=1.6s, distance_white_ball_camera = 0.9940m"
captured_0031x,lab,S3MX,24,SS,What is the diameter of the white ball in cm?,diameter of the tennis ball = 6.7cm,"t=1.6s, distance_tennis_ball_camera = 1.1900m
t=1.6s, distance_white_ball_camera = 0.9940m"
captured_0031x,lab,S3MX,24,SS,What is the width of the table in cm?,diameter of the tennis ball = 6.7cm,"t=1.6s, distance_tennis_ball_camera = 1.1900m
t=1.6s, distance_white_ball_camera = 0.9940m"
captured_0031x,lab,S3MX,24,SD,What is the velocity of the tennis ball at 1.6s in cm/s?,diameter of the tennis ball = 6.7cm,"t=1.6s, distance_tennis_ball_camera = 1.1900m
t=1.6s, distance_white_ball_camera = 0.9940m"
captured_0031x,lab,S3MX,24,SD,What is the velocity of the white ball at 1.6s in cm/s?,diameter of the tennis ball = 6.7cm,"t=1.6s, distance_tennis_ball_camera = 1.1900m
t=1.6s, distance_white_ball_camera = 0.9940m"
captured_0031x,lab,S3MX,24,SS,What is the distance between the white ball and the tennis ball at 1.6s in cm?,diameter of the tennis ball = 6.7cm,"t=1.6s, distance_tennis_ball_camera = 1.1900m
t=1.6s, distance_ping_pong_ball_camera = 0.9940m"
captured_0032,lab,S3MC,24,SS,What is the velocity of the white ball at 1.6s in cm/s?,diameter of the tennis ball = 6.7cm,"t=1.5s, distance_tennis_ball_camera = 1.1830m
t=1.5s, distance_ping_pong_ball_camera = 1.3530m"
captured_0032,lab,S3MC,24,SS,What is the width of the table in cm?,diameter of the tennis ball = 6.7cm,"t=1.5s, distance_tennis_ball_camera = 1.1830m
t=1.5s, distance_ping_pong_ball_camera = 1.3530m"
captured_0032,lab,S3MC,24,SS,What is the length of the table in cm?,diameter of the tennis ball = 6.7cm,"t=1.5s, distance_tennis_ball_camera = 1.1830m
t=1.5s, distance_ping_pong_ball_camera = 1.3530m"
captured_0032,lab,S3MC,24,SD,What is the velocity of the tennis ball at 1.5s in cm/s?,diameter of the tennis ball = 6.7cm,"t=1.5s, distance_tennis_ball_camera = 1.1830m
t=1.5s, distance_ping_pong_ball_camera = 1.3530m"
captured_0032,lab,S3MC,24,SD,What is the velocity of the white ball at 1.5s in cm/s?,diameter of the tennis ball = 6.7cm,"t=1.5s, distance_tennis_ball_camera = 1.1830m
t=1.5s, distance_ping_pong_ball_camera = 1.3530m"
captured_0032,lab,S3MC,24,SS,What is the distance between the white ball and the tennis ball at 1.5s in cm?,diameter of the tennis ball = 6.7cm,"t=1.5s, distance_tennis_ball_camera = 1.1830m
t=1.5s, distance_ping_pong_ball_camera = 1.3530m"
captured_0032s,lab,S3MS,24,SS,What is the diameter of the white ball in cm?,diameter of the tennis ball = 6.7cm,"t=1.5s, distance_tennis_ball_camera = 1.1830m
t=1.5s, distance_ping_pong_ball_camera = 1.3530m"
captured_0032s,lab,S3MS,24,SS,What is the width of the table in cm?,diameter of the tennis ball = 6.7cm,"t=1.5s, distance_tennis_ball_camera = 1.1830m
t=1.5s, distance_ping_pong_ball_camera = 1.3530m"
captured_0032s,lab,S3MS,24,SS,What is the length of the table in cm?,diameter of the tennis ball = 6.7cm,"t=1.5s, distance_tennis_ball_camera = 1.1830m
t=1.5s, distance_ping_pong_ball_camera = 1.3530m"
captured_0032s,lab,S3MS,24,SD,What is the velocity of the tennis ball at 1.5s in cm/s?,diameter of the tennis ball = 6.7cm,"t=1.5s, distance_tennis_ball_camera = 1.1830m
t=1.5s, distance_ping_pong_ball_camera = 1.3530m"
captured_0032s,lab,S3MS,24,SD,What is the velocity of the white ball at 1.5s in cm/s?,diameter of the tennis ball = 6.7cm,"t=1.5s, distance_tennis_ball_camera = 1.1830m
t=1.5s, distance_ping_pong_ball_camera = 1.3530m"
captured_0032s,lab,S3MS,24,SS,What is the distance between the white ball and the tennis ball at 1.5s in cm?,diameter of the tennis ball = 6.7cm,"t=1.5s, distance_tennis_ball_camera = 1.1830m
t=1.5s, distance_ping_pong_ball_camera = 1.3530m"
captured_0032x,lab,S3MX,24,SS,What is the diameter of the white ball in cm?,diameter of the tennis ball = 6.7cm,"t=1.5s, distance_tennis_ball_camera = 1.1830m
t=1.5s, distance_ping_pong_ball_camera = 1.3530m"
captured_0032x,lab,S3MX,24,SS,What is the width of the table in cm?,diameter of the tennis ball = 6.7cm,"t=1.5s, distance_tennis_ball_camera = 1.1830m
t=1.5s, distance_ping_pong_ball_camera = 1.3530m"
captured_0032x,lab,S3MX,24,SS,What is the length of the table in cm?,diameter of the tennis ball = 6.7cm,"t=1.5s, distance_tennis_ball_camera = 1.1830m
t=1.5s, distance_ping_pong_ball_camera = 1.3530m"
captured_0032x,lab,S3MX,24,SD,What is the velocity of the tennis ball at 1.5s in cm/s?,diameter of the tennis ball = 6.7cm,"t=1.5s, distance_tennis_ball_camera = 1.1830m
t=1.5s, distance_ping_pong_ball_camera = 1.3530m"
captured_0032x,lab,S3MX,24,SD,What is the velocity of the white ball at 1.5s in cm/s?,diameter of the tennis ball = 6.7cm,"t=1.5s, distance_tennis_ball_camera = 1.1830m
t=1.5s, distance_ping_pong_ball_camera = 1.3530m"
captured_0032x,lab,S3MX,24,SS,What is the distance between the white ball and the tennis ball at 1.5s in cm?,diameter of the tennis ball = 6.7cm,"t=1.5s, distance_tennis_ball_camera = 1.1830m
t=1.5s, distance_ping_pong_ball_camera = 1.3530m"
captured_0033,lab,S3SC,24,SD,What is the velocity of the ping pong ball at 0.5s in cm/s?,diameter of the ping pong ball = 40mm,"t=0.9s, distance_ping_pong_ball_camera = 1.4570m
t=1.4s, distance_ping_pong_ball_camera = 0.7380m"
captured_0033,lab,S3SC,24,SD,What is the velocity of the ping pong ball at 1.4s in cm/s?,diameter of the ping pong ball = 40mm,"t=0.9s, distance_ping_pong_ball_camera = 1.4570m
t=1.4s, distance_ping_pong_ball_camera = 0.7380m"
captured_0033,lab,S3SC,24,SD,What is the velocity of the ping pong ball at 1.5s in cm/s?,diameter of the ping pong ball = 40mm,"t=0.9s, distance_ping_pong_ball_camera = 1.4570m
t=1.4s, distance_ping_pong_ball_camera = 0.7380m"
captured_0033s,lab,S3SS,24,SD,What is the velocity of the ping pong ball at 0.5s in cm/s?,diameter of the ping pong ball = 40mm,"t=0.9s, distance_ping_pong_ball_camera = 1.4570m
t=1.4s, distance_ping_pong_ball_camera = 0.7380m"
captured_0033s,lab,S3SS,24,SD,What is the velocity of the ping pong ball at 1.4s in cm/s?,diameter of the ping pong ball = 40mm,"t=0.9s, distance_ping_pong_ball_camera = 1.4570m
t=1.4s, distance_ping_pong_ball_camera = 0.7380m"
captured_0033s,lab,S3SS,24,SD,What is the velocity of the ping pong ball at 1.5s in cm/s?,diameter of the ping pong ball = 40mm,"t=0.9s, distance_ping_pong_ball_camera = 1.4570m
t=1.4s, distance_ping_pong_ball_camera = 0.7380m"
captured_0033x,lab,S3SX,24,SD,What is the velocity of the ping pong ball at 0.5s in cm/s?,diameter of the ping pong ball = 40mm,"t=0.9s, distance_ping_pong_ball_camera = 1.4570m
t=1.4s, distance_ping_pong_ball_camera = 0.7380m"
captured_0033x,lab,S3SX,24,SD,What is the velocity of the ping pong ball at 1.4s in cm/s?,diameter of the ping pong ball = 40mm,"t=0.9s, distance_ping_pong_ball_camera = 1.4570m
t=1.4s, distance_ping_pong_ball_camera = 0.7380m"
captured_0033x,lab,S3SX,24,SD,What is the velocity of the ping pong ball at 1.5s in cm/s?,diameter of the ping pong ball = 40mm,"t=0.9s, distance_ping_pong_ball_camera = 1.4570m
t=1.4s, distance_ping_pong_ball_camera = 0.7380m"
captured_0034a,lab,S3MC,24,SD,What is the velocity of the left tennis ball at 1.2s in cm/s?,diameter of the tennis ball = 6.7cm,"t=1.2s, distance_right_tennis_ball_camera = 0.7760m
t=1.2s, distance_left_tennis_ball_camera = 0.7060m
distance_pencil_bag_camera = 1.0500m
distance_soccer_ball_camera = 0.8940m"
captured_0034a,lab,S3MC,24,SD,What is the velocity of the right tennis ball at 1.2s in cm/s?,diameter of the tennis ball = 6.7cm,"t=1.2s, distance_right_tennis_ball_camera = 0.7760m
t=1.2s, distance_left_tennis_ball_camera = 0.7060m
distance_pencil_bag_camera = 1.0500m
distance_soccer_ball_camera = 0.8940m"
captured_0034a,lab,S3MC,24,SS,What is the height of the pencil bag in cm?,diameter of the tennis ball = 6.7cm,"t=1.2s, distance_right_tennis_ball_camera = 0.7760m
t=1.2s, distance_left_tennis_ball_camera = 0.7060m
distance_pencil_bag_camera = 1.0500m
distance_soccer_ball_camera = 0.8940m"
captured_0034a,lab,S3MC,24,SS,What is the length of the pencil bag in cm?,diameter of the tennis ball = 6.7cm,"t=1.2s, distance_right_tennis_ball_camera = 0.7760m
t=1.2s, distance_left_tennis_ball_camera = 0.7060m
distance_pencil_bag_camera = 1.0500m
distance_soccer_ball_camera = 0.8940m"
captured_0034a,lab,S3MC,24,SS,What is the diameter of the soccer ball in cm?,diameter of the tennis ball = 6.7cm,"t=1.2s, distance_right_tennis_ball_camera = 0.7760m
t=1.2s, distance_left_tennis_ball_camera = 0.7060m
distance_pencil_bag_camera = 1.0500m
distance_soccer_ball_camera = 0.8940m"
captured_0034a,lab,S3MC,24,SD,What is the velocity of the left tennis ball at 1.3s in cm/s?,diameter of the tennis ball = 6.7cm,"t=1.2s, distance_right_tennis_ball_camera = 0.7760m
t=1.2s, distance_left_tennis_ball_camera = 0.7060m
distance_pencil_bag_camera = 1.0500m
distance_soccer_ball_camera = 0.8940m"
captured_0034a,lab,S3MC,24,SD,What is the velocity of the right tennis ball at 1.3s in cm/s?,diameter of the tennis ball = 6.7cm,"t=1.2s, distance_right_tennis_ball_camera = 0.7760m
t=1.2s, distance_left_tennis_ball_camera = 0.7060m
distance_pencil_bag_camera = 1.0500m
distance_soccer_ball_camera = 0.8940m"
captured_0034a,lab,S3MC,24,SS,What is the total distance traveled by the left tennis ball in cm?,diameter of the tennis ball = 6.7cm,"t=1.2s, distance_right_tennis_ball_camera = 0.7760m
t=1.2s, distance_left_tennis_ball_camera = 0.7060m
distance_pencil_bag_camera = 1.0500m
distance_soccer_ball_camera = 0.8940m"
captured_0034a,lab,S3MC,24,SS,What is the total distance traveled by the right tennis ball in cm?,diameter of the tennis ball = 6.7cm,"t=1.2s, distance_right_tennis_ball_camera = 0.7760m
t=1.2s, distance_left_tennis_ball_camera = 0.7060m
distance_pencil_bag_camera = 1.0500m
distance_soccer_ball_camera = 0.8940m"
captured_0034as,lab,S3MS,24,SD,What is the velocity of the left tennis ball at 1.2s in cm/s?,diameter of the tennis ball = 6.7cm,"t=1.2s, distance_right_tennis_ball_camera = 0.7760m
t=1.2s, distance_left_tennis_ball_camera = 0.7060m
distance_pencil_bag_camera = 1.0500m
distance_soccer_ball_camera = 0.8940m"
captured_0034as,lab,S3MS,24,SD,What is the velocity of the right tennis ball at 1.2s in cm/s?,diameter of the tennis ball = 6.7cm,"t=1.2s, distance_right_tennis_ball_camera = 0.7760m
t=1.2s, distance_left_tennis_ball_camera = 0.7060m
distance_pencil_bag_camera = 1.0500m
distance_soccer_ball_camera = 0.8940m"
captured_0034as,lab,S3MS,24,SS,What is the height of the pencil bag in cm?,diameter of the tennis ball = 6.7cm,"t=1.2s, distance_right_tennis_ball_camera = 0.7760m
t=1.2s, distance_left_tennis_ball_camera = 0.7060m
distance_pencil_bag_camera = 1.0500m
distance_soccer_ball_camera = 0.8940m"
captured_0034as,lab,S3MS,24,SS,What is the length of the pencil bag in cm?,diameter of the tennis ball = 6.7cm,"t=1.2s, distance_right_tennis_ball_camera = 0.7760m
t=1.2s, distance_left_tennis_ball_camera = 0.7060m
distance_pencil_bag_camera = 1.0500m
distance_soccer_ball_camera = 0.8940m"
captured_0034as,lab,S3MS,24,SS,What is the diameter of the soccer ball in cm?,diameter of the tennis ball = 6.7cm,"t=1.2s, distance_right_tennis_ball_camera = 0.7760m
t=1.2s, distance_left_tennis_ball_camera = 0.7060m
distance_pencil_bag_camera = 1.0500m
distance_soccer_ball_camera = 0.8940m"
captured_0034as,lab,S3MS,24,SD,What is the velocity of the left tennis ball at 1.3s in cm/s?,diameter of the tennis ball = 6.7cm,"t=1.2s, distance_right_tennis_ball_camera = 0.7760m
t=1.2s, distance_left_tennis_ball_camera = 0.7060m
distance_pencil_bag_camera = 1.0500m
distance_soccer_ball_camera = 0.8940m"
captured_0034as,lab,S3MS,24,SD,What is the velocity of the right tennis ball at 1.3s in cm/s?,diameter of the tennis ball = 6.7cm,"t=1.2s, distance_right_tennis_ball_camera = 0.7760m
t=1.2s, distance_left_tennis_ball_camera = 0.7060m
distance_pencil_bag_camera = 1.0500m
distance_soccer_ball_camera = 0.8940m"
captured_0034as,lab,S3MS,24,SS,What is the total distance traveled by the left tennis ball in cm?,diameter of the tennis ball = 6.7cm,"t=1.2s, distance_right_tennis_ball_camera = 0.7760m
t=1.2s, distance_left_tennis_ball_camera = 0.7060m
distance_pencil_bag_camera = 1.0500m
distance_soccer_ball_camera = 0.8940m"
captured_0034as,lab,S3MS,24,SS,What is the total distance traveled by the right tennis ball in cm?,diameter of the tennis ball = 6.7cm,"t=1.2s, distance_right_tennis_ball_camera = 0.7760m
t=1.2s, distance_left_tennis_ball_camera = 0.7060m
distance_pencil_bag_camera = 1.0500m
distance_soccer_ball_camera = 0.8940m"
captured_0034ax,lab,S3MX,24,SD,What is the velocity of the left tennis ball at 1.2s in cm/s?,diameter of the tennis ball = 6.7cm,"t=1.2s, distance_right_tennis_ball_camera = 0.7760m
t=1.2s, distance_left_tennis_ball_camera = 0.7060m
distance_pencil_bag_camera = 1.0500m
distance_soccer_ball_camera = 0.8940m"
captured_0034ax,lab,S3MX,24,SD,What is the velocity of the right tennis ball at 1.2s in cm/s?,diameter of the tennis ball = 6.7cm,"t=1.2s, distance_right_tennis_ball_camera = 0.7760m
t=1.2s, distance_left_tennis_ball_camera = 0.7060m
distance_pencil_bag_camera = 1.0500m
distance_soccer_ball_camera = 0.8940m"
captured_0034ax,lab,S3MX,24,SS,What is the height of the pencil bag in cm?,diameter of the tennis ball = 6.7cm,"t=1.2s, distance_right_tennis_ball_camera = 0.7760m
t=1.2s, distance_left_tennis_ball_camera = 0.7060m
distance_pencil_bag_camera = 1.0500m
distance_soccer_ball_camera = 0.8940m"
captured_0034ax,lab,S3MX,24,SS,What is the length of the pencil bag in cm?,diameter of the tennis ball = 6.7cm,"t=1.2s, distance_right_tennis_ball_camera = 0.7760m
t=1.2s, distance_left_tennis_ball_camera = 0.7060m
distance_pencil_bag_camera = 1.0500m
distance_soccer_ball_camera = 0.8940m"
captured_0034ax,lab,S3MX,24,SS,What is the diameter of the soccer ball in cm?,diameter of the tennis ball = 6.7cm,"t=1.2s, distance_right_tennis_ball_camera = 0.7760m
t=1.2s, distance_left_tennis_ball_camera = 0.7060m
distance_pencil_bag_camera = 1.0500m
distance_soccer_ball_camera = 0.8940m"
captured_0034ax,lab,S3MX,24,SD,What is the velocity of the left tennis ball at 1.3s in cm/s?,diameter of the tennis ball = 6.7cm,"t=1.2s, distance_right_tennis_ball_camera = 0.7760m
t=1.2s, distance_left_tennis_ball_camera = 0.7060m
distance_pencil_bag_camera = 1.0500m
distance_soccer_ball_camera = 0.8940m"
captured_0034ax,lab,S3MX,24,SD,What is the velocity of the right tennis ball at 1.3s in cm/s?,diameter of the tennis ball = 6.7cm,"t=1.2s, distance_right_tennis_ball_camera = 0.7760m
t=1.2s, distance_left_tennis_ball_camera = 0.7060m
distance_pencil_bag_camera = 1.0500m
distance_soccer_ball_camera = 0.8940m"
captured_0034ax,lab,S3MX,24,SS,What is the total distance traveled by the left tennis ball in cm?,diameter of the tennis ball = 6.7cm,"t=1.2s, distance_right_tennis_ball_camera = 0.7760m
t=1.2s, distance_left_tennis_ball_camera = 0.7060m
distance_pencil_bag_camera = 1.0500m
distance_soccer_ball_camera = 0.8940m"
captured_0034ax,lab,S3MX,24,SS,What is the total distance traveled by the right tennis ball in cm?,diameter of the tennis ball = 6.7cm,"t=1.2s, distance_right_tennis_ball_camera = 0.7760m
t=1.2s, distance_left_tennis_ball_camera = 0.7060m
distance_pencil_bag_camera = 1.0500m
distance_soccer_ball_camera = 0.8940m"
captured_0034b,lab,S3MC,24,SD,What is the velocity of the left tennis ball at 1.2s in cm/s?,diameter of the tennis ball = 6.7cm,"t=1.2s, distance_right_tennis_ball_camera = 0.7760m
t=1.2s, distance_left_tennis_ball_camera = 0.7060m
distance_pencil_bag_camera = 1.0500m
distance_soccer_ball_camera = 0.8940m"
captured_0034b,lab,S3MC,24,SD,What is the velocity of the right tennis ball at 1.2s in cm/s?,diameter of the tennis ball = 6.7cm,"t=1.2s, distance_right_tennis_ball_camera = 0.7760m
t=1.2s, distance_left_tennis_ball_camera = 0.7060m
distance_pencil_bag_camera = 1.0500m
distance_soccer_ball_camera = 0.8940m"
captured_0034b,lab,S3MC,24,SS,What is the height of the pencil bag in cm?,diameter of the tennis ball = 6.7cm,"t=1.2s, distance_right_tennis_ball_camera = 0.7760m
t=1.2s, distance_left_tennis_ball_camera = 0.7060m
distance_pencil_bag_camera = 1.0500m
distance_soccer_ball_camera = 0.8940m"
captured_0034b,lab,S3MC,24,SS,What is the length of the pencil bag in cm?,diameter of the tennis ball = 6.7cm,"t=1.2s, distance_right_tennis_ball_camera = 0.7760m
t=1.2s, distance_left_tennis_ball_camera = 0.7060m
distance_pencil_bag_camera = 1.0500m
distance_soccer_ball_camera = 0.8940m"
captured_0034b,lab,S3MC,24,SS,What is the diameter of the soccer ball in cm?,diameter of the tennis ball = 6.7cm,"t=1.2s, distance_right_tennis_ball_camera = 0.7760m
t=1.2s, distance_left_tennis_ball_camera = 0.7060m
distance_pencil_bag_camera = 1.0500m
distance_soccer_ball_camera = 0.8940m"
captured_0034b,lab,S3MC,24,SS,What is the total distance traveled by the left tennis ball in cm?,diameter of the tennis ball = 6.7cm,"t=1.2s, distance_right_tennis_ball_camera = 0.7760m
t=1.2s, distance_left_tennis_ball_camera = 0.7060m
distance_pencil_bag_camera = 1.0500m
distance_soccer_ball_camera = 0.8940m"
captured_0034b,lab,S3MC,24,SS,What is the total distance traveled by the right tennis ball in cm?,diameter of the tennis ball = 6.7cm,"t=1.2s, distance_right_tennis_ball_camera = 0.7760m
t=1.2s, distance_left_tennis_ball_camera = 0.7060m
distance_pencil_bag_camera = 1.0500m
distance_soccer_ball_camera = 0.8940m"
captured_0034bs,lab,S3MS,24,SD,What is the velocity of the left tennis ball at 1.2s in cm/s?,diameter of the tennis ball = 6.7cm,"t=1.2s, distance_right_tennis_ball_camera = 0.7760m
t=1.2s, distance_left_tennis_ball_camera = 0.7060m
distance_pencil_bag_camera = 1.0500m
distance_soccer_ball_camera = 0.8940m"
captured_0034bs,lab,S3MS,24,SD,What is the velocity of the right tennis ball at 1.2s in cm/s?,diameter of the tennis ball = 6.7cm,"t=1.2s, distance_right_tennis_ball_camera = 0.7760m
t=1.2s, distance_left_tennis_ball_camera = 0.7060m
distance_pencil_bag_camera = 1.0500m
distance_soccer_ball_camera = 0.8940m"
captured_0034bs,lab,S3MS,24,SS,What is the height of the pencil bag in cm?,diameter of the tennis ball = 6.7cm,"t=1.2s, distance_right_tennis_ball_camera = 0.7760m
t=1.2s, distance_left_tennis_ball_camera = 0.7060m
distance_pencil_bag_camera = 1.0500m
distance_soccer_ball_camera = 0.8940m"
captured_0034bs,lab,S3MS,24,SS,What is the length of the pencil bag in cm?,diameter of the tennis ball = 6.7cm,"t=1.2s, distance_right_tennis_ball_camera = 0.7760m
t=1.2s, distance_left_tennis_ball_camera = 0.7060m
distance_pencil_bag_camera = 1.0500m
distance_soccer_ball_camera = 0.8940m"
captured_0034bs,lab,S3MS,24,SS,What is the diameter of the soccer ball in cm?,diameter of the tennis ball = 6.7cm,"t=1.2s, distance_right_tennis_ball_camera = 0.7760m
t=1.2s, distance_left_tennis_ball_camera = 0.7060m
distance_pencil_bag_camera = 1.0500m
distance_soccer_ball_camera = 0.8940m"
captured_0034bs,lab,S3MS,24,SS,What is the total distance traveled by the left tennis ball in cm?,diameter of the tennis ball = 6.7cm,"t=1.2s, distance_right_tennis_ball_camera = 0.7760m
t=1.2s, distance_left_tennis_ball_camera = 0.7060m
distance_pencil_bag_camera = 1.0500m
distance_soccer_ball_camera = 0.8940m"
captured_0034bs,lab,S3MS,24,SS,What is the total distance traveled by the right tennis ball in cm?,diameter of the tennis ball = 6.7cm,"t=1.2s, distance_right_tennis_ball_camera = 0.7760m
t=1.2s, distance_left_tennis_ball_camera = 0.7060m
distance_pencil_bag_camera = 1.0500m
distance_soccer_ball_camera = 0.8940m"
captured_0034bx,lab,S3MX,24,SD,What is the velocity of the left tennis ball at 1.2s in cm/s?,diameter of the tennis ball = 6.7cm,"t=1.2s, distance_right_tennis_ball_camera = 0.7760m
t=1.2s, distance_left_tennis_ball_camera = 0.7060m
distance_pencil_bag_camera = 1.0500m
distance_soccer_ball_camera = 0.8940m"
captured_0034bx,lab,S3MX,24,SD,What is the velocity of the right tennis ball at 1.2s in cm/s?,diameter of the tennis ball = 6.7cm,"t=1.2s, distance_right_tennis_ball_camera = 0.7760m
t=1.2s, distance_left_tennis_ball_camera = 0.7060m
distance_pencil_bag_camera = 1.0500m
distance_soccer_ball_camera = 0.8940m"
captured_0034bx,lab,S3MX,24,SS,What is the height of the pencil bag in cm?,diameter of the tennis ball = 6.7cm,"t=1.2s, distance_right_tennis_ball_camera = 0.7760m
t=1.2s, distance_left_tennis_ball_camera = 0.7060m
distance_pencil_bag_camera = 1.0500m
distance_soccer_ball_camera = 0.8940m"
captured_0034bx,lab,S3MX,24,SS,What is the length of the pencil bag in cm?,diameter of the tennis ball = 6.7cm,"t=1.2s, distance_right_tennis_ball_camera = 0.7760m
t=1.2s, distance_left_tennis_ball_camera = 0.7060m
distance_pencil_bag_camera = 1.0500m
distance_soccer_ball_camera = 0.8940m"
captured_0034bx,lab,S3MX,24,SS,What is the diameter of the soccer ball in cm?,diameter of the tennis ball = 6.7cm,"t=1.2s, distance_right_tennis_ball_camera = 0.7760m
t=1.2s, distance_left_tennis_ball_camera = 0.7060m
distance_pencil_bag_camera = 1.0500m
distance_soccer_ball_camera = 0.8940m"
captured_0034bx,lab,S3MX,24,SS,What is the total distance traveled by the left tennis ball in cm?,diameter of the tennis ball = 6.7cm,"t=1.2s, distance_right_tennis_ball_camera = 0.7760m
t=1.2s, distance_left_tennis_ball_camera = 0.7060m
distance_pencil_bag_camera = 1.0500m
distance_soccer_ball_camera = 0.8940m"
captured_0034bx,lab,S3MX,24,SS,What is the total distance traveled by the right tennis ball in cm?,diameter of the tennis ball = 6.7cm,"t=1.2s, distance_right_tennis_ball_camera = 0.7760m
t=1.2s, distance_left_tennis_ball_camera = 0.7060m
distance_pencil_bag_camera = 1.0500m
distance_soccer_ball_camera = 0.8940m"
captured_0035a,lab,S3MC,24,SD,What is the velocity of the soccer ball at 0.6s in cm/s?,diameter of the basketball = 23.2 cm,"t=0.6s, distance_soccer_ball_camera = 2.7580 m
t=0.6s, distance_basketball_camera = 2.2700 m
t=1.6s, distance_soccer_ball_camera = 3.0520 m
t=1.6s, distance_soccer_ball_camera = 2.4120 m"
captured_0035a,lab,S3MC,24,SD,What is the velocity of the basketball at 0.6s in cm/s?,diameter of the basketball = 23.2 cm,"t=0.6s, distance_soccer_ball_camera = 2.7580 m
t=0.6s, distance_basketball_camera = 2.2700 m
t=1.6s, distance_soccer_ball_camera = 3.0520 m
t=1.6s, distance_soccer_ball_camera = 2.4120 m"
captured_0035a,lab,S3MC,24,SS,What is the displacement of the soccer ball between 0.5s and 0.6s in cm?,diameter of the basketball = 23.2 cm,"t=0.6s, distance_soccer_ball_camera = 2.7580 m
t=0.6s, distance_basketball_camera = 2.2700 m
t=1.6s, distance_soccer_ball_camera = 3.0520 m
t=1.6s, distance_soccer_ball_camera = 2.4120 m"
captured_0035a,lab,S3MC,24,SS,What is the displacement of the basketball between 0.5s and 0.6s in cm?,diameter of the basketball = 23.2 cm,"t=0.6s, distance_soccer_ball_camera = 2.7580 m
t=0.6s, distance_basketball_camera = 2.2700 m
t=1.6s, distance_soccer_ball_camera = 3.0520 m
t=1.6s, distance_soccer_ball_camera = 2.4120 m"
captured_0035a,lab,S3MC,24,SS,What is the diameter of the soccer ball in cm?,diameter of the basketball = 23.2 cm,"t=0.6s, distance_soccer_ball_camera = 2.7580 m
t=0.6s, distance_basketball_camera = 2.2700 m
t=1.6s, distance_soccer_ball_camera = 3.0520 m
t=1.6s, distance_soccer_ball_camera = 2.4120 m"
captured_0035a,lab,S3MC,24,SS,What is the velocity of the soccer ball at 1.5s in cm/s?,diameter of the basketball = 23.2 cm,"t=0.6s, distance_soccer_ball_camera = 2.7580 m
t=0.6s, distance_basketball_camera = 2.2700 m
t=1.6s, distance_soccer_ball_camera = 3.0520 m
t=1.6s, distance_soccer_ball_camera = 2.4120 m"
captured_0035a,lab,S3MC,24,SS,What is the velocity of the basketball at 1.5s in cm/s?,diameter of the basketball = 23.2 cm,"t=0.6s, distance_soccer_ball_camera = 2.7580 m
t=0.6s, distance_basketball_camera = 2.2700 m
t=1.6s, distance_soccer_ball_camera = 3.0520 m
t=1.6s, distance_soccer_ball_camera = 2.4120 m"
captured_0035a,lab,S3MC,24,SD,What is the velocity of the soccer ball at 1.6s in cm/s?,diameter of the basketball = 23.2 cm,"t=0.6s, distance_soccer_ball_camera = 2.7580 m
t=0.6s, distance_basketball_camera = 2.2700 m
t=1.6s, distance_soccer_ball_camera = 3.0520 m
t=1.6s, distance_soccer_ball_camera = 2.4120 m"
captured_0035a,lab,S3MC,24,SD,What is the velocity of the basketball at 1.6s in cm/s?,diameter of the basketball = 23.2 cm,"t=0.6s, distance_soccer_ball_camera = 2.7580 m
t=0.6s, distance_basketball_camera = 2.2700 m
t=1.6s, distance_soccer_ball_camera = 3.0520 m
t=1.6s, distance_soccer_ball_camera = 2.4120 m"
captured_0035as,lab,S3MS,24,SD,What is the velocity of the soccer ball at 0.6s in cm/s?,diameter of the basketball = 23.2 cm,"t=0.6s, distance_soccer_ball_camera = 2.7580 m
t=0.6s, distance_basketball_camera = 2.2700 m
t=1.6s, distance_soccer_ball_camera = 3.0520 m
t=1.6s, distance_soccer_ball_camera = 2.4120 m"
captured_0035as,lab,S3MS,24,SD,What is the velocity of the basketball at 0.6s in cm/s?,diameter of the basketball = 23.2 cm,"t=0.6s, distance_soccer_ball_camera = 2.7580 m
t=0.6s, distance_basketball_camera = 2.2700 m
t=1.6s, distance_soccer_ball_camera = 3.0520 m
t=1.6s, distance_soccer_ball_camera = 2.4120 m"
captured_0035as,lab,S3MS,24,SS,What is the displacement of the soccer ball between 0.5s and 0.6s in cm?,diameter of the basketball = 23.2 cm,"t=0.6s, distance_soccer_ball_camera = 2.7580 m
t=0.6s, distance_basketball_camera = 2.2700 m
t=1.6s, distance_soccer_ball_camera = 3.0520 m
t=1.6s, distance_soccer_ball_camera = 2.4120 m"
captured_0035as,lab,S3MS,24,SS,What is the displacement of the basketball between 0.5s and 0.6s in cm?,diameter of the basketball = 23.2 cm,"t=0.6s, distance_soccer_ball_camera = 2.7580 m
t=0.6s, distance_basketball_camera = 2.2700 m
t=1.6s, distance_soccer_ball_camera = 3.0520 m
t=1.6s, distance_soccer_ball_camera = 2.4120 m"
captured_0035as,lab,S3MS,24,SS,What is the diameter of the soccer ball in cm?,diameter of the basketball = 23.2 cm,"t=0.6s, distance_soccer_ball_camera = 2.7580 m
t=0.6s, distance_basketball_camera = 2.2700 m
t=1.6s, distance_soccer_ball_camera = 3.0520 m
t=1.6s, distance_soccer_ball_camera = 2.4120 m"
captured_0035as,lab,S3MS,24,SS,What is the velocity of the soccer ball at 1.5s in cm/s?,diameter of the basketball = 23.2 cm,"t=0.6s, distance_soccer_ball_camera = 2.7580 m
t=0.6s, distance_basketball_camera = 2.2700 m
t=1.6s, distance_soccer_ball_camera = 3.0520 m
t=1.6s, distance_soccer_ball_camera = 2.4120 m"
captured_0035as,lab,S3MS,24,SS,What is the velocity of the basketball at 1.5s in cm/s?,diameter of the basketball = 23.2 cm,"t=0.6s, distance_soccer_ball_camera = 2.7580 m
t=0.6s, distance_basketball_camera = 2.2700 m
t=1.6s, distance_soccer_ball_camera = 3.0520 m
t=1.6s, distance_soccer_ball_camera = 2.4120 m"
captured_0035as,lab,S3MS,24,SD,What is the velocity of the soccer ball at 1.6s in cm/s?,diameter of the basketball = 23.2 cm,"t=0.6s, distance_soccer_ball_camera = 2.7580 m
t=0.6s, distance_basketball_camera = 2.2700 m
t=1.6s, distance_soccer_ball_camera = 3.0520 m
t=1.6s, distance_soccer_ball_camera = 2.4120 m"
captured_0035as,lab,S3MS,24,SD,What is the velocity of the basketball at 1.6s in cm/s?,diameter of the basketball = 23.2 cm,"t=0.6s, distance_soccer_ball_camera = 2.7580 m
t=0.6s, distance_basketball_camera = 2.2700 m
t=1.6s, distance_soccer_ball_camera = 3.0520 m
t=1.6s, distance_soccer_ball_camera = 2.4120 m"
captured_0035ax,lab,S3MX,24,SD,What is the velocity of the soccer ball at 0.6s in cm/s?,diameter of the basketball = 23.2 cm,"t=0.6s, distance_soccer_ball_camera = 2.7580 m
t=0.6s, distance_basketball_camera = 2.2700 m
t=1.6s, distance_soccer_ball_camera = 3.0520 m
t=1.6s, distance_soccer_ball_camera = 2.4120 m"
captured_0035ax,lab,S3MX,24,SD,What is the velocity of the basketball at 0.6s in cm/s?,diameter of the basketball = 23.2 cm,"t=0.6s, distance_soccer_ball_camera = 2.7580 m
t=0.6s, distance_basketball_camera = 2.2700 m
t=1.6s, distance_soccer_ball_camera = 3.0520 m
t=1.6s, distance_soccer_ball_camera = 2.4120 m"
captured_0035ax,lab,S3MX,24,SS,What is the displacement of the soccer ball between 0.5s and 0.6s in cm?,diameter of the basketball = 23.2 cm,"t=0.6s, distance_soccer_ball_camera = 2.7580 m
t=0.6s, distance_basketball_camera = 2.2700 m
t=1.6s, distance_soccer_ball_camera = 3.0520 m
t=1.6s, distance_soccer_ball_camera = 2.4120 m"
captured_0035ax,lab,S3MX,24,SS,What is the displacement of the basketball between 0.5s and 0.6s in cm?,diameter of the basketball = 23.2 cm,"t=0.6s, distance_soccer_ball_camera = 2.7580 m
t=0.6s, distance_basketball_camera = 2.2700 m
t=1.6s, distance_soccer_ball_camera = 3.0520 m
t=1.6s, distance_soccer_ball_camera = 2.4120 m"
captured_0035ax,lab,S3MX,24,SS,What is the diameter of the soccer ball in cm?,diameter of the basketball = 23.2 cm,"t=0.6s, distance_soccer_ball_camera = 2.7580 m
t=0.6s, distance_basketball_camera = 2.2700 m
t=1.6s, distance_soccer_ball_camera = 3.0520 m
t=1.6s, distance_soccer_ball_camera = 2.4120 m"
captured_0035ax,lab,S3MX,24,SS,What is the velocity of the soccer ball at 1.5s in cm/s?,diameter of the basketball = 23.2 cm,"t=0.6s, distance_soccer_ball_camera = 2.7580 m
t=0.6s, distance_basketball_camera = 2.2700 m
t=1.6s, distance_soccer_ball_camera = 3.0520 m
t=1.6s, distance_soccer_ball_camera = 2.4120 m"
captured_0035ax,lab,S3MX,24,SS,What is the velocity of the basketball at 1.5s in cm/s?,diameter of the basketball = 23.2 cm,"t=0.6s, distance_soccer_ball_camera = 2.7580 m
t=0.6s, distance_basketball_camera = 2.2700 m
t=1.6s, distance_soccer_ball_camera = 3.0520 m
t=1.6s, distance_soccer_ball_camera = 2.4120 m"
captured_0035ax,lab,S3MX,24,SD,What is the velocity of the soccer ball at 1.6s in cm/s?,diameter of the basketball = 23.2 cm,"t=0.6s, distance_soccer_ball_camera = 2.7580 m
t=0.6s, distance_basketball_camera = 2.2700 m
t=1.6s, distance_soccer_ball_camera = 3.0520 m
t=1.6s, distance_soccer_ball_camera = 2.4120 m"
captured_0035ax,lab,S3MX,24,SD,What is the velocity of the basketball at 1.6s in cm/s?,diameter of the basketball = 23.2 cm,"t=0.6s, distance_soccer_ball_camera = 2.7580 m
t=0.6s, distance_basketball_camera = 2.2700 m
t=1.6s, distance_soccer_ball_camera = 3.0520 m
t=1.6s, distance_soccer_ball_camera = 2.4120 m"
captured_0035b,lab,S3MC,24,SD,What is the velocity of the soccer ball at 0.9s in cm/s?,diameter of the basketball = 23.2 cm,"t=0.9s, distance_soccer_ball_camera = 2.4770m
t=0.9s, distance_basketball_camera = 2.7777m
t=1.4s, distance_soccer_ball_camera = 2.6020 m
t=1.4s, distance_soccer_ball_camera = 2.3730 m"
captured_0035b,lab,S3MC,24,SD,What is the velocity of the basketball at 0.9s in cm/s?,diameter of the basketball = 23.2 cm,"t=0.9s, distance_soccer_ball_camera = 2.4770m
t=0.9s, distance_basketball_camera = 2.7777m
t=1.4s, distance_soccer_ball_camera = 2.6020 m
t=1.4s, distance_soccer_ball_camera = 2.3730 m"
captured_0035b,lab,S3MC,24,SD,What is the velocity of the soccer ball at 1.4s in cm/s?,diameter of the basketball = 23.2 cm,"t=0.9s, distance_soccer_ball_camera = 2.4770m
t=0.9s, distance_basketball_camera = 2.7777m
t=1.4s, distance_soccer_ball_camera = 2.6020 m
t=1.4s, distance_soccer_ball_camera = 2.3730 m"
captured_0035b,lab,S3MC,24,SD,What is the velocity of the basketball at 1.4s in cm/s?,diameter of the basketball = 23.2 cm,"t=0.9s, distance_soccer_ball_camera = 2.4770m
t=0.9s, distance_basketball_camera = 2.7777m
t=1.4s, distance_soccer_ball_camera = 2.6020 m
t=1.4s, distance_soccer_ball_camera = 2.3730 m"
captured_0035b,lab,S3MC,24,SS,What is the displacement of the soccer ball between 0.4s and 0.9s in cm?,diameter of the basketball = 23.2 cm,"t=0.9s, distance_soccer_ball_camera = 2.4770m
t=0.9s, distance_basketball_camera = 2.7777m
t=1.4s, distance_soccer_ball_camera = 2.6020 m
t=1.4s, distance_soccer_ball_camera = 2.3730 m"
captured_0035b,lab,S3MC,24,SS,What is the displacement of the basketball between 0.4s and 0.9s in cm?,diameter of the basketball = 23.2 cm,"t=0.9s, distance_soccer_ball_camera = 2.4770m
t=0.9s, distance_basketball_camera = 2.7777m
t=1.4s, distance_soccer_ball_camera = 2.6020 m
t=1.4s, distance_soccer_ball_camera = 2.3730 m"
captured_0035b,lab,S3MC,24,SS,What is the diameter of the soccer ball in cm?,diameter of the basketball = 23.2 cm,"t=0.9s, distance_soccer_ball_camera = 2.4770m
t=0.9s, distance_basketball_camera = 2.7777m
t=1.4s, distance_soccer_ball_camera = 2.6020 m
t=1.4s, distance_soccer_ball_camera = 2.3730 m"
captured_0035b,lab,S3MC,24,SS,What is the velocity of the soccer ball at 1.3s in cm/s?,diameter of the basketball = 23.2 cm,"t=0.9s, distance_soccer_ball_camera = 2.4770m
t=0.9s, distance_basketball_camera = 2.7777m
t=1.4s, distance_soccer_ball_camera = 2.6020 m
t=1.4s, distance_soccer_ball_camera = 2.3730 m"
captured_0035b,lab,S3MC,24,SS,What is the velocity of the basketball at 1.3s in cm/s?,diameter of the basketball = 23.2 cm,"t=0.9s, distance_soccer_ball_camera = 2.4770m
t=0.9s, distance_basketball_camera = 2.7777m
t=1.4s, distance_soccer_ball_camera = 2.6020 m
t=1.4s, distance_soccer_ball_camera = 2.3730 m"
captured_0035bs,lab,S3MS,24,SD,What is the velocity of the soccer ball at 0.9s in cm/s?,diameter of the basketball = 23.2 cm,"t=0.9s, distance_soccer_ball_camera = 2.4770m
t=0.9s, distance_basketball_camera = 2.7777m
t=1.4s, distance_soccer_ball_camera = 2.6020 m
t=1.4s, distance_soccer_ball_camera = 2.3730 m"
captured_0035bs,lab,S3MS,24,SD,What is the velocity of the basketball at 0.9s in cm/s?,diameter of the basketball = 23.2 cm,"t=0.9s, distance_soccer_ball_camera = 2.4770m
t=0.9s, distance_basketball_camera = 2.7777m
t=1.4s, distance_soccer_ball_camera = 2.6020 m
t=1.4s, distance_soccer_ball_camera = 2.3730 m"
captured_0035bs,lab,S3MS,24,SD,What is the velocity of the soccer ball at 1.4s in cm/s?,diameter of the basketball = 23.2 cm,"t=0.9s, distance_soccer_ball_camera = 2.4770m
t=0.9s, distance_basketball_camera = 2.7777m
t=1.4s, distance_soccer_ball_camera = 2.6020 m
t=1.4s, distance_soccer_ball_camera = 2.3730 m"
captured_0035bs,lab,S3MS,24,SD,What is the velocity of the basketball at 1.4s in cm/s?,diameter of the basketball = 23.2 cm,"t=0.9s, distance_soccer_ball_camera = 2.4770m
t=0.9s, distance_basketball_camera = 2.7777m
t=1.4s, distance_soccer_ball_camera = 2.6020 m
t=1.4s, distance_soccer_ball_camera = 2.3730 m"
captured_0035bs,lab,S3MS,24,SS,What is the displacement of the soccer ball between 0.4s and 0.9s in cm?,diameter of the basketball = 23.2 cm,"t=0.9s, distance_soccer_ball_camera = 2.4770m
t=0.9s, distance_basketball_camera = 2.7777m
t=1.4s, distance_soccer_ball_camera = 2.6020 m
t=1.4s, distance_soccer_ball_camera = 2.3730 m"
captured_0035bs,lab,S3MS,24,SS,What is the displacement of the basketball between 0.4s and 0.9s in cm?,diameter of the basketball = 23.2 cm,"t=0.9s, distance_soccer_ball_camera = 2.4770m
t=0.9s, distance_basketball_camera = 2.7777m
t=1.4s, distance_soccer_ball_camera = 2.6020 m
t=1.4s, distance_soccer_ball_camera = 2.3730 m"
captured_0035bs,lab,S3MS,24,SS,What is the diameter of the soccer ball in cm?,diameter of the basketball = 23.2 cm,"t=0.9s, distance_soccer_ball_camera = 2.4770m
t=0.9s, distance_basketball_camera = 2.7777m
t=1.4s, distance_soccer_ball_camera = 2.6020 m
t=1.4s, distance_soccer_ball_camera = 2.3730 m"
captured_0035bs,lab,S3MS,24,SS,What is the velocity of the soccer ball at 1.3s in cm/s?,diameter of the basketball = 23.2 cm,"t=0.9s, distance_soccer_ball_camera = 2.4770m
t=0.9s, distance_basketball_camera = 2.7777m
t=1.4s, distance_soccer_ball_camera = 2.6020 m
t=1.4s, distance_soccer_ball_camera = 2.3730 m"
captured_0035bs,lab,S3MS,24,SS,What is the velocity of the basketball at 1.3s in cm/s?,diameter of the basketball = 23.2 cm,"t=0.9s, distance_soccer_ball_camera = 2.4770m
t=0.9s, distance_basketball_camera = 2.7777m
t=1.4s, distance_soccer_ball_camera = 2.6020 m
t=1.4s, distance_soccer_ball_camera = 2.3730 m"
captured_0035bx,lab,S3MX,24,SD,What is the velocity of the soccer ball at 0.9s in cm/s?,diameter of the basketball = 23.2 cm,"t=0.9s, distance_soccer_ball_camera = 2.4770m
t=0.9s, distance_basketball_camera = 2.7777m
t=1.4s, distance_soccer_ball_camera = 2.6020 m
t=1.4s, distance_soccer_ball_camera = 2.3730 m"
captured_0035bx,lab,S3MX,24,SD,What is the velocity of the basketball at 0.9s in cm/s?,diameter of the basketball = 23.2 cm,"t=0.9s, distance_soccer_ball_camera = 2.4770m
t=0.9s, distance_basketball_camera = 2.7777m
t=1.4s, distance_soccer_ball_camera = 2.6020 m
t=1.4s, distance_soccer_ball_camera = 2.3730 m"
captured_0035bx,lab,S3MX,24,SD,What is the velocity of the soccer ball at 1.4s in cm/s?,diameter of the basketball = 23.2 cm,"t=0.9s, distance_soccer_ball_camera = 2.4770m
t=0.9s, distance_basketball_camera = 2.7777m
t=1.4s, distance_soccer_ball_camera = 2.6020 m
t=1.4s, distance_soccer_ball_camera = 2.3730 m"
captured_0035bx,lab,S3MX,24,SD,What is the velocity of the basketball at 1.4s in cm/s?,diameter of the basketball = 23.2 cm,"t=0.9s, distance_soccer_ball_camera = 2.4770m
t=0.9s, distance_basketball_camera = 2.7777m
t=1.4s, distance_soccer_ball_camera = 2.6020 m
t=1.4s, distance_soccer_ball_camera = 2.3730 m"
captured_0035bx,lab,S3MX,24,SS,What is the displacement of the soccer ball between 0.4s and 0.9s in cm?,diameter of the basketball = 23.2 cm,"t=0.9s, distance_soccer_ball_camera = 2.4770m
t=0.9s, distance_basketball_camera = 2.7777m
t=1.4s, distance_soccer_ball_camera = 2.6020 m
t=1.4s, distance_soccer_ball_camera = 2.3730 m"
captured_0035bx,lab,S3MX,24,SS,What is the displacement of the basketball between 0.4s and 0.9s in cm?,diameter of the basketball = 23.2 cm,"t=0.9s, distance_soccer_ball_camera = 2.4770m
t=0.9s, distance_basketball_camera = 2.7777m
t=1.4s, distance_soccer_ball_camera = 2.6020 m
t=1.4s, distance_soccer_ball_camera = 2.3730 m"
captured_0035bx,lab,S3MX,24,SS,What is the diameter of the soccer ball in cm?,diameter of the basketball = 23.2 cm,"t=0.9s, distance_soccer_ball_camera = 2.4770m
t=0.9s, distance_basketball_camera = 2.7777m
t=1.4s, distance_soccer_ball_camera = 2.6020 m
t=1.4s, distance_soccer_ball_camera = 2.3730 m"
captured_0035bx,lab,S3MX,24,SS,What is the velocity of the soccer ball at 1.3s in cm/s?,diameter of the basketball = 23.2 cm,"t=0.9s, distance_soccer_ball_camera = 2.4770m
t=0.9s, distance_basketball_camera = 2.7777m
t=1.4s, distance_soccer_ball_camera = 2.6020 m
t=1.4s, distance_soccer_ball_camera = 2.3730 m"
captured_0035bx,lab,S3MX,24,SS,What is the velocity of the basketball at 1.3s in cm/s?,diameter of the basketball = 23.2 cm,"t=0.9s, distance_soccer_ball_camera = 2.4770m
t=0.9s, distance_basketball_camera = 2.7777m
t=1.4s, distance_soccer_ball_camera = 2.6020 m
t=1.4s, distance_soccer_ball_camera = 2.3730 m"
captured_0036,lab,S3SC,24,SD,What is the ping pong ball's velocity at 0.9s in cm/s? ,diameter of the ping pong ball = 4cm,"t=0.9s, distance_ping_pong_ball_camera = 1.0100m
t=1.4s, distance_ping_pong_ball_camera = 0.7160m"
captured_0036,lab,S3SC,24,SD,What is the ping pong ball's velocity at 1.4s in cm/s? ,diameter of the ping pong ball = 4cm,"t=0.9s, distance_ping_pong_ball_camera = 1.0100m
t=1.4s, distance_ping_pong_ball_camera = 0.7160m"
captured_0036,lab,S3SC,24,SS,What is the ping pong ball's displacement between 0.9s and 1.4s in cm?,diameter of the ping pong ball = 4cm,"t=0.9s, distance_ping_pong_ball_camera = 1.0100m
t=1.4s, distance_ping_pong_ball_camera = 0.7160m"
captured_0036,lab,S3SC,24,SS,What is the width of the table in the video in meters? ,diameter of the ping pong ball = 4cm,"t=0.9s, distance_ping_pong_ball_camera = 1.0100m
t=1.4s, distance_ping_pong_ball_camera = 0.7160m"
captured_0036,lab,S3SC,24,SS,What is the length of the table in the video in meters? ,diameter of the ping pong ball = 4cm,"t=0.9s, distance_ping_pong_ball_camera = 1.0100m
t=1.4s, distance_ping_pong_ball_camera = 0.7160m"
captured_0036s,lab,S3SS,24,SD,What is the ping pong ball's velocity at 0.9s in cm/s? ,diameter of the ping pong ball = 4cm,"t=0.9s, distance_ping_pong_ball_camera = 1.0100m
t=1.4s, distance_ping_pong_ball_camera = 0.7160m"
captured_0036s,lab,S3SS,24,SD,What is the ping pong ball's velocity at 1.4s in cm/s? ,diameter of the ping pong ball = 4cm,"t=0.9s, distance_ping_pong_ball_camera = 1.0100m
t=1.4s, distance_ping_pong_ball_camera = 0.7160m"
captured_0036s,lab,S3SS,24,SS,What is the ping pong ball's displacement between 0.9s and 1.4s in cm?,diameter of the ping pong ball = 4cm,"t=0.9s, distance_ping_pong_ball_camera = 1.0100m
t=1.4s, distance_ping_pong_ball_camera = 0.7160m"
captured_0036s,lab,S3SS,24,SS,What is the width of the table in the video in meters? ,diameter of the ping pong ball = 4cm,"t=0.9s, distance_ping_pong_ball_camera = 1.0100m
t=1.4s, distance_ping_pong_ball_camera = 0.7160m"
captured_0036s,lab,S3SS,24,SS,What is the length of the table in the video in meters? ,diameter of the ping pong ball = 4cm,"t=0.9s, distance_ping_pong_ball_camera = 1.0100m
t=1.4s, distance_ping_pong_ball_camera = 0.7160m"
captured_0036x,lab,S3SX,24,SD,What is the ping pong ball's velocity at 0.9s in cm/s? ,diameter of the ping pong ball = 4cm,"t=0.9s, distance_ping_pong_ball_camera = 1.0100m
t=1.4s, distance_ping_pong_ball_camera = 0.7160m"
captured_0036x,lab,S3SX,24,SD,What is the ping pong ball's velocity at 1.4s in cm/s? ,diameter of the ping pong ball = 4cm,"t=0.9s, distance_ping_pong_ball_camera = 1.0100m
t=1.4s, distance_ping_pong_ball_camera = 0.7160m"
captured_0036x,lab,S3SX,24,SS,What is the ping pong ball's displacement between 0.9s and 1.4s in cm?,diameter of the ping pong ball = 4cm,"t=0.9s, distance_ping_pong_ball_camera = 1.0100m
t=1.4s, distance_ping_pong_ball_camera = 0.7160m"
captured_0036x,lab,S3SX,24,SS,What is the width of the table in the video in meters? ,diameter of the ping pong ball = 4cm,"t=0.9s, distance_ping_pong_ball_camera = 1.0100m
t=1.4s, distance_ping_pong_ball_camera = 0.7160m"
captured_0036x,lab,S3SX,24,SS,What is the length of the table in the video in meters? ,diameter of the ping pong ball = 4cm,"t=0.9s, distance_ping_pong_ball_camera = 1.0100m
t=1.4s, distance_ping_pong_ball_camera = 0.7160m"
captured_0037,lab,S3MC,24,SS,What is the height of the white cup in cm? ,diameter of the ping pong ball = 4cm,"t=1.0s, distance_ping_pong_ball_camera = 1.0550m
distance_credit_card_camera = 0.6790m
distance_poker_tower_camera = 0.9050m
distance_white_cup_camera = 0.8450m
distance_tape_camera = 1.0380m
distance_glass_jar_camera = 1.0080m"
captured_0037,lab,S3MC,24,SS,What is the height of the poker tower in cm? ,diameter of the ping pong ball = 4cm,"t=1.0s, distance_ping_pong_ball_camera = 1.0550m
distance_credit_card_camera = 0.6790m
distance_poker_tower_camera = 0.9050m
distance_white_cup_camera = 0.8450m
distance_tape_camera = 1.0380m
distance_glass_jar_camera = 1.0080m"
captured_0037,lab,S3MC,24,SS,What is the height of the glass jar in cm? ,diameter of the ping pong ball = 4cm,"t=1.0s, distance_ping_pong_ball_camera = 1.0550m
distance_credit_card_camera = 0.6790m
distance_poker_tower_camera = 0.9050m
distance_white_cup_camera = 0.8450m
distance_tape_camera = 1.0380m
distance_glass_jar_camera = 1.0080m"
captured_0037,lab,S3MC,24,SS,What is the width of the tape in cm? ,diameter of the ping pong ball = 4cm,"t=1.0s, distance_ping_pong_ball_camera = 1.0550m
distance_credit_card_camera = 0.6790m
distance_poker_tower_camera = 0.9050m
distance_white_cup_camera = 0.8450m
distance_tape_camera = 1.0380m
distance_glass_jar_camera = 1.0080m"
captured_0037,lab,S3MC,24,SD,What is the velocity of the ping pong ball at 1.0s in cm/s? ,diameter of the ping pong ball = 4cm,"t=1.0s, distance_ping_pong_ball_camera = 1.0550m
distance_credit_card_camera = 0.6790m
distance_poker_tower_camera = 0.9050m
distance_white_cup_camera = 0.8450m
distance_tape_camera = 1.0380m
distance_glass_jar_camera = 1.0080m"
captured_0037,lab,S3MC,24,SD,What is the velocity of the ping pong ball at 1.4s in cm/s? ,diameter of the ping pong ball = 4cm,"t=1.0s, distance_ping_pong_ball_camera = 1.0550m
distance_credit_card_camera = 0.6790m
distance_poker_tower_camera = 0.9050m
distance_white_cup_camera = 0.8450m
distance_tape_camera = 1.0380m
distance_glass_jar_camera = 1.0080m"
captured_0037s,lab,S3MS,24,SS,What is the height of the white cup in cm? ,diameter of the ping pong ball = 4cm,"t=1.0s, distance_ping_pong_ball_camera = 1.0550m
distance_credit_card_camera = 0.6790m
distance_poker_tower_camera = 0.9050m
distance_white_cup_camera = 0.8450m
distance_tape_camera = 1.0380m
distance_glass_jar_camera = 1.0080m"
captured_0037s,lab,S3MS,24,SS,What is the height of the poker tower in cm? ,diameter of the ping pong ball = 4cm,"t=1.0s, distance_ping_pong_ball_camera = 1.0550m
distance_credit_card_camera = 0.6790m
distance_poker_tower_camera = 0.9050m
distance_white_cup_camera = 0.8450m
distance_tape_camera = 1.0380m
distance_glass_jar_camera = 1.0080m"
captured_0037s,lab,S3MS,24,SS,What is the height of the glass jar in cm? ,diameter of the ping pong ball = 4cm,"t=1.0s, distance_ping_pong_ball_camera = 1.0550m
distance_credit_card_camera = 0.6790m
distance_poker_tower_camera = 0.9050m
distance_white_cup_camera = 0.8450m
distance_tape_camera = 1.0380m
distance_glass_jar_camera = 1.0080m"
captured_0037s,lab,S3MS,24,SS,What is the width of the tape in cm? ,diameter of the ping pong ball = 4cm,"t=1.0s, distance_ping_pong_ball_camera = 1.0550m
distance_credit_card_camera = 0.6790m
distance_poker_tower_camera = 0.9050m
distance_white_cup_camera = 0.8450m
distance_tape_camera = 1.0380m
distance_glass_jar_camera = 1.0080m"
captured_0037s,lab,S3MS,24,SD,What is the velocity of the ping pong ball at 1.0s in cm/s? ,diameter of the ping pong ball = 4cm,"t=1.0s, distance_ping_pong_ball_camera = 1.0550m
distance_credit_card_camera = 0.6790m
distance_poker_tower_camera = 0.9050m
distance_white_cup_camera = 0.8450m
distance_tape_camera = 1.0380m
distance_glass_jar_camera = 1.0080m"
captured_0037s,lab,S3MS,24,SD,What is the velocity of the ping pong ball at 1.4s in cm/s? ,diameter of the ping pong ball = 4cm,"t=1.0s, distance_ping_pong_ball_camera = 1.0550m
distance_credit_card_camera = 0.6790m
distance_poker_tower_camera = 0.9050m
distance_white_cup_camera = 0.8450m
distance_tape_camera = 1.0380m
distance_glass_jar_camera = 1.0080m"
captured_0037x,lab,S3MX,24,SS,What is the height of the white cup in cm? ,diameter of the ping pong ball = 4cm,"t=1.0s, distance_ping_pong_ball_camera = 1.0550m
distance_credit_card_camera = 0.6790m
distance_poker_tower_camera = 0.9050m
distance_white_cup_camera = 0.8450m
distance_tape_camera = 1.0380m
distance_glass_jar_camera = 1.0080m"
captured_0037x,lab,S3MX,24,SS,What is the height of the poker tower in cm? ,diameter of the ping pong ball = 4cm,"t=1.0s, distance_ping_pong_ball_camera = 1.0550m
distance_credit_card_camera = 0.6790m
distance_poker_tower_camera = 0.9050m
distance_white_cup_camera = 0.8450m
distance_tape_camera = 1.0380m
distance_glass_jar_camera = 1.0080m"
captured_0037x,lab,S3MX,24,SS,What is the height of the glass jar in cm? ,diameter of the ping pong ball = 4cm,"t=1.0s, distance_ping_pong_ball_camera = 1.0550m
distance_credit_card_camera = 0.6790m
distance_poker_tower_camera = 0.9050m
distance_white_cup_camera = 0.8450m
distance_tape_camera = 1.0380m
distance_glass_jar_camera = 1.0080m"
captured_0037x,lab,S3MX,24,SS,What is the width of the tape in cm? ,diameter of the ping pong ball = 4cm,"t=1.0s, distance_ping_pong_ball_camera = 1.0550m
distance_credit_card_camera = 0.6790m
distance_poker_tower_camera = 0.9050m
distance_white_cup_camera = 0.8450m
distance_tape_camera = 1.0380m
distance_glass_jar_camera = 1.0080m"
captured_0037x,lab,S3MX,24,SD,What is the velocity of the ping pong ball at 1.0s in cm/s? ,diameter of the ping pong ball = 4cm,"t=1.0s, distance_ping_pong_ball_camera = 1.0550m
distance_credit_card_camera = 0.6790m
distance_poker_tower_camera = 0.9050m
distance_white_cup_camera = 0.8450m
distance_tape_camera = 1.0380m
distance_glass_jar_camera = 1.0080m"
captured_0037x,lab,S3MX,24,SD,What is the velocity of the ping pong ball at 1.4s in cm/s? ,diameter of the ping pong ball = 4cm,"t=1.0s, distance_ping_pong_ball_camera = 1.0550m
distance_credit_card_camera = 0.6790m
distance_poker_tower_camera = 0.9050m
distance_white_cup_camera = 0.8450m
distance_tape_camera = 1.0380m
distance_glass_jar_camera = 1.0080m"
captured_0038,lab,S3MC,24,SS,What is the height of the poker tower in cm? ,length of the credit card = 85.6mm,"t=1.4s, distance_white_ball_camera = 0.7160m
distance_credit_card_camera = 0.6867m
distance_poker_tower_camera = 0.9035m
distance_white_cup_camera = 0.8740m
distance_pink_bottle_camera = 0.9998m"
captured_0038,lab,S3MC,24,SD,What is the velocity of the white ball at 1.4s in cm/s? ,length of the credit card = 85.6mm,"t=1.4s, distance_white_ball_camera = 0.7160m
distance_credit_card_camera = 0.6867m
distance_poker_tower_camera = 0.9035m
distance_white_cup_camera = 0.8740m
distance_pink_bottle_camera = 0.9998m"
captured_0038,lab,S3MC,24,SS,What is the diameter of the rim of the white cup in cm? ,length of the credit card = 85.6mm,"t=1.4s, distance_white_ball_camera = 0.7160m
distance_credit_card_camera = 0.6867m
distance_poker_tower_camera = 0.9035m
distance_white_cup_camera = 0.8740m
distance_pink_bottle_camera = 0.9998m"
captured_0038,lab,S3MC,24,SS,What is the diameter of the white ball in cm?,length of the credit card = 85.6mm,"t=1.4s, distance_white_ball_camera = 0.7160m
distance_credit_card_camera = 0.6867m
distance_poker_tower_camera = 0.9035m
distance_white_cup_camera = 0.8740m
distance_pink_bottle_camera = 0.9998m"
captured_0038,lab,S3MC,24,SS,What is the displacement of the white ball between 0.9s and 1.4s in cm?,length of the credit card = 85.6mm,"t=1.4s, distance_white_ball_camera = 0.7160m
distance_credit_card_camera = 0.6867m
distance_poker_tower_camera = 0.9035m
distance_white_cup_camera = 0.8740m
distance_pink_bottle_camera = 0.9998m"
captured_0038,lab,S3MC,24,SS,What is the distance between the white cup and the pink bottle in cm?,length of the credit card = 85.6mm,"t=1.4s, distance_white_ball_camera = 0.7160m
distance_credit_card_camera = 0.6867m
distance_poker_tower_camera = 0.9035m
distance_white_cup_camera = 0.8740m
distance_pink_bottle_camera = 0.9998m"
captured_0038,lab,S3MC,24,SS,What is the height of the pink bottle in cm? ,length of the credit card = 85.6mm,"t=1.4s, distance_white_ball_camera = 0.7160m
distance_credit_card_camera = 0.6867m
distance_poker_tower_camera = 0.9035m
distance_white_cup_camera = 0.8740m
distance_pink_bottle_camera = 0.9998m"
captured_0038s,lab,S3MS,24,SS,What is the height of the poker tower in cm? ,length of the credit card = 85.6mm,"t=1.4s, distance_white_ball_camera = 0.7160m
distance_credit_card_camera = 0.6867m
distance_poker_tower_camera = 0.9035m
distance_white_cup_camera = 0.8740m
distance_pink_bottle_camera = 0.9998m"
captured_0038s,lab,S3MS,24,SD,What is the velocity of the white ball at 1.4s in cm/s? ,length of the credit card = 85.6mm,"t=1.4s, distance_white_ball_camera = 0.7160m
distance_credit_card_camera = 0.6867m
distance_poker_tower_camera = 0.9035m
distance_white_cup_camera = 0.8740m
distance_pink_bottle_camera = 0.9998m"
captured_0038s,lab,S3MS,24,SS,What is the diameter of the rim of the white cup in cm? ,length of the credit card = 85.6mm,"t=1.4s, distance_white_ball_camera = 0.7160m
distance_credit_card_camera = 0.6867m
distance_poker_tower_camera = 0.9035m
distance_white_cup_camera = 0.8740m
distance_pink_bottle_camera = 0.9998m"
captured_0038s,lab,S3MS,24,SS,What is the diameter of the white ball in cm?,length of the credit card = 85.6mm,"t=1.4s, distance_white_ball_camera = 0.7160m
distance_credit_card_camera = 0.6867m
distance_poker_tower_camera = 0.9035m
distance_white_cup_camera = 0.8740m
distance_pink_bottle_camera = 0.9998m"
captured_0038s,lab,S3MS,24,SS,What is the displacement of the white ball between 0.9s and 1.4s in cm?,length of the credit card = 85.6mm,"t=1.4s, distance_white_ball_camera = 0.7160m
distance_credit_card_camera = 0.6867m
distance_poker_tower_camera = 0.9035m
distance_white_cup_camera = 0.8740m
distance_pink_bottle_camera = 0.9998m"
captured_0038s,lab,S3MS,24,SS,What is the distance between the white cup and the pink bottle in cm?,length of the credit card = 85.6mm,"t=1.4s, distance_white_ball_camera = 0.7160m
distance_credit_card_camera = 0.6867m
distance_poker_tower_camera = 0.9035m
distance_white_cup_camera = 0.8740m
distance_pink_bottle_camera = 0.9998m"
captured_0038s,lab,S3MS,24,SS,What is the height of the pink bottle in cm? ,length of the credit card = 85.6mm,"t=1.4s, distance_white_ball_camera = 0.7160m
distance_credit_card_camera = 0.6867m
distance_poker_tower_camera = 0.9035m
distance_white_cup_camera = 0.8740m
distance_pink_bottle_camera = 0.9998m"
captured_0038x,lab,S3MX,24,SS,What is the height of the poker tower in cm? ,length of the credit card = 85.6mm,"t=1.4s, distance_white_ball_camera = 0.7160m
distance_credit_card_camera = 0.6867m
distance_poker_tower_camera = 0.9035m
distance_white_cup_camera = 0.8740m
distance_pink_bottle_camera = 0.9998m"
captured_0038x,lab,S3MX,24,SD,What is the velocity of the white ball at 1.4s in cm/s? ,length of the credit card = 85.6mm,"t=1.4s, distance_white_ball_camera = 0.7160m
distance_credit_card_camera = 0.6867m
distance_poker_tower_camera = 0.9035m
distance_white_cup_camera = 0.8740m
distance_pink_bottle_camera = 0.9998m"
captured_0038x,lab,S3MX,24,SS,What is the diameter of the rim of the white cup in cm? ,length of the credit card = 85.6mm,"t=1.4s, distance_white_ball_camera = 0.7160m
distance_credit_card_camera = 0.6867m
distance_poker_tower_camera = 0.9035m
distance_white_cup_camera = 0.8740m
distance_pink_bottle_camera = 0.9998m"
captured_0038x,lab,S3MX,24,SS,What is the diameter of the white ball in cm?,length of the credit card = 85.6mm,"t=1.4s, distance_white_ball_camera = 0.7160m
distance_credit_card_camera = 0.6867m
distance_poker_tower_camera = 0.9035m
distance_white_cup_camera = 0.8740m
distance_pink_bottle_camera = 0.9998m"
captured_0038x,lab,S3MX,24,SS,What is the displacement of the white ball between 0.9s and 1.4s in cm?,length of the credit card = 85.6mm,"t=1.4s, distance_white_ball_camera = 0.7160m
distance_credit_card_camera = 0.6867m
distance_poker_tower_camera = 0.9035m
distance_white_cup_camera = 0.8740m
distance_pink_bottle_camera = 0.9998m"
captured_0038x,lab,S3MX,24,SS,What is the distance between the white cup and the pink bottle in cm?,length of the credit card = 85.6mm,"t=1.4s, distance_white_ball_camera = 0.7160m
distance_credit_card_camera = 0.6867m
distance_poker_tower_camera = 0.9035m
distance_white_cup_camera = 0.8740m
distance_pink_bottle_camera = 0.9998m"
captured_0038x,lab,S3MX,24,SS,What is the height of the pink bottle in cm? ,length of the credit card = 85.6mm,"t=1.4s, distance_white_ball_camera = 0.7160m
distance_credit_card_camera = 0.6867m
distance_poker_tower_camera = 0.9035m
distance_white_cup_camera = 0.8740m
distance_pink_bottle_camera = 0.9998m"
captured_0039,lab,S3MC,24,SS,What is the height of the poker tower in cm? ,length of the credit card = 85.6mm,"t=1s, distance_ball_camera = 1.014m
t=1.5s, distance_ball_camera = 0.7370m
distance_credit_card_camera = 0.6867m
distance_poker_tower_camera = 0.9035m
distance_white_cup_camera = 0.8740m
distance_pink_bottle_camera = 0.9998m"
captured_0039,lab,S3MC,24,SD,What is the velocity of the white ball at 1.0s in cm/s? ,length of the credit card = 85.6mm,"t=1s, distance_ball_camera = 1.014m
t=1.5s, distance_ball_camera = 0.7370m
distance_credit_card_camera = 0.6867m
distance_poker_tower_camera = 0.9035m
distance_white_cup_camera = 0.8740m
distance_pink_bottle_camera = 0.9998m"
captured_0039,lab,S3MC,24,SS,What is the diameter of the rim of the white cup in cm? ,length of the credit card = 85.6mm,"t=1s, distance_ball_camera = 1.014m
t=1.5s, distance_ball_camera = 0.7370m
distance_credit_card_camera = 0.6867m
distance_poker_tower_camera = 0.9035m
distance_white_cup_camera = 0.8740m
distance_pink_bottle_camera = 0.9998m"
captured_0039,lab,S3MC,24,SS,What is the diameter of the white ball in cm?,length of the credit card = 85.6mm,"t=1s, distance_ball_camera = 1.014m
t=1.5s, distance_ball_camera = 0.7370m
distance_credit_card_camera = 0.6867m
distance_poker_tower_camera = 0.9035m
distance_white_cup_camera = 0.8740m
distance_pink_bottle_camera = 0.9998m"
captured_0039,lab,S3MC,24,SS,What is the displacement of the white ball between 1.0s and 1.5s in cm?,length of the credit card = 85.6mm,"t=1s, distance_ball_camera = 1.014m
t=1.5s, distance_ball_camera = 0.7370m
distance_credit_card_camera = 0.6867m
distance_poker_tower_camera = 0.9035m
distance_white_cup_camera = 0.8740m
distance_pink_bottle_camera = 0.9998m"
captured_0039,lab,S3MC,24,SS,What is the distance between the white cup and the pink bottle in cm?,length of the credit card = 85.6mm,"t=1s, distance_ball_camera = 1.014m
t=1.5s, distance_ball_camera = 0.7370m
distance_credit_card_camera = 0.6867m
distance_poker_tower_camera = 0.9035m
distance_white_cup_camera = 0.8740m
distance_pink_bottle_camera = 0.9998m"
captured_0039,lab,S3MC,24,SS,What is the height of the pink bottle in cm? ,length of the credit card = 85.6mm,"t=1s, distance_ball_camera = 1.014m
t=1.5s, distance_ball_camera = 0.7370m
distance_credit_card_camera = 0.6867m
distance_poker_tower_camera = 0.9035m
distance_white_cup_camera = 0.8740m
distance_pink_bottle_camera = 0.9998m"
captured_0039s,lab,S3MS,24,SS,What is the height of the poker tower in cm? ,length of the credit card = 85.6mm,"t=1s, distance_ball_camera = 1.014m
t=1.5s, distance_ball_camera = 0.7370m
distance_credit_card_camera = 0.6867m
distance_poker_tower_camera = 0.9035m
distance_white_cup_camera = 0.8740m
distance_pink_bottle_camera = 0.9998m"
captured_0039s,lab,S3MS,24,SD,What is the velocity of the white ball at 1.0s in cm/s? ,length of the credit card = 85.6mm,"t=1s, distance_ball_camera = 1.014m
t=1.5s, distance_ball_camera = 0.7370m
distance_credit_card_camera = 0.6867m
distance_poker_tower_camera = 0.9035m
distance_white_cup_camera = 0.8740m
distance_pink_bottle_camera = 0.9998m"
captured_0039s,lab,S3MS,24,SS,What is the diameter of the rim of the white cup in cm? ,length of the credit card = 85.6mm,"t=1s, distance_ball_camera = 1.014m
t=1.5s, distance_ball_camera = 0.7370m
distance_credit_card_camera = 0.6867m
distance_poker_tower_camera = 0.9035m
distance_white_cup_camera = 0.8740m
distance_pink_bottle_camera = 0.9998m"
captured_0039s,lab,S3MS,24,SS,What is the diameter of the white ball in cm?,length of the credit card = 85.6mm,"t=1s, distance_ball_camera = 1.014m
t=1.5s, distance_ball_camera = 0.7370m
distance_credit_card_camera = 0.6867m
distance_poker_tower_camera = 0.9035m
distance_white_cup_camera = 0.8740m
distance_pink_bottle_camera = 0.9998m"
captured_0039s,lab,S3MS,24,SS,What is the displacement of the white ball between 1.0s and 1.5s in cm?,length of the credit card = 85.6mm,"t=1s, distance_ball_camera = 1.014m
t=1.5s, distance_ball_camera = 0.7370m
distance_credit_card_camera = 0.6867m
distance_poker_tower_camera = 0.9035m
distance_white_cup_camera = 0.8740m
distance_pink_bottle_camera = 0.9998m"
captured_0039s,lab,S3MS,24,SS,What is the distance between the white cup and the pink bottle in cm?,length of the credit card = 85.6mm,"t=1s, distance_ball_camera = 1.014m
t=1.5s, distance_ball_camera = 0.7370m
distance_credit_card_camera = 0.6867m
distance_poker_tower_camera = 0.9035m
distance_white_cup_camera = 0.8740m
distance_pink_bottle_camera = 0.9998m"
captured_0039s,lab,S3MS,24,SS,What is the height of the pink bottle in cm? ,length of the credit card = 85.6mm,"t=1s, distance_ball_camera = 1.014m
t=1.5s, distance_ball_camera = 0.7370m
distance_credit_card_camera = 0.6867m
distance_poker_tower_camera = 0.9035m
distance_white_cup_camera = 0.8740m
distance_pink_bottle_camera = 0.9998m"
captured_0039x,lab,S3MX,24,SS,What is the height of the poker tower in cm? ,length of the credit card = 85.6mm,"t=1s, distance_ball_camera = 1.014m
t=1.5s, distance_ball_camera = 0.7370m
distance_credit_card_camera = 0.6867m
distance_poker_tower_camera = 0.9035m
distance_white_cup_camera = 0.8740m
distance_pink_bottle_camera = 0.9998m"
captured_0039x,lab,S3MX,24,SD,What is the velocity of the white ball at 1.0s in cm/s? ,length of the credit card = 85.6mm,"t=1s, distance_ball_camera = 1.014m
t=1.5s, distance_ball_camera = 0.7370m
distance_credit_card_camera = 0.6867m
distance_poker_tower_camera = 0.9035m
distance_white_cup_camera = 0.8740m
distance_pink_bottle_camera = 0.9998m"
captured_0039x,lab,S3MX,24,SS,What is the diameter of the rim of the white cup in cm? ,length of the credit card = 85.6mm,"t=1s, distance_ball_camera = 1.014m
t=1.5s, distance_ball_camera = 0.7370m
distance_credit_card_camera = 0.6867m
distance_poker_tower_camera = 0.9035m
distance_white_cup_camera = 0.8740m
distance_pink_bottle_camera = 0.9998m"
captured_0039x,lab,S3MX,24,SS,What is the diameter of the white ball in cm?,length of the credit card = 85.6mm,"t=1s, distance_ball_camera = 1.014m
t=1.5s, distance_ball_camera = 0.7370m
distance_credit_card_camera = 0.6867m
distance_poker_tower_camera = 0.9035m
distance_white_cup_camera = 0.8740m
distance_pink_bottle_camera = 0.9998m"
captured_0039x,lab,S3MX,24,SS,What is the displacement of the white ball between 1.0s and 1.5s in cm?,length of the credit card = 85.6mm,"t=1s, distance_ball_camera = 1.014m
t=1.5s, distance_ball_camera = 0.7370m
distance_credit_card_camera = 0.6867m
distance_poker_tower_camera = 0.9035m
distance_white_cup_camera = 0.8740m
distance_pink_bottle_camera = 0.9998m"
captured_0039x,lab,S3MX,24,SS,What is the distance between the white cup and the pink bottle in cm?,length of the credit card = 85.6mm,"t=1s, distance_ball_camera = 1.014m
t=1.5s, distance_ball_camera = 0.7370m
distance_credit_card_camera = 0.6867m
distance_poker_tower_camera = 0.9035m
distance_white_cup_camera = 0.8740m
distance_pink_bottle_camera = 0.9998m"
captured_0039x,lab,S3MX,24,SS,What is the height of the pink bottle in cm? ,length of the credit card = 85.6mm,"t=1s, distance_ball_camera = 1.014m
t=1.5s, distance_ball_camera = 0.7370m
distance_credit_card_camera = 0.6867m
distance_poker_tower_camera = 0.9035m
distance_white_cup_camera = 0.8740m
distance_pink_bottle_camera = 0.9998m"
captured_0040,lab,S3MC,24,SS,What is the height of the poker tower in cm? ,length of the credit card = 85.6mm,"t=1.5s, distance_ball_camera = 0.7045m
t=2.0s, distance_ball_camera = 0.6270m
distance_credit_card_camera = 0.6900m
distance_poker_tower_camera = 0.9100m
distance_tape_camera = 0.9730m
distance_white_cup_camera = 8420m"
captured_0040,lab,S3MC,24,SD,What is the velocity of the white ball at 1.5s in cm/s? ,length of the credit card = 85.6mm,"t=1.5s, distance_ball_camera = 0.7045m
t=2.0s, distance_ball_camera = 0.6270m
distance_credit_card_camera = 0.6900m
distance_poker_tower_camera = 0.9100m
distance_tape_camera = 0.9730m
distance_white_cup_camera = 8420m"
captured_0040,lab,S3MC,24,SS,What is the diameter of the rim of the white cup in cm? ,length of the credit card = 85.6mm,"t=1.5s, distance_ball_camera = 0.7045m
t=2.0s, distance_ball_camera = 0.6270m
distance_credit_card_camera = 0.6900m
distance_poker_tower_camera = 0.9100m
distance_tape_camera = 0.9730m
distance_white_cup_camera = 8420m"
captured_0040,lab,S3MC,24,SS,What is the diameter of the white ball in cm?,length of the credit card = 85.6mm,"t=1.5s, distance_ball_camera = 0.7045m
t=2.0s, distance_ball_camera = 0.6270m
distance_credit_card_camera = 0.6900m
distance_poker_tower_camera = 0.9100m
distance_tape_camera = 0.9730m
distance_white_cup_camera = 8420m"
captured_0040,lab,S3MC,24,SS,What is the distance travelled by the white ball between 1.5s and 1.9s in cm?,length of the credit card = 85.6mm,"t=1.5s, distance_ball_camera = 0.7045m
t=2.0s, distance_ball_camera = 0.6270m
distance_credit_card_camera = 0.6900m
distance_poker_tower_camera = 0.9100m
distance_tape_camera = 0.9730m
distance_white_cup_camera = 8420m"
captured_0040,lab,S3MC,24,SS,What is the diameter of the tape in cm? ,length of the credit card = 85.6mm,"t=1.5s, distance_ball_camera = 0.7045m
t=2.0s, distance_ball_camera = 0.6270m
distance_credit_card_camera = 0.6900m
distance_poker_tower_camera = 0.9100m
distance_tape_camera = 0.9730m
distance_white_cup_camera = 8420m"
captured_0040,lab,S3MC,24,SS,What is the height of the white cup in cm? ,length of the credit card = 85.6mm,"t=1.5s, distance_ball_camera = 0.7045m
t=2.0s, distance_ball_camera = 0.6270m
distance_credit_card_camera = 0.6900m
distance_poker_tower_camera = 0.9100m
distance_tape_camera = 0.9730m
distance_white_cup_camera = 8420m"
captured_0040,lab,S3MC,24,SD,What is the velocity of the white ball at 1.4s in cm/s? ,length of the credit card = 85.6mm,"t=1.5s, distance_ball_camera = 0.7045m
t=2.0s, distance_ball_camera = 0.6270m
distance_credit_card_camera = 0.6900m
distance_poker_tower_camera = 0.9100m
distance_tape_camera = 0.9730m
distance_white_cup_camera = 8420m"
captured_0040s,lab,S3MS,24,SS,What is the height of the poker tower in cm? ,length of the credit card = 85.6mm,"t=1.5s, distance_ball_camera = 0.7045m
t=2.0s, distance_ball_camera = 0.6270m
distance_credit_card_camera = 0.6900m
distance_poker_tower_camera = 0.9100m
distance_tape_camera = 0.9730m
distance_white_cup_camera = 8420m"
captured_0040s,lab,S3MS,24,SD,What is the velocity of the white ball at 1.5s in cm/s? ,length of the credit card = 85.6mm,"t=1.5s, distance_ball_camera = 0.7045m
t=2.0s, distance_ball_camera = 0.6270m
distance_credit_card_camera = 0.6900m
distance_poker_tower_camera = 0.9100m
distance_tape_camera = 0.9730m
distance_white_cup_camera = 8420m"
captured_0040s,lab,S3MS,24,SS,What is the diameter of the rim of the white cup in cm? ,length of the credit card = 85.6mm,"t=1.5s, distance_ball_camera = 0.7045m
t=2.0s, distance_ball_camera = 0.6270m
distance_credit_card_camera = 0.6900m
distance_poker_tower_camera = 0.9100m
distance_tape_camera = 0.9730m
distance_white_cup_camera = 8420m"
captured_0040s,lab,S3MS,24,SS,What is the diameter of the white ball in cm?,length of the credit card = 85.6mm,"t=1.5s, distance_ball_camera = 0.7045m
t=2.0s, distance_ball_camera = 0.6270m
distance_credit_card_camera = 0.6900m
distance_poker_tower_camera = 0.9100m
distance_tape_camera = 0.9730m
distance_white_cup_camera = 8420m"
captured_0040s,lab,S3MS,24,SS,What is the distance travelled by the white ball between 1.5s and 1.9s in cm?,length of the credit card = 85.6mm,"t=1.5s, distance_ball_camera = 0.7045m
t=2.0s, distance_ball_camera = 0.6270m
distance_credit_card_camera = 0.6900m
distance_poker_tower_camera = 0.9100m
distance_tape_camera = 0.9730m
distance_white_cup_camera = 8420m"
captured_0040s,lab,S3MS,24,SS,What is the diameter of the tape in cm? ,length of the credit card = 85.6mm,"t=1.5s, distance_ball_camera = 0.7045m
t=2.0s, distance_ball_camera = 0.6270m
distance_credit_card_camera = 0.6900m
distance_poker_tower_camera = 0.9100m
distance_tape_camera = 0.9730m
distance_white_cup_camera = 8420m"
captured_0040s,lab,S3MS,24,SS,What is the height of the white cup in cm? ,length of the credit card = 85.6mm,"t=1.5s, distance_ball_camera = 0.7045m
t=2.0s, distance_ball_camera = 0.6270m
distance_credit_card_camera = 0.6900m
distance_poker_tower_camera = 0.9100m
distance_tape_camera = 0.9730m
distance_white_cup_camera = 8420m"
captured_0040s,lab,S3MS,24,SD,What is the velocity of the white ball at 1.4s in cm/s? ,length of the credit card = 85.6mm,"t=1.5s, distance_ball_camera = 0.7045m
t=2.0s, distance_ball_camera = 0.6270m
distance_credit_card_camera = 0.6900m
distance_poker_tower_camera = 0.9100m
distance_tape_camera = 0.9730m
distance_white_cup_camera = 8420m"
captured_0040x,lab,S3MX,24,SS,What is the height of the poker tower in cm? ,length of the credit card = 85.6mm,"t=1.5s, distance_ball_camera = 0.7045m
t=2.0s, distance_ball_camera = 0.6270m
distance_credit_card_camera = 0.6900m
distance_poker_tower_camera = 0.9100m
distance_tape_camera = 0.9730m
distance_white_cup_camera = 8420m"
captured_0040x,lab,S3MX,24,SD,What is the velocity of the white ball at 1.5s in cm/s? ,length of the credit card = 85.6mm,"t=1.5s, distance_ball_camera = 0.7045m
t=2.0s, distance_ball_camera = 0.6270m
distance_credit_card_camera = 0.6900m
distance_poker_tower_camera = 0.9100m
distance_tape_camera = 0.9730m
distance_white_cup_camera = 8420m"
captured_0040x,lab,S3MX,24,SS,What is the diameter of the rim of the white cup in cm? ,length of the credit card = 85.6mm,"t=1.5s, distance_ball_camera = 0.7045m
t=2.0s, distance_ball_camera = 0.6270m
distance_credit_card_camera = 0.6900m
distance_poker_tower_camera = 0.9100m
distance_tape_camera = 0.9730m
distance_white_cup_camera = 8420m"
captured_0040x,lab,S3MX,24,SS,What is the diameter of the white ball in cm?,length of the credit card = 85.6mm,"t=1.5s, distance_ball_camera = 0.7045m
t=2.0s, distance_ball_camera = 0.6270m
distance_credit_card_camera = 0.6900m
distance_poker_tower_camera = 0.9100m
distance_tape_camera = 0.9730m
distance_white_cup_camera = 8420m"
captured_0040x,lab,S3MX,24,SS,What is the distance travelled by the white ball between 1.5s and 1.9s in cm?,length of the credit card = 85.6mm,"t=1.5s, distance_ball_camera = 0.7045m
t=2.0s, distance_ball_camera = 0.6270m
distance_credit_card_camera = 0.6900m
distance_poker_tower_camera = 0.9100m
distance_tape_camera = 0.9730m
distance_white_cup_camera = 8420m"
captured_0040x,lab,S3MX,24,SS,What is the diameter of the tape in cm? ,length of the credit card = 85.6mm,"t=1.5s, distance_ball_camera = 0.7045m
t=2.0s, distance_ball_camera = 0.6270m
distance_credit_card_camera = 0.6900m
distance_poker_tower_camera = 0.9100m
distance_tape_camera = 0.9730m
distance_white_cup_camera = 8420m"
captured_0040x,lab,S3MX,24,SS,What is the height of the white cup in cm? ,length of the credit card = 85.6mm,"t=1.5s, distance_ball_camera = 0.7045m
t=2.0s, distance_ball_camera = 0.6270m
distance_credit_card_camera = 0.6900m
distance_poker_tower_camera = 0.9100m
distance_tape_camera = 0.9730m
distance_white_cup_camera = 8420m"
captured_0040x,lab,S3MX,24,SD,What is the velocity of the white ball at 1.4s in cm/s? ,length of the credit card = 85.6mm,"t=1.5s, distance_ball_camera = 0.7045m
t=2.0s, distance_ball_camera = 0.6270m
distance_credit_card_camera = 0.6900m
distance_poker_tower_camera = 0.9100m
distance_tape_camera = 0.9730m
distance_white_cup_camera = 8420m"
captured_0041,lab,V3SC,24,DS,What is the soccer ball's diameter in cm? ,velocity of the soccer ball at 1.5s = 5.21m/s,"t=1.5s, distance_soccer_ball_camera = 2.5440m
t=1.6s, distance_soccer_ball_camera = 2.0740m"
captured_0041,lab,V3SC,24,DS,What is the soccer ball's displacement between 1.5s and 1.6s in meters? ,velocity of the soccer ball at 1.5s = 5.21m/s,"t=1.5s, distance_soccer_ball_camera = 2.5440m
t=1.6s, distance_soccer_ball_camera = 2.0740m"
captured_0041,lab,V3SC,24,DS,What is the distance from the soccer ball to the person at 1.5s in meters? ,velocity of the soccer ball at 1.5s = 5.21m/s,"t=1.5s, distance_soccer_ball_camera = 2.5440m
t=1.6s, distance_soccer_ball_camera = 2.0740m"
captured_0041s,lab,V3SS,24,DS,What is the soccer ball's diameter in cm? ,velocity of the soccer ball at 1.5s = 5.21m/s,"t=1.5s, distance_soccer_ball_camera = 2.5440m
t=1.6s, distance_soccer_ball_camera = 2.0740m"
captured_0041s,lab,V3SS,24,DS,What is the soccer ball's displacement between 1.5s and 1.6s in meters? ,velocity of the soccer ball at 1.5s = 5.21m/s,"t=1.5s, distance_soccer_ball_camera = 2.5440m
t=1.6s, distance_soccer_ball_camera = 2.0740m"
captured_0041s,lab,V3SS,24,DS,What is the distance from the soccer ball to the person at 1.5s in meters? ,velocity of the soccer ball at 1.5s = 5.21m/s,"t=1.5s, distance_soccer_ball_camera = 2.5440m
t=1.6s, distance_soccer_ball_camera = 2.0740m"
captured_0041x,lab,V3SX,24,DS,What is the soccer ball's diameter in cm? ,velocity of the soccer ball at 1.5s = 5.21m/s,"t=1.5s, distance_soccer_ball_camera = 2.5440m
t=1.6s, distance_soccer_ball_camera = 2.0740m"
captured_0041x,lab,V3SX,24,DS,What is the soccer ball's displacement between 1.5s and 1.6s in meters? ,velocity of the soccer ball at 1.5s = 5.21m/s,"t=1.5s, distance_soccer_ball_camera = 2.5440m
t=1.6s, distance_soccer_ball_camera = 2.0740m"
captured_0041x,lab,V3SX,24,DS,What is the distance from the soccer ball to the person at 1.5s in meters? ,velocity of the soccer ball at 1.5s = 5.21m/s,"t=1.5s, distance_soccer_ball_camera = 2.5440m
t=1.6s, distance_soccer_ball_camera = 2.0740m"
captured_0047,lab,V3SC,24,DS,What is the yoga ball's diameter in cm? ,velocity of the yoga ball at 1.0s = 2.1464m/s,"t=1.0s, distance_yoga_ball_camera = 2.4985m
t=1.5s, distance_soccer_ball_camera = 1.4972m
distance_person_camera = 3.8300m"
captured_0047,lab,V3SC,24,DS,What is the yoga ball's displacement between 1.0s and 1.5s in meters? ,velocity of the yoga ball at 1.0s = 2.1464m/s,"t=1.0s, distance_yoga_ball_camera = 2.4985m
t=1.5s, distance_soccer_ball_camera = 1.4972m
distance_person_camera = 3.8300m"
captured_0047,lab,V3SC,24,DS,What is the distance from the yoga ball to the person at 1.5s in meters? ,velocity of the yoga ball at 1.0s = 2.1464m/s,"t=1.0s, distance_yoga_ball_camera = 2.4985m
t=1.5s, distance_soccer_ball_camera = 1.4972m
distance_person_camera = 3.8300m"
captured_0047s,lab,V3SS,24,DS,What is the yoga ball's diameter in cm? ,velocity of the yoga ball at 1.0s = 2.1464m/s,"t=1.0s, distance_yoga_ball_camera = 2.4985m
t=1.5s, distance_soccer_ball_camera = 1.4972m
distance_person_camera = 3.8300m"
captured_0047s,lab,V3SS,24,DS,What is the yoga ball's displacement between 1.0s and 1.5s in meters? ,velocity of the yoga ball at 1.0s = 2.1464m/s,"t=1.0s, distance_yoga_ball_camera = 2.4985m
t=1.5s, distance_soccer_ball_camera = 1.4972m
distance_person_camera = 3.8300m"
captured_0047s,lab,V3SS,24,DS,What is the distance from the yoga ball to the person at 1.5s in meters? ,velocity of the yoga ball at 1.0s = 2.1464m/s,"t=1.0s, distance_yoga_ball_camera = 2.4985m
t=1.5s, distance_soccer_ball_camera = 1.4972m
distance_person_camera = 3.8300m"
captured_0047x,lab,V3SX,24,DS,What is the yoga ball's diameter in cm? ,velocity of the yoga ball at 1.0s = 2.1464m/s,"t=1.0s, distance_yoga_ball_camera = 2.4985m
t=1.5s, distance_soccer_ball_camera = 1.4972m
distance_person_camera = 3.8300m"
captured_0047x,lab,V3SX,24,DS,What is the yoga ball's displacement between 1.0s and 1.5s in meters? ,velocity of the yoga ball at 1.0s = 2.1464m/s,"t=1.0s, distance_yoga_ball_camera = 2.4985m
t=1.5s, distance_soccer_ball_camera = 1.4972m
distance_person_camera = 3.8300m"
captured_0047x,lab,V3SX,24,DS,What is the distance from the yoga ball to the person at 1.5s in meters? ,velocity of the yoga ball at 1.0s = 2.1464m/s,"t=1.0s, distance_yoga_ball_camera = 2.4985m
t=1.5s, distance_soccer_ball_camera = 1.4972m
distance_person_camera = 3.8300m"
captured_0052,lab,V3MC,24,DS,What is the initial distance between the yoga ball and the shoe in meters? ,velocity of the yoga ball at 1.0s = 2.19m/s,"t=1.0s, distance_yoga_ball_camera = 2.6120m
distance_shoe_camera = 2.2310m
distance_trashbin_camera = 2.9770m
distance_basketball_camera = 1.9365m"
captured_0052,lab,V3MC,24,DS,What is the height of the trashbin in cm?,velocity of the yoga ball at 1.0s = 2.19m/s,"t=1.0s, distance_yoga_ball_camera = 2.6120m
distance_shoe_camera = 2.2310m
distance_trashbin_camera = 2.9770m
distance_basketball_camera = 1.9365m"
captured_0052,lab,V3MC,24,DS,What is the length of the shoe in cm?,velocity of the yoga ball at 1.0s = 2.19m/s,"t=1.0s, distance_yoga_ball_camera = 2.6120m
distance_shoe_camera = 2.2310m
distance_trashbin_camera = 2.9770m
distance_basketball_camera = 1.9365m"
captured_0052,lab,V3MC,24,DS,What is the diameter of the yoga ball in cm?,velocity of the yoga ball at 1.0s = 2.19m/s,"t=1.0s, distance_yoga_ball_camera = 2.6120m
distance_shoe_camera = 2.2310m
distance_trashbin_camera = 2.9770m
distance_basketball_camera = 1.9365m"
captured_0052,lab,V3MC,24,DS,What is the diameter of the basketball in cm?,velocity of the yoga ball at 1.0s = 2.19m/s,"t=1.0s, distance_yoga_ball_camera = 2.6120m
distance_shoe_camera = 2.2310m
distance_trashbin_camera = 2.9770m
distance_basketball_camera = 1.9365m"
captured_0052,lab,V3MC,24,DS,What is the distance between the basketball and the shoe in meters? ,velocity of the yoga ball at 1.0s = 2.19m/s,"t=1.0s, distance_yoga_ball_camera = 2.6120m
distance_shoe_camera = 2.2310m
distance_trashbin_camera = 2.9770m
distance_basketball_camera = 1.9365m"
captured_0052,lab,V3MC,24,DS,What is the distance between the trashbin and the shoe in meters? ,velocity of the yoga ball at 1.0s = 2.19m/s,"t=1.0s, distance_yoga_ball_camera = 2.6120m
distance_shoe_camera = 2.2310m
distance_trashbin_camera = 2.9770m
distance_basketball_camera = 1.9365m"
captured_0052,lab,V3MC,24,DS,What is the distance between the trashbin and the basketball in meters? ,velocity of the yoga ball at 1.0s = 2.19m/s,"t=1.0s, distance_yoga_ball_camera = 2.6120m
distance_shoe_camera = 2.2310m
distance_trashbin_camera = 2.9770m
distance_basketball_camera = 1.9365m"
captured_0052s,lab,V3MS,24,DS,What is the initial distance between the yoga ball and the shoe in meters? ,velocity of the yoga ball at 1.0s = 2.19m/s,"t=1.0s, distance_yoga_ball_camera = 2.6120m
distance_shoe_camera = 2.2310m
distance_trashbin_camera = 2.9770m
distance_basketball_camera = 1.9365m"
captured_0052s,lab,V3MS,24,DS,What is the height of the trashbin in cm?,velocity of the yoga ball at 1.0s = 2.19m/s,"t=1.0s, distance_yoga_ball_camera = 2.6120m
distance_shoe_camera = 2.2310m
distance_trashbin_camera = 2.9770m
distance_basketball_camera = 1.9365m"
captured_0052s,lab,V3MS,24,DS,What is the length of the shoe in cm?,velocity of the yoga ball at 1.0s = 2.19m/s,"t=1.0s, distance_yoga_ball_camera = 2.6120m
distance_shoe_camera = 2.2310m
distance_trashbin_camera = 2.9770m
distance_basketball_camera = 1.9365m"
captured_0052s,lab,V3MS,24,DS,What is the diameter of the yoga ball in cm?,velocity of the yoga ball at 1.0s = 2.19m/s,"t=1.0s, distance_yoga_ball_camera = 2.6120m
distance_shoe_camera = 2.2310m
distance_trashbin_camera = 2.9770m
distance_basketball_camera = 1.9365m"
captured_0052s,lab,V3MS,24,DS,What is the diameter of the basketball in cm?,velocity of the yoga ball at 1.0s = 2.19m/s,"t=1.0s, distance_yoga_ball_camera = 2.6120m
distance_shoe_camera = 2.2310m
distance_trashbin_camera = 2.9770m
distance_basketball_camera = 1.9365m"
captured_0052s,lab,V3MS,24,DS,What is the distance between the basketball and the shoe in meters? ,velocity of the yoga ball at 1.0s = 2.19m/s,"t=1.0s, distance_yoga_ball_camera = 2.6120m
distance_shoe_camera = 2.2310m
distance_trashbin_camera = 2.9770m
distance_basketball_camera = 1.9365m"
captured_0052s,lab,V3MS,24,DS,What is the distance between the trashbin and the shoe in meters? ,velocity of the yoga ball at 1.0s = 2.19m/s,"t=1.0s, distance_yoga_ball_camera = 2.6120m
distance_shoe_camera = 2.2310m
distance_trashbin_camera = 2.9770m
distance_basketball_camera = 1.9365m"
captured_0052s,lab,V3MS,24,DS,What is the distance between the trashbin and the basketball in meters? ,velocity of the yoga ball at 1.0s = 2.19m/s,"t=1.0s, distance_yoga_ball_camera = 2.6120m
distance_shoe_camera = 2.2310m
distance_trashbin_camera = 2.9770m
distance_basketball_camera = 1.9365m"
captured_0052x,lab,V3MX,24,DS,What is the initial distance between the yoga ball and the shoe in meters? ,velocity of the yoga ball at 1.0s = 2.19m/s,"t=1.0s, distance_yoga_ball_camera = 2.6120m
distance_shoe_camera = 2.2310m
distance_trashbin_camera = 2.9770m
distance_basketball_camera = 1.9365m"
captured_0052x,lab,V3MX,24,DS,What is the height of the trashbin in cm?,velocity of the yoga ball at 1.0s = 2.19m/s,"t=1.0s, distance_yoga_ball_camera = 2.6120m
distance_shoe_camera = 2.2310m
distance_trashbin_camera = 2.9770m
distance_basketball_camera = 1.9365m"
captured_0052x,lab,V3MX,24,DS,What is the length of the shoe in cm?,velocity of the yoga ball at 1.0s = 2.19m/s,"t=1.0s, distance_yoga_ball_camera = 2.6120m
distance_shoe_camera = 2.2310m
distance_trashbin_camera = 2.9770m
distance_basketball_camera = 1.9365m"
captured_0052x,lab,V3MX,24,DS,What is the diameter of the yoga ball in cm?,velocity of the yoga ball at 1.0s = 2.19m/s,"t=1.0s, distance_yoga_ball_camera = 2.6120m
distance_shoe_camera = 2.2310m
distance_trashbin_camera = 2.9770m
distance_basketball_camera = 1.9365m"
captured_0052x,lab,V3MX,24,DS,What is the diameter of the basketball in cm?,velocity of the yoga ball at 1.0s = 2.19m/s,"t=1.0s, distance_yoga_ball_camera = 2.6120m
distance_shoe_camera = 2.2310m
distance_trashbin_camera = 2.9770m
distance_basketball_camera = 1.9365m"
captured_0052x,lab,V3MX,24,DS,What is the distance between the basketball and the shoe in meters? ,velocity of the yoga ball at 1.0s = 2.19m/s,"t=1.0s, distance_yoga_ball_camera = 2.6120m
distance_shoe_camera = 2.2310m
distance_trashbin_camera = 2.9770m
distance_basketball_camera = 1.9365m"
captured_0052x,lab,V3MX,24,DS,What is the distance between the trashbin and the shoe in meters? ,velocity of the yoga ball at 1.0s = 2.19m/s,"t=1.0s, distance_yoga_ball_camera = 2.6120m
distance_shoe_camera = 2.2310m
distance_trashbin_camera = 2.9770m
distance_basketball_camera = 1.9365m"
captured_0052x,lab,V3MX,24,DS,What is the distance between the trashbin and the basketball in meters? ,velocity of the yoga ball at 1.0s = 2.19m/s,"t=1.0s, distance_yoga_ball_camera = 2.6120m
distance_shoe_camera = 2.2310m
distance_trashbin_camera = 2.9770m
distance_basketball_camera = 1.9365m"
captured_0053,lab,V3MC,24,DS,What is the width of the book in cm?,velocity of the trashbin at 0.4s = 0.9962m/s,"t=0.4s, distance_trashbin_camera = 2.7300m
distance_white_cup_camera = 2.5160m
distance_book_camera = 2.0820m
distance_basketball_camera = 2.9250m"
captured_0053,lab,V3MC,24,DS,What is the length of the book in cm?,velocity of the trashbin at 0.4s = 0.9962m/s,"t=0.4s, distance_trashbin_camera = 2.7300m
distance_white_cup_camera = 2.5160m
distance_book_camera = 2.0820m
distance_basketball_camera = 2.9250m"
captured_0053,lab,V3MC,24,DS,What is the diameter of the rim of the white cup in cm? ,velocity of the trashbin at 0.4s = 0.9962m/s,"t=0.4s, distance_trashbin_camera = 2.7300m
distance_white_cup_camera = 2.5160m
distance_book_camera = 2.0820m
distance_basketball_camera = 2.9250m"
captured_0053,lab,V3MC,24,DS,What is the diameter of the basketball in cm?,velocity of the trashbin at 0.4s = 0.9962m/s,"t=0.4s, distance_trashbin_camera = 2.7300m
distance_white_cup_camera = 2.5160m
distance_book_camera = 2.0820m
distance_basketball_camera = 2.9250m"
captured_0053,lab,V3MC,24,DS,What is the height of the trashbin in cm?,velocity of the trashbin at 0.4s = 0.9962m/s,"t=0.4s, distance_trashbin_camera = 2.7300m
distance_white_cup_camera = 2.5160m
distance_book_camera = 2.0820m
distance_basketball_camera = 2.9250m"
captured_0053,lab,V3MC,24,DS,What is the distance between the white cup and the basketball in meters?,velocity of the trashbin at 0.4s = 0.9962m/s,"t=0.4s, distance_trashbin_camera = 2.7300m
distance_white_cup_camera = 2.5160m
distance_book_camera = 2.0820m
distance_basketball_camera = 2.9250m"
captured_0053,lab,V3MC,24,DS,What is the distance between the white cup and the book in meters?,velocity of the trashbin at 0.4s = 0.9962m/s,"t=0.4s, distance_trashbin_camera = 2.7300m
distance_white_cup_camera = 2.5160m
distance_book_camera = 2.0820m
distance_basketball_camera = 2.9250m"
captured_0053,lab,V3MC,24,DS,What is the displacement of the trashbin between 0.4s and 1.4s in meters?,velocity of the trashbin at 0.4s = 0.9962m/s,"t=0.4s, distance_trashbin_camera = 2.7300m
distance_white_cup_camera = 2.5160m
distance_book_camera = 2.0820m
distance_basketball_camera = 2.9250m"
captured_0053s,lab,V3MS,24,DS,What is the width of the book in cm?,velocity of the trashbin at 0.4s = 0.9962m/s,"t=0.4s, distance_trashbin_camera = 2.7300m
distance_white_cup_camera = 2.5160m
distance_book_camera = 2.0820m
distance_basketball_camera = 2.9250m"
captured_0053s,lab,V3MS,24,DS,What is the length of the book in cm?,velocity of the trashbin at 0.4s = 0.9962m/s,"t=0.4s, distance_trashbin_camera = 2.7300m
distance_white_cup_camera = 2.5160m
distance_book_camera = 2.0820m
distance_basketball_camera = 2.9250m"
captured_0053s,lab,V3MS,24,DS,What is the diameter of the rim of the white cup in cm? ,velocity of the trashbin at 0.4s = 0.9962m/s,"t=0.4s, distance_trashbin_camera = 2.7300m
distance_white_cup_camera = 2.5160m
distance_book_camera = 2.0820m
distance_basketball_camera = 2.9250m"
captured_0053s,lab,V3MS,24,DS,What is the diameter of the basketball in cm?,velocity of the trashbin at 0.4s = 0.9962m/s,"t=0.4s, distance_trashbin_camera = 2.7300m
distance_white_cup_camera = 2.5160m
distance_book_camera = 2.0820m
distance_basketball_camera = 2.9250m"
captured_0053s,lab,V3MS,24,DS,What is the height of the trashbin in cm?,velocity of the trashbin at 0.4s = 0.9962m/s,"t=0.4s, distance_trashbin_camera = 2.7300m
distance_white_cup_camera = 2.5160m
distance_book_camera = 2.0820m
distance_basketball_camera = 2.9250m"
captured_0053s,lab,V3MS,24,DS,What is the distance between the white cup and the basketball in meters?,velocity of the trashbin at 0.4s = 0.9962m/s,"t=0.4s, distance_trashbin_camera = 2.7300m
distance_white_cup_camera = 2.5160m
distance_book_camera = 2.0820m
distance_basketball_camera = 2.9250m"
captured_0053s,lab,V3MS,24,DS,What is the distance between the white cup and the book in meters?,velocity of the trashbin at 0.4s = 0.9962m/s,"t=0.4s, distance_trashbin_camera = 2.7300m
distance_white_cup_camera = 2.5160m
distance_book_camera = 2.0820m
distance_basketball_camera = 2.9250m"
captured_0053s,lab,V3MS,24,DS,What is the displacement of the trashbin between 0.4s and 1.4s in meters?,velocity of the trashbin at 0.4s = 0.9962m/s,"t=0.4s, distance_trashbin_camera = 2.7300m
distance_white_cup_camera = 2.5160m
distance_book_camera = 2.0820m
distance_basketball_camera = 2.9250m"
captured_0053x,lab,V3MX,24,DS,What is the width of the book in cm?,velocity of the trashbin at 0.4s = 0.9962m/s,"t=0.4s, distance_trashbin_camera = 2.7300m
distance_white_cup_camera = 2.5160m
distance_book_camera = 2.0820m
distance_basketball_camera = 2.9250m"
captured_0053x,lab,V3MX,24,DS,What is the length of the book in cm?,velocity of the trashbin at 0.4s = 0.9962m/s,"t=0.4s, distance_trashbin_camera = 2.7300m
distance_white_cup_camera = 2.5160m
distance_book_camera = 2.0820m
distance_basketball_camera = 2.9250m"
captured_0053x,lab,V3MX,24,DS,What is the diameter of the rim of the white cup in cm? ,velocity of the trashbin at 0.4s = 0.9962m/s,"t=0.4s, distance_trashbin_camera = 2.7300m
distance_white_cup_camera = 2.5160m
distance_book_camera = 2.0820m
distance_basketball_camera = 2.9250m"
captured_0053x,lab,V3MX,24,DS,What is the diameter of the basketball in cm?,velocity of the trashbin at 0.4s = 0.9962m/s,"t=0.4s, distance_trashbin_camera = 2.7300m
distance_white_cup_camera = 2.5160m
distance_book_camera = 2.0820m
distance_basketball_camera = 2.9250m"
captured_0053x,lab,V3MX,24,DS,What is the height of the trashbin in cm?,velocity of the trashbin at 0.4s = 0.9962m/s,"t=0.4s, distance_trashbin_camera = 2.7300m
distance_white_cup_camera = 2.5160m
distance_book_camera = 2.0820m
distance_basketball_camera = 2.9250m"
captured_0053x,lab,V3MX,24,DS,What is the distance between the white cup and the basketball in meters?,velocity of the trashbin at 0.4s = 0.9962m/s,"t=0.4s, distance_trashbin_camera = 2.7300m
distance_white_cup_camera = 2.5160m
distance_book_camera = 2.0820m
distance_basketball_camera = 2.9250m"
captured_0053x,lab,V3MX,24,DS,What is the distance between the white cup and the book in meters?,velocity of the trashbin at 0.4s = 0.9962m/s,"t=0.4s, distance_trashbin_camera = 2.7300m
distance_white_cup_camera = 2.5160m
distance_book_camera = 2.0820m
distance_basketball_camera = 2.9250m"
captured_0053x,lab,V3MX,24,DS,What is the displacement of the trashbin between 0.4s and 1.4s in meters?,velocity of the trashbin at 0.4s = 0.9962m/s,"t=0.4s, distance_trashbin_camera = 2.7300m
distance_white_cup_camera = 2.5160m
distance_book_camera = 2.0820m
distance_basketball_camera = 2.9250m"
captured_0054a,lab,V3MC,24,DS,What is the orange ball's displacement between 0.5s and 1.0s in meters? ,velocity of the orange ball at 0.5s = 2.21m/s,"t=0.5s, distance_orange_ball_camera = 2.3557m
t=1.0s, distance_orange_ball_camera = 1.8100m
t=1.0s, distance_white_ball_camera = 3.0735m
t=1.0s, distance_green_ball_camera = 3.0390m"
captured_0054a,lab,V3MC,24,DS,What is the soccer ball's displacement between 1.0s and 1.4s in meters? ,velocity of the orange ball at 0.5s = 2.21m/s,"t=0.5s, distance_orange_ball_camera = 2.3557m
t=1.0s, distance_orange_ball_camera = 1.8100m
t=1.0s, distance_white_ball_camera = 3.0735m
t=1.0s, distance_green_ball_camera = 3.0390m"
captured_0054a,lab,V3MC,24,DS,What is the soccer ball's diameter in cm? ,velocity of the orange ball at 0.5s = 2.21m/s,"t=0.5s, distance_orange_ball_camera = 2.3557m
t=1.0s, distance_orange_ball_camera = 1.8100m
t=1.0s, distance_white_ball_camera = 3.0735m
t=1.0s, distance_green_ball_camera = 3.0390m"
captured_0054a,lab,V3MC,24,DS,What is the orange ball's diameter in cm? ,velocity of the orange ball at 0.5s = 2.21m/s,"t=0.5s, distance_orange_ball_camera = 2.3557m
t=1.0s, distance_orange_ball_camera = 1.8100m
t=1.0s, distance_white_ball_camera = 3.0735m
t=1.0s, distance_green_ball_camera = 3.0390m"
captured_0054a,lab,V3MC,24,DS,What is the white ball's diameter in cm? ,velocity of the orange ball at 0.5s = 2.21m/s,"t=0.5s, distance_orange_ball_camera = 2.3557m
t=1.0s, distance_orange_ball_camera = 1.8100m
t=1.0s, distance_white_ball_camera = 3.0735m
t=1.0s, distance_green_ball_camera = 3.0390m"
captured_0054a,lab,V3MC,24,DD,What is the soccer ball's velocity at 0.5s in m/s? ,velocity of the orange ball at 0.5s = 2.21m/s,"t=0.5s, distance_orange_ball_camera = 2.3557m
t=1.0s, distance_orange_ball_camera = 1.8100m
t=1.0s, distance_white_ball_camera = 3.0735m
t=1.0s, distance_green_ball_camera = 3.0390m"
captured_0054a,lab,V3MC,24,DD,What is the velocity of the green ball at 1.0s in m/s? ,velocity of the orange ball at 0.5s = 2.21m/s,"t=0.5s, distance_orange_ball_camera = 2.3557m
t=1.0s, distance_orange_ball_camera = 1.8100m
t=1.0s, distance_white_ball_camera = 3.0735m
t=1.0s, distance_green_ball_camera = 3.0390m"
captured_0054a,lab,V3MC,24,DD,What is the velocity of the white ball at 1.0s in m/s? ,velocity of the orange ball at 0.5s = 2.21m/s,"t=0.5s, distance_orange_ball_camera = 2.3557m
t=1.0s, distance_orange_ball_camera = 1.8100m
t=1.0s, distance_white_ball_camera = 3.0735m
t=1.0s, distance_green_ball_camera = 3.0390m"
captured_0054a,lab,V3MC,24,DD,What is the velocity of the green ball at 1.5s in m/s? ,velocity of the orange ball at 0.5s = 2.21m/s,"t=0.5s, distance_orange_ball_camera = 2.3557m
t=1.0s, distance_orange_ball_camera = 1.8100m
t=1.0s, distance_white_ball_camera = 3.0735m
t=1.0s, distance_green_ball_camera = 3.0390m"
captured_0054a,lab,V3MC,24,DD,What is the velocity of the pink ball at 1.5s in m/s? ,velocity of the orange ball at 0.5s = 2.21m/s,"t=0.5s, distance_orange_ball_camera = 2.3557m
t=1.0s, distance_orange_ball_camera = 1.8100m
t=1.0s, distance_white_ball_camera = 3.0735m
t=1.0s, distance_green_ball_camera = 3.0390m"
captured_0054a,lab,V3MC,24,DS,What is the distance between the orange ball and the soccer ball at 1.0s in meters? ,velocity of the orange ball at 0.5s = 2.21m/s,"t=0.5s, distance_orange_ball_camera = 2.3557m
t=1.0s, distance_orange_ball_camera = 1.8100m
t=1.0s, distance_white_ball_camera = 3.0735m
t=1.0s, distance_green_ball_camera = 3.0390m"
captured_0054a,lab,V3MC,24,DS,What is the distance between the green ball and the pink ball at 1.0s in meters? ,velocity of the orange ball at 0.5s = 2.21m/s,"t=0.5s, distance_orange_ball_camera = 2.3557m
t=1.0s, distance_orange_ball_camera = 1.8100m
t=1.0s, distance_white_ball_camera = 3.0735m
t=1.0s, distance_green_ball_camera = 3.0390m"
captured_0054as,lab,V3MS,24,DS,What is the orange ball's displacement between 0.5s and 1.0s in meters? ,velocity of the orange ball at 0.5s = 2.21m/s,"t=0.5s, distance_orange_ball_camera = 2.3557m
t=1.0s, distance_orange_ball_camera = 1.8100m
t=1.0s, distance_white_ball_camera = 3.0735m
t=1.0s, distance_green_ball_camera = 3.0390m"
captured_0054as,lab,V3MS,24,DS,What is the soccer ball's displacement between 1.0s and 1.4s in meters? ,velocity of the orange ball at 0.5s = 2.21m/s,"t=0.5s, distance_orange_ball_camera = 2.3557m
t=1.0s, distance_orange_ball_camera = 1.8100m
t=1.0s, distance_white_ball_camera = 3.0735m
t=1.0s, distance_green_ball_camera = 3.0390m"
captured_0054as,lab,V3MS,24,DS,What is the soccer ball's diameter in cm? ,velocity of the orange ball at 0.5s = 2.21m/s,"t=0.5s, distance_orange_ball_camera = 2.3557m
t=1.0s, distance_orange_ball_camera = 1.8100m
t=1.0s, distance_white_ball_camera = 3.0735m
t=1.0s, distance_green_ball_camera = 3.0390m"
captured_0054as,lab,V3MS,24,DS,What is the orange ball's diameter in cm? ,velocity of the orange ball at 0.5s = 2.21m/s,"t=0.5s, distance_orange_ball_camera = 2.3557m
t=1.0s, distance_orange_ball_camera = 1.8100m
t=1.0s, distance_white_ball_camera = 3.0735m
t=1.0s, distance_green_ball_camera = 3.0390m"
captured_0054as,lab,V3MS,24,DS,What is the white ball's diameter in cm? ,velocity of the orange ball at 0.5s = 2.21m/s,"t=0.5s, distance_orange_ball_camera = 2.3557m
t=1.0s, distance_orange_ball_camera = 1.8100m
t=1.0s, distance_white_ball_camera = 3.0735m
t=1.0s, distance_green_ball_camera = 3.0390m"
captured_0054as,lab,V3MS,24,DD,What is the soccer ball's velocity at 0.5s in m/s? ,velocity of the orange ball at 0.5s = 2.21m/s,"t=0.5s, distance_orange_ball_camera = 2.3557m
t=1.0s, distance_orange_ball_camera = 1.8100m
t=1.0s, distance_white_ball_camera = 3.0735m
t=1.0s, distance_green_ball_camera = 3.0390m"
captured_0054as,lab,V3MS,24,DD,What is the velocity of the green ball at 1.0s in m/s? ,velocity of the orange ball at 0.5s = 2.21m/s,"t=0.5s, distance_orange_ball_camera = 2.3557m
t=1.0s, distance_orange_ball_camera = 1.8100m
t=1.0s, distance_white_ball_camera = 3.0735m
t=1.0s, distance_green_ball_camera = 3.0390m"
captured_0054as,lab,V3MS,24,DD,What is the velocity of the white ball at 1.0s in m/s? ,velocity of the orange ball at 0.5s = 2.21m/s,"t=0.5s, distance_orange_ball_camera = 2.3557m
t=1.0s, distance_orange_ball_camera = 1.8100m
t=1.0s, distance_white_ball_camera = 3.0735m
t=1.0s, distance_green_ball_camera = 3.0390m"
captured_0054as,lab,V3MS,24,DD,What is the velocity of the green ball at 1.5s in m/s? ,velocity of the orange ball at 0.5s = 2.21m/s,"t=0.5s, distance_orange_ball_camera = 2.3557m
t=1.0s, distance_orange_ball_camera = 1.8100m
t=1.0s, distance_white_ball_camera = 3.0735m
t=1.0s, distance_green_ball_camera = 3.0390m"
captured_0054as,lab,V3MS,24,DD,What is the velocity of the white ball at 1.5s in m/s? ,velocity of the orange ball at 0.5s = 2.21m/s,"t=0.5s, distance_orange_ball_camera = 2.3557m
t=1.0s, distance_orange_ball_camera = 1.8100m
t=1.0s, distance_white_ball_camera = 3.0735m
t=1.0s, distance_green_ball_camera = 3.0390m"
captured_0054as,lab,V3MS,24,DS,What is the distance between the orange ball and the soccer ball at 1.0s in meters? ,velocity of the orange ball at 0.5s = 2.21m/s,"t=0.5s, distance_orange_ball_camera = 2.3557m
t=1.0s, distance_orange_ball_camera = 1.8100m
t=1.0s, distance_white_ball_camera = 3.0735m
t=1.0s, distance_green_ball_camera = 3.0390m"
captured_0054as,lab,V3MS,24,DS,What is the distance between the green ball and the white ball at 1.0s in meters? ,velocity of the orange ball at 0.5s = 2.21m/s,"t=0.5s, distance_orange_ball_camera = 2.3557m
t=1.0s, distance_orange_ball_camera = 1.8100m
t=1.0s, distance_white_ball_camera = 3.0735m
t=1.0s, distance_green_ball_camera = 3.0390m"
captured_0054ax,lab,V3MX,24,DS,What is the orange ball's displacement between 0.5s and 1.0s in meters? ,velocity of the orange ball at 0.5s = 2.21m/s,"t=0.5s, distance_orange_ball_camera = 2.3557m
t=1.0s, distance_orange_ball_camera = 1.8100m
t=1.0s, distance_white_ball_camera = 3.0735m
t=1.0s, distance_green_ball_camera = 3.0390m"
captured_0054ax,lab,V3MX,24,DS,What is the soccer ball's displacement between 1.0s and 1.4s in meters? ,velocity of the orange ball at 0.5s = 2.21m/s,"t=0.5s, distance_orange_ball_camera = 2.3557m
t=1.0s, distance_orange_ball_camera = 1.8100m
t=1.0s, distance_white_ball_camera = 3.0735m
t=1.0s, distance_green_ball_camera = 3.0390m"
captured_0054ax,lab,V3MX,24,DS,What is the white ball's diameter in cm? ,velocity of the orange ball at 0.5s = 2.21m/s,"t=0.5s, distance_orange_ball_camera = 2.3557m
t=1.0s, distance_orange_ball_camera = 1.8100m
t=1.0s, distance_white_ball_camera = 3.0735m
t=1.0s, distance_green_ball_camera = 3.0390m"
captured_0054ax,lab,V3MX,24,DS,What is the orange ball's diameter in cm? ,velocity of the orange ball at 0.5s = 2.21m/s,"t=0.5s, distance_orange_ball_camera = 2.3557m
t=1.0s, distance_orange_ball_camera = 1.8100m
t=1.0s, distance_white_ball_camera = 3.0735m
t=1.0s, distance_green_ball_camera = 3.0390m"
captured_0054ax,lab,V3MX,24,DD,What is the soccer ball's velocity at 0.5s in m/s? ,velocity of the orange ball at 0.5s = 2.21m/s,"t=0.5s, distance_orange_ball_camera = 2.3557m
t=1.0s, distance_orange_ball_camera = 1.8100m
t=1.0s, distance_white_ball_camera = 3.0735m
t=1.0s, distance_green_ball_camera = 3.0390m"
captured_0054ax,lab,V3MX,24,DD,What is the velocity of the green ball at 1.0s in m/s? ,velocity of the orange ball at 0.5s = 2.21m/s,"t=0.5s, distance_orange_ball_camera = 2.3557m
t=1.0s, distance_orange_ball_camera = 1.8100m
t=1.0s, distance_white_ball_camera = 3.0735m
t=1.0s, distance_green_ball_camera = 3.0390m"
captured_0054ax,lab,V3MX,24,DD,What is the velocity of the white ball at 1.0s in m/s? ,velocity of the orange ball at 0.5s = 2.21m/s,"t=0.5s, distance_orange_ball_camera = 2.3557m
t=1.0s, distance_orange_ball_camera = 1.8100m
t=1.0s, distance_white_ball_camera = 3.0735m
t=1.0s, distance_green_ball_camera = 3.0390m"
captured_0054ax,lab,V3MX,24,DD,What is the velocity of the green ball at 1.5s in m/s? ,velocity of the orange ball at 0.5s = 2.21m/s,"t=0.5s, distance_orange_ball_camera = 2.3557m
t=1.0s, distance_orange_ball_camera = 1.8100m
t=1.0s, distance_white_ball_camera = 3.0735m
t=1.0s, distance_green_ball_camera = 3.0390m"
captured_0054ax,lab,V3MX,24,DD,What is the velocity of the pink ball at 1.5s in m/s? ,velocity of the orange ball at 0.5s = 2.21m/s,"t=0.5s, distance_orange_ball_camera = 2.3557m
t=1.0s, distance_orange_ball_camera = 1.8100m
t=1.0s, distance_white_ball_camera = 3.0735m
t=1.0s, distance_green_ball_camera = 3.0390m"
captured_0054ax,lab,V3MX,24,DS,What is the distance between the orange ball and the soccer ball at 1.0s in meters? ,velocity of the orange ball at 0.5s = 2.21m/s,"t=0.5s, distance_orange_ball_camera = 2.3557m
t=1.0s, distance_orange_ball_camera = 1.8100m
t=1.0s, distance_white_ball_camera = 3.0735m
t=1.0s, distance_green_ball_camera = 3.0390m"
captured_0054ax,lab,V3MX,24,DS,What is the distance between the green ball and the white ball at 1.0s in meters? ,velocity of the orange ball at 0.5s = 2.21m/s,"t=0.5s, distance_orange_ball_camera = 2.3557m
t=1.0s, distance_orange_ball_camera = 1.8100m
t=1.0s, distance_white_ball_camera = 3.0735m
t=1.0s, distance_green_ball_camera = 3.0390m"
captured_0054b,lab,V3MC,24,DS,What is the orange ball's displacement between 0.5s and 1.0s in meters? ,velocity of the orange ball at 0.5s = 2.21m/s,"t=0.5s, distance_orange_ball_camera = 2.2400m
t=1.0s, distance_orange_ball_camera = 1.8100m
t=1.0s, distance_white_ball_camera = 1.2350m
t=1.0s, distance_green_ball_camera = 1.3310m
t=2.0s, distance_soccer_ball_camera = 3.2540m"
captured_0054b,lab,V3MC,24,DS,What is the soccer ball's displacement between 1.0s and 1.4s in meters? ,velocity of the orange ball at 0.5s = 2.21m/s,"t=0.5s, distance_orange_ball_camera = 2.2400m
t=1.0s, distance_orange_ball_camera = 1.8100m
t=1.0s, distance_white_ball_camera = 1.2350m
t=1.0s, distance_green_ball_camera = 1.3310m
t=2.0s, distance_soccer_ball_camera = 3.2540m"
captured_0054b,lab,V3MC,24,DS,What is the soccer ball's diameter in cm? ,velocity of the orange ball at 0.5s = 2.21m/s,"t=0.5s, distance_orange_ball_camera = 2.2400m
t=1.0s, distance_orange_ball_camera = 1.8100m
t=1.0s, distance_white_ball_camera = 1.2350m
t=1.0s, distance_green_ball_camera = 1.3310m
t=2.0s, distance_soccer_ball_camera = 3.2540m"
captured_0054b,lab,V3MC,24,DS,What is the orange ball's diameter in cm? ,velocity of the orange ball at 0.5s = 2.21m/s,"t=0.5s, distance_orange_ball_camera = 2.2400m
t=1.0s, distance_orange_ball_camera = 1.8100m
t=1.0s, distance_white_ball_camera = 1.2350m
t=1.0s, distance_green_ball_camera = 1.3310m
t=2.0s, distance_soccer_ball_camera = 3.2540m"
captured_0054b,lab,V3MC,24,DS,What is the white ball's diameter in cm? ,velocity of the orange ball at 0.5s = 2.21m/s,"t=0.5s, distance_orange_ball_camera = 2.2400m
t=1.0s, distance_orange_ball_camera = 1.8100m
t=1.0s, distance_white_ball_camera = 1.2350m
t=1.0s, distance_green_ball_camera = 1.3310m
t=2.0s, distance_soccer_ball_camera = 3.2540m"
captured_0054b,lab,V3MC,24,DD,What is the soccer ball's velocity at 0.5s in m/s? ,velocity of the orange ball at 0.5s = 2.21m/s,"t=0.5s, distance_orange_ball_camera = 2.2400m
t=1.0s, distance_orange_ball_camera = 1.8100m
t=1.0s, distance_white_ball_camera = 1.2350m
t=1.0s, distance_green_ball_camera = 1.3310m
t=2.0s, distance_soccer_ball_camera = 3.2540m"
captured_0054b,lab,V3MC,24,DD,What is the velocity of the green ball at 1.0s in m/s? ,velocity of the orange ball at 0.5s = 2.21m/s,"t=0.5s, distance_orange_ball_camera = 2.2400m
t=1.0s, distance_orange_ball_camera = 1.8100m
t=1.0s, distance_white_ball_camera = 1.2350m
t=1.0s, distance_green_ball_camera = 1.3310m
t=2.0s, distance_soccer_ball_camera = 3.2540m"
captured_0054b,lab,V3MC,24,DD,What is the velocity of the white ball at 1.0s in m/s? ,velocity of the orange ball at 0.5s = 2.21m/s,"t=0.5s, distance_orange_ball_camera = 2.2400m
t=1.0s, distance_orange_ball_camera = 1.8100m
t=1.0s, distance_white_ball_camera = 1.2350m
t=1.0s, distance_green_ball_camera = 1.3310m
t=2.0s, distance_soccer_ball_camera = 3.2540m"
captured_0054b,lab,V3MC,24,DD,What is the velocity of the green ball at 1.5s in m/s? ,velocity of the orange ball at 0.5s = 2.21m/s,"t=0.5s, distance_orange_ball_camera = 2.2400m
t=1.0s, distance_orange_ball_camera = 1.8100m
t=1.0s, distance_white_ball_camera = 1.2350m
t=1.0s, distance_green_ball_camera = 1.3310m
t=2.0s, distance_soccer_ball_camera = 3.2540m"
captured_0054b,lab,V3MC,24,DD,What is the velocity of the white ball at 1.5s in m/s? ,velocity of the orange ball at 0.5s = 2.21m/s,"t=0.5s, distance_orange_ball_camera = 2.2400m
t=1.0s, distance_orange_ball_camera = 1.8100m
t=1.0s, distance_white_ball_camera = 1.2350m
t=1.0s, distance_green_ball_camera = 1.3310m
t=2.0s, distance_soccer_ball_camera = 3.2540m"
captured_0054b,lab,V3MC,24,DS,What is the distance between the orange ball and the soccer ball at 1.0s in meters? ,velocity of the orange ball at 0.5s = 2.21m/s,"t=0.5s, distance_orange_ball_camera = 2.2400m
t=1.0s, distance_orange_ball_camera = 1.8100m
t=1.0s, distance_white_ball_camera = 1.2350m
t=1.0s, distance_green_ball_camera = 1.3310m
t=2.0s, distance_soccer_ball_camera = 3.2540m"
captured_0054b,lab,V3MC,24,DS,What is the distance between the green ball and the white ball at 1.0s in meters? ,velocity of the orange ball at 0.5s = 2.21m/s,"t=0.5s, distance_orange_ball_camera = 2.2400m
t=1.0s, distance_orange_ball_camera = 1.8100m
t=1.0s, distance_white_ball_camera = 1.2350m
t=1.0s, distance_green_ball_camera = 1.3310m
t=2.0s, distance_soccer_ball_camera = 3.2540m"
captured_0054bs,lab,V3MS,24,DS,What is the orange ball's displacement between 0.5s and 1.0s in meters? ,velocity of the orange ball at 0.5s = 2.21m/s,"t=0.5s, distance_orange_ball_camera = 2.2400m
t=1.0s, distance_orange_ball_camera = 1.8100m
t=1.0s, distance_white_ball_camera = 1.2350m
t=1.0s, distance_green_ball_camera = 1.3310m
t=2.0s, distance_soccer_ball_camera = 3.2540m"
captured_0054bs,lab,V3MS,24,DS,What is the soccer ball's displacement between 1.0s and 1.4s in meters? ,velocity of the orange ball at 0.5s = 2.21m/s,"t=0.5s, distance_orange_ball_camera = 2.2400m
t=1.0s, distance_orange_ball_camera = 1.8100m
t=1.0s, distance_white_ball_camera = 1.2350m
t=1.0s, distance_green_ball_camera = 1.3310m
t=2.0s, distance_soccer_ball_camera = 3.2540m"
captured_0054bs,lab,V3MS,24,DS,What is the soccer ball's diameter in cm? ,velocity of the orange ball at 0.5s = 2.21m/s,"t=0.5s, distance_orange_ball_camera = 2.2400m
t=1.0s, distance_orange_ball_camera = 1.8100m
t=1.0s, distance_white_ball_camera = 1.2350m
t=1.0s, distance_green_ball_camera = 1.3310m
t=2.0s, distance_soccer_ball_camera = 3.2540m"
captured_0054bs,lab,V3MS,24,DS,What is the orange ball's diameter in cm? ,velocity of the orange ball at 0.5s = 2.21m/s,"t=0.5s, distance_orange_ball_camera = 2.2400m
t=1.0s, distance_orange_ball_camera = 1.8100m
t=1.0s, distance_white_ball_camera = 1.2350m
t=1.0s, distance_green_ball_camera = 1.3310m
t=2.0s, distance_soccer_ball_camera = 3.2540m"
captured_0054bs,lab,V3MS,24,DS,What is the white ball's diameter in cm? ,velocity of the orange ball at 0.5s = 2.21m/s,"t=0.5s, distance_orange_ball_camera = 2.2400m
t=1.0s, distance_orange_ball_camera = 1.8100m
t=1.0s, distance_white_ball_camera = 1.2350m
t=1.0s, distance_green_ball_camera = 1.3310m
t=2.0s, distance_soccer_ball_camera = 3.2540m"
captured_0054bs,lab,V3MS,24,DD,What is the soccer ball's velocity at 0.5s in m/s? ,velocity of the orange ball at 0.5s = 2.21m/s,"t=0.5s, distance_orange_ball_camera = 2.2400m
t=1.0s, distance_orange_ball_camera = 1.8100m
t=1.0s, distance_white_ball_camera = 1.2350m
t=1.0s, distance_green_ball_camera = 1.3310m
t=2.0s, distance_soccer_ball_camera = 3.2540m"
captured_0054bs,lab,V3MS,24,DD,What is the velocity of the green ball at 1.0s in m/s? ,velocity of the orange ball at 0.5s = 2.21m/s,"t=0.5s, distance_orange_ball_camera = 2.2400m
t=1.0s, distance_orange_ball_camera = 1.8100m
t=1.0s, distance_white_ball_camera = 1.2350m
t=1.0s, distance_green_ball_camera = 1.3310m
t=2.0s, distance_soccer_ball_camera = 3.2540m"
captured_0054bs,lab,V3MS,24,DD,What is the velocity of the white ball at 1.0s in m/s? ,velocity of the orange ball at 0.5s = 2.21m/s,"t=0.5s, distance_orange_ball_camera = 2.2400m
t=1.0s, distance_orange_ball_camera = 1.8100m
t=1.0s, distance_white_ball_camera = 1.2350m
t=1.0s, distance_green_ball_camera = 1.3310m
t=2.0s, distance_soccer_ball_camera = 3.2540m"
captured_0054bs,lab,V3MS,24,DD,What is the velocity of the green ball at 1.5s in m/s? ,velocity of the orange ball at 0.5s = 2.21m/s,"t=0.5s, distance_orange_ball_camera = 2.2400m
t=1.0s, distance_orange_ball_camera = 1.8100m
t=1.0s, distance_white_ball_camera = 1.2350m
t=1.0s, distance_green_ball_camera = 1.3310m
t=2.0s, distance_soccer_ball_camera = 3.2540m"
captured_0054bs,lab,V3MS,24,DD,What is the velocity of the white ball at 1.5s in m/s? ,velocity of the orange ball at 0.5s = 2.21m/s,"t=0.5s, distance_orange_ball_camera = 2.2400m
t=1.0s, distance_orange_ball_camera = 1.8100m
t=1.0s, distance_white_ball_camera = 1.2350m
t=1.0s, distance_green_ball_camera = 1.3310m
t=2.0s, distance_soccer_ball_camera = 3.2540m"
captured_0054bs,lab,V3MS,24,DS,What is the distance between the orange ball and the soccer ball at 1.0s in meters? ,velocity of the orange ball at 0.5s = 2.21m/s,"t=0.5s, distance_orange_ball_camera = 2.2400m
t=1.0s, distance_orange_ball_camera = 1.8100m
t=1.0s, distance_white_ball_camera = 1.2350m
t=1.0s, distance_green_ball_camera = 1.3310m
t=2.0s, distance_soccer_ball_camera = 3.2540m"
captured_0054bs,lab,V3MS,24,DS,What is the distance between the green ball and the white ball at 1.0s in meters? ,velocity of the orange ball at 0.5s = 2.21m/s,"t=0.5s, distance_orange_ball_camera = 2.2400m
t=1.0s, distance_orange_ball_camera = 1.8100m
t=1.0s, distance_white_ball_camera = 1.2350m
t=1.0s, distance_green_ball_camera = 1.3310m
t=2.0s, distance_soccer_ball_camera = 3.2540m"
captured_0054bx,lab,V3MX,24,DS,What is the orange ball's displacement between 0.5s and 1.0s in meters? ,velocity of the orange ball at 0.5s = 2.21m/s,"t=0.5s, distance_orange_ball_camera = 2.2400m
t=1.0s, distance_orange_ball_camera = 1.8100m
t=1.0s, distance_white_ball_camera = 1.2350m
t=1.0s, distance_green_ball_camera = 1.3310m
t=2.0s, distance_soccer_ball_camera = 3.2540m"
captured_0054bx,lab,V3MX,24,DS,What is the soccer ball's displacement between 1.0s and 1.4s in meters? ,velocity of the orange ball at 0.5s = 2.21m/s,"t=0.5s, distance_orange_ball_camera = 2.2400m
t=1.0s, distance_orange_ball_camera = 1.8100m
t=1.0s, distance_white_ball_camera = 1.2350m
t=1.0s, distance_green_ball_camera = 1.3310m
t=2.0s, distance_soccer_ball_camera = 3.2540m"
captured_0054bx,lab,V3MX,24,DS,What is the soccer ball's diameter in cm? ,velocity of the orange ball at 0.5s = 2.21m/s,"t=0.5s, distance_orange_ball_camera = 2.2400m
t=1.0s, distance_orange_ball_camera = 1.8100m
t=1.0s, distance_white_ball_camera = 1.2350m
t=1.0s, distance_green_ball_camera = 1.3310m
t=2.0s, distance_soccer_ball_camera = 3.2540m"
captured_0054bx,lab,V3MX,24,DS,What is the orange ball's diameter in cm? ,velocity of the orange ball at 0.5s = 2.21m/s,"t=0.5s, distance_orange_ball_camera = 2.2400m
t=1.0s, distance_orange_ball_camera = 1.8100m
t=1.0s, distance_white_ball_camera = 1.2350m
t=1.0s, distance_green_ball_camera = 1.3310m
t=2.0s, distance_soccer_ball_camera = 3.2540m"
captured_0054bx,lab,V3MX,24,DS,What is the white ball's diameter in cm? ,velocity of the orange ball at 0.5s = 2.21m/s,"t=0.5s, distance_orange_ball_camera = 2.2400m
t=1.0s, distance_orange_ball_camera = 1.8100m
t=1.0s, distance_white_ball_camera = 1.2350m
t=1.0s, distance_green_ball_camera = 1.3310m
t=2.0s, distance_soccer_ball_camera = 3.2540m"
captured_0054bx,lab,V3MX,24,DD,What is the soccer ball's velocity at 0.5s in m/s? ,velocity of the orange ball at 0.5s = 2.21m/s,"t=0.5s, distance_orange_ball_camera = 2.2400m
t=1.0s, distance_orange_ball_camera = 1.8100m
t=1.0s, distance_white_ball_camera = 1.2350m
t=1.0s, distance_green_ball_camera = 1.3310m
t=2.0s, distance_soccer_ball_camera = 3.2540m"
captured_0054bx,lab,V3MX,24,DD,What is the velocity of the green ball at 1.0s in m/s? ,velocity of the orange ball at 0.5s = 2.21m/s,"t=0.5s, distance_orange_ball_camera = 2.2400m
t=1.0s, distance_orange_ball_camera = 1.8100m
t=1.0s, distance_white_ball_camera = 1.2350m
t=1.0s, distance_green_ball_camera = 1.3310m
t=2.0s, distance_soccer_ball_camera = 3.2540m"
captured_0054bx,lab,V3MX,24,DD,What is the velocity of the white ball at 1.0s in m/s? ,velocity of the orange ball at 0.5s = 2.21m/s,"t=0.5s, distance_orange_ball_camera = 2.2400m
t=1.0s, distance_orange_ball_camera = 1.8100m
t=1.0s, distance_white_ball_camera = 1.2350m
t=1.0s, distance_green_ball_camera = 1.3310m
t=2.0s, distance_soccer_ball_camera = 3.2540m"
captured_0054bx,lab,V3MX,24,DD,What is the velocity of the green ball at 1.5s in m/s? ,velocity of the orange ball at 0.5s = 2.21m/s,"t=0.5s, distance_orange_ball_camera = 2.2400m
t=1.0s, distance_orange_ball_camera = 1.8100m
t=1.0s, distance_white_ball_camera = 1.2350m
t=1.0s, distance_green_ball_camera = 1.3310m
t=2.0s, distance_soccer_ball_camera = 3.2540m"
captured_0054bx,lab,V3MX,24,DD,What is the velocity of the white ball at 1.5s in m/s? ,velocity of the orange ball at 0.5s = 2.21m/s,"t=0.5s, distance_orange_ball_camera = 2.2400m
t=1.0s, distance_orange_ball_camera = 1.8100m
t=1.0s, distance_white_ball_camera = 1.2350m
t=1.0s, distance_green_ball_camera = 1.3310m
t=2.0s, distance_soccer_ball_camera = 3.2540m"
captured_0054bx,lab,V3MX,24,DS,What is the distance between the orange ball and the soccer ball at 1.0s in meters? ,velocity of the orange ball at 0.5s = 2.21m/s,"t=0.5s, distance_orange_ball_camera = 2.2400m
t=1.0s, distance_orange_ball_camera = 1.8100m
t=1.0s, distance_white_ball_camera = 1.2350m
t=1.0s, distance_green_ball_camera = 1.3310m
t=2.0s, distance_soccer_ball_camera = 3.2540m"
captured_0054bx,lab,V3MX,24,DS,What is the distance between the green ball and the white ball at 1.0s in meters? ,velocity of the orange ball at 0.5s = 2.21m/s,"t=0.5s, distance_orange_ball_camera = 2.2400m
t=1.0s, distance_orange_ball_camera = 1.8100m
t=1.0s, distance_white_ball_camera = 1.2350m
t=1.0s, distance_green_ball_camera = 1.3310m
t=2.0s, distance_soccer_ball_camera = 3.2540m"
captured_0061,lab,V3MC,24,DS,What is the diameter of the yoga ball in cm? ,velocity of the yoga ball at 0.6s = 2.5104m/s,"t=0.6s, distance_yoga_ball_camera = 2.1330m
t=1.1s, distance_basketball_camera = 2.4200m
t=1.6s, distance_basketball_camera = 1.9015m
t=0.6s, distance_soccer_ball_camera = 1.9370m
t=0.9s, distance_soccer_ball_camera = 1.5850m
"
captured_0061,lab,V3MC,24,DS,What is the diameter of the soccer ball in cm? ,velocity of the yoga ball at 0.6s = 2.5104m/s,"t=0.6s, distance_yoga_ball_camera = 2.1330m
t=1.1s, distance_basketball_camera = 2.4200m
t=1.6s, distance_basketball_camera = 1.9015m
t=0.6s, distance_soccer_ball_camera = 1.9370m
t=0.9s, distance_soccer_ball_camera = 1.5850m
"
captured_0061,lab,V3MC,24,DS,What is the distance between the basketball and the yoga ball at 2.0s in meters?,velocity of the yoga ball at 0.6s = 2.5104m/s,"t=0.6s, distance_yoga_ball_camera = 2.1330m
t=1.1s, distance_basketball_camera = 2.4200m
t=1.6s, distance_basketball_camera = 1.9015m
t=0.6s, distance_soccer_ball_camera = 1.9370m
t=0.9s, distance_soccer_ball_camera = 1.5850m
"
captured_0061,lab,V3MC,24,DD,What is the velocity of the soccer ball at 0.6s in m/s?,velocity of the yoga ball at 0.6s = 2.5104m/s,"t=0.6s, distance_yoga_ball_camera = 2.1330m
t=1.1s, distance_basketball_camera = 2.4200m
t=1.6s, distance_basketball_camera = 1.9015m
t=0.6s, distance_soccer_ball_camera = 1.9370m
t=0.9s, distance_soccer_ball_camera = 1.5850m
"
captured_0061,lab,V3MC,24,DD,What is the velocity of the soccer ball at 0.9s in m/s?,velocity of the yoga ball at 0.6s = 2.5104m/s,"t=0.6s, distance_yoga_ball_camera = 2.1330m
t=1.1s, distance_basketball_camera = 2.4200m
t=1.6s, distance_basketball_camera = 1.9015m
t=0.6s, distance_soccer_ball_camera = 1.9370m
t=0.9s, distance_soccer_ball_camera = 1.5850m
"
captured_0061,lab,V3MC,24,DD,What is the velocity of the basketball at 1.1s in m/s?,velocity of the yoga ball at 0.6s = 2.5104m/s,"t=0.6s, distance_yoga_ball_camera = 2.1330m
t=1.1s, distance_basketball_camera = 2.4200m
t=1.6s, distance_basketball_camera = 1.9015m
t=0.6s, distance_soccer_ball_camera = 1.9370m
t=0.9s, distance_soccer_ball_camera = 1.5850m
"
captured_0061,lab,V3MC,24,DD,What is the velocity of the basketball at 1.6s in m/s?,velocity of the yoga ball at 0.6s = 2.5104m/s,"t=0.6s, distance_yoga_ball_camera = 2.1330m
t=1.1s, distance_basketball_camera = 2.4200m
t=1.6s, distance_basketball_camera = 1.9015m
t=0.6s, distance_soccer_ball_camera = 1.9370m
t=0.9s, distance_soccer_ball_camera = 1.5850m
"
captured_0061s,lab,V3MS,24,DS,What is the diameter of the yoga ball in cm? ,velocity of the yoga ball at 0.6s = 2.5104m/s,"t=0.6s, distance_yoga_ball_camera = 2.1330m
t=1.1s, distance_basketball_camera = 2.4200m
t=1.6s, distance_basketball_camera = 1.9015m
t=0.6s, distance_soccer_ball_camera = 1.9370m
t=0.9s, distance_soccer_ball_camera = 1.5850m
"
captured_0061s,lab,V3MS,24,DS,What is the diameter of the soccer ball in cm? ,velocity of the yoga ball at 0.6s = 2.5104m/s,"t=0.6s, distance_yoga_ball_camera = 2.1330m
t=1.1s, distance_basketball_camera = 2.4200m
t=1.6s, distance_basketball_camera = 1.9015m
t=0.6s, distance_soccer_ball_camera = 1.9370m
t=0.9s, distance_soccer_ball_camera = 1.5850m
"
captured_0061s,lab,V3MS,24,DS,What is the distance between the basketball and the yoga ball at 2.0s in meters?,velocity of the yoga ball at 0.6s = 2.5104m/s,"t=0.6s, distance_yoga_ball_camera = 2.1330m
t=1.1s, distance_basketball_camera = 2.4200m
t=1.6s, distance_basketball_camera = 1.9015m
t=0.6s, distance_soccer_ball_camera = 1.9370m
t=0.9s, distance_soccer_ball_camera = 1.5850m
"
captured_0061s,lab,V3MS,24,DD,What is the velocity of the soccer ball at 0.6s in m/s?,velocity of the yoga ball at 0.6s = 2.5104m/s,"t=0.6s, distance_yoga_ball_camera = 2.1330m
t=1.1s, distance_basketball_camera = 2.4200m
t=1.6s, distance_basketball_camera = 1.9015m
t=0.6s, distance_soccer_ball_camera = 1.9370m
t=0.9s, distance_soccer_ball_camera = 1.5850m
"
captured_0061s,lab,V3MS,24,DD,What is the velocity of the soccer ball at 0.9s in m/s?,velocity of the yoga ball at 0.6s = 2.5104m/s,"t=0.6s, distance_yoga_ball_camera = 2.1330m
t=1.1s, distance_basketball_camera = 2.4200m
t=1.6s, distance_basketball_camera = 1.9015m
t=0.6s, distance_soccer_ball_camera = 1.9370m
t=0.9s, distance_soccer_ball_camera = 1.5850m
"
captured_0061s,lab,V3MS,24,DD,What is the velocity of the basketball at 1.1s in m/s?,velocity of the yoga ball at 0.6s = 2.5104m/s,"t=0.6s, distance_yoga_ball_camera = 2.1330m
t=1.1s, distance_basketball_camera = 2.4200m
t=1.6s, distance_basketball_camera = 1.9015m
t=0.6s, distance_soccer_ball_camera = 1.9370m
t=0.9s, distance_soccer_ball_camera = 1.5850m
"
captured_0061s,lab,V3MS,24,DD,What is the velocity of the basketball at 1.6s in m/s?,velocity of the yoga ball at 0.6s = 2.5104m/s,"t=0.6s, distance_yoga_ball_camera = 2.1330m
t=1.1s, distance_basketball_camera = 2.4200m
t=1.6s, distance_basketball_camera = 1.9015m
t=0.6s, distance_soccer_ball_camera = 1.9370m
t=0.9s, distance_soccer_ball_camera = 1.5850m
"
captured_0061x,lab,V3MX,24,DS,What is the diameter of the yoga ball in cm? ,velocity of the yoga ball at 0.6s = 2.5104m/s,"t=0.6s, distance_yoga_ball_camera = 2.1330m
t=1.1s, distance_basketball_camera = 2.4200m
t=1.6s, distance_basketball_camera = 1.9015m
t=0.6s, distance_soccer_ball_camera = 1.9370m
t=0.9s, distance_soccer_ball_camera = 1.5850m
"
captured_0061x,lab,V3MX,24,DS,What is the diameter of the soccer ball in cm? ,velocity of the yoga ball at 0.6s = 2.5104m/s,"t=0.6s, distance_yoga_ball_camera = 2.1330m
t=1.1s, distance_basketball_camera = 2.4200m
t=1.6s, distance_basketball_camera = 1.9015m
t=0.6s, distance_soccer_ball_camera = 1.9370m
t=0.9s, distance_soccer_ball_camera = 1.5850m
"
captured_0061x,lab,V3MX,24,DS,What is the distance between the basketball and the yoga ball at 2.0s in meters?,velocity of the yoga ball at 0.6s = 2.5104m/s,"t=0.6s, distance_yoga_ball_camera = 2.1330m
t=1.1s, distance_basketball_camera = 2.4200m
t=1.6s, distance_basketball_camera = 1.9015m
t=0.6s, distance_soccer_ball_camera = 1.9370m
t=0.9s, distance_soccer_ball_camera = 1.5850m
"
captured_0061x,lab,V3MX,24,DD,What is the velocity of the soccer ball at 0.6s in m/s?,velocity of the yoga ball at 0.6s = 2.5104m/s,"t=0.6s, distance_yoga_ball_camera = 2.1330m
t=1.1s, distance_basketball_camera = 2.4200m
t=1.6s, distance_basketball_camera = 1.9015m
t=0.6s, distance_soccer_ball_camera = 1.9370m
t=0.9s, distance_soccer_ball_camera = 1.5850m
"
captured_0061x,lab,V3MX,24,DD,What is the velocity of the soccer ball at 0.9s in m/s?,velocity of the yoga ball at 0.6s = 2.5104m/s,"t=0.6s, distance_yoga_ball_camera = 2.1330m
t=1.1s, distance_basketball_camera = 2.4200m
t=1.6s, distance_basketball_camera = 1.9015m
t=0.6s, distance_soccer_ball_camera = 1.9370m
t=0.9s, distance_soccer_ball_camera = 1.5850m
"
captured_0061x,lab,V3MX,24,DD,What is the velocity of the basketball at 1.1s in m/s?,velocity of the yoga ball at 0.6s = 2.5104m/s,"t=0.6s, distance_yoga_ball_camera = 2.1330m
t=1.1s, distance_basketball_camera = 2.4200m
t=1.6s, distance_basketball_camera = 1.9015m
t=0.6s, distance_soccer_ball_camera = 1.9370m
t=0.9s, distance_soccer_ball_camera = 1.5850m
"
captured_0061x,lab,V3MX,24,DD,What is the velocity of the basketball at 1.6s in m/s?,velocity of the yoga ball at 0.6s = 2.5104m/s,"t=0.6s, distance_yoga_ball_camera = 2.1330m
t=1.1s, distance_basketball_camera = 2.4200m
t=1.6s, distance_basketball_camera = 1.9015m
t=0.6s, distance_soccer_ball_camera = 1.9370m
t=0.9s, distance_soccer_ball_camera = 1.5850m
"
captured_0062,lab,V3MC,24,DS,What is the length of the whiteboard in cm? ,velocity of the whiteboard at 1.4s = 1.9339m/s,"t=1.4s, distance_white_board_camera = 2.8150m
distance_blue_shopping_bag_camera = 3.3070m
distance_white_box_camera = 2.0820m
distance_trashbin_camera = 2.3030m
distance_mario_toy_camera = 2.0160m"
captured_0062,lab,V3MC,24,DS,What is the width of the whiteboard in cm? ,velocity of the whiteboard at 1.4s = 1.9339m/s,"t=1.4s, distance_white_board_camera = 2.8150m
distance_blue_shopping_bag_camera = 3.3070m
distance_white_box_camera = 2.0820m
distance_trashbin_camera = 2.3030m
distance_mario_toy_camera = 2.0160m"
captured_0062,lab,V3MC,24,DS,What is the length of the blue shoppingbag in cm? ,velocity of the whiteboard at 1.4s = 1.9339m/s,"t=1.4s, distance_white_board_camera = 2.8150m
distance_blue_shopping_bag_camera = 3.3070m
distance_white_box_camera = 2.0820m
distance_trashbin_camera = 2.3030m
distance_mario_toy_camera = 2.0160m"
captured_0062,lab,V3MC,24,DS,What is the width of the blue shoppingbag in cm? ,velocity of the whiteboard at 1.4s = 1.9339m/s,"t=1.4s, distance_white_board_camera = 2.8150m
distance_blue_shopping_bag_camera = 3.3070m
distance_white_box_camera = 2.0820m
distance_trashbin_camera = 2.3030m
distance_mario_toy_camera = 2.0160m"
captured_0062,lab,V3MC,24,DS,What is the length of the white box in cm? ,velocity of the whiteboard at 1.4s = 1.9339m/s,"t=1.4s, distance_white_board_camera = 2.8150m
distance_blue_shopping_bag_camera = 3.3070m
distance_white_box_camera = 2.0820m
distance_trashbin_camera = 2.3030m
distance_mario_toy_camera = 2.0160m"
captured_0062,lab,V3MC,24,DS,What is the width of the white box in cm? ,velocity of the whiteboard at 1.4s = 1.9339m/s,"t=1.4s, distance_white_board_camera = 2.8150m
distance_blue_shopping_bag_camera = 3.3070m
distance_white_box_camera = 2.0820m
distance_trashbin_camera = 2.3030m
distance_mario_toy_camera = 2.0160m"
captured_0062,lab,V3MC,24,DS,What is the height of the mario toy in cm? ,velocity of the whiteboard at 1.4s = 1.9339m/s,"t=1.4s, distance_white_board_camera = 2.8150m
distance_blue_shopping_bag_camera = 3.3070m
distance_white_box_camera = 2.0820m
distance_trashbin_camera = 2.3030m
distance_mario_toy_camera = 2.0160m"
captured_0062,lab,V3MC,24,DS,What is the height of the trashbin in cm? ,velocity of the whiteboard at 1.4s = 1.9339m/s,"t=1.4s, distance_white_board_camera = 2.8150m
distance_blue_shopping_bag_camera = 3.3070m
distance_white_box_camera = 2.0820m
distance_trashbin_camera = 2.3030m
distance_mario_toy_camera = 2.0160m"
captured_0062s,lab,V3MS,24,DS,What is the length of the whiteboard in cm? ,velocity of the whiteboard at 1.4s = 1.9339m/s,"t=1.4s, distance_white_board_camera = 2.8150m
distance_blue_shopping_bag_camera = 3.3070m
distance_white_box_camera = 2.0820m
distance_trashbin_camera = 2.3030m
distance_mario_toy_camera = 2.0160m"
captured_0062s,lab,V3MS,24,DS,What is the width of the whiteboard in cm? ,velocity of the whiteboard at 1.4s = 1.9339m/s,"t=1.4s, distance_white_board_camera = 2.8150m
distance_blue_shopping_bag_camera = 3.3070m
distance_white_box_camera = 2.0820m
distance_trashbin_camera = 2.3030m
distance_mario_toy_camera = 2.0160m"
captured_0062s,lab,V3MS,24,DS,What is the length of the blue shoppingbag in cm? ,velocity of the whiteboard at 1.4s = 1.9339m/s,"t=1.4s, distance_white_board_camera = 2.8150m
distance_blue_shopping_bag_camera = 3.3070m
distance_white_box_camera = 2.0820m
distance_trashbin_camera = 2.3030m
distance_mario_toy_camera = 2.0160m"
captured_0062s,lab,V3MS,24,DS,What is the width of the blue shoppingbag in cm? ,velocity of the whiteboard at 1.4s = 1.9339m/s,"t=1.4s, distance_white_board_camera = 2.8150m
distance_blue_shopping_bag_camera = 3.3070m
distance_white_box_camera = 2.0820m
distance_trashbin_camera = 2.3030m
distance_mario_toy_camera = 2.0160m"
captured_0062s,lab,V3MS,24,DS,What is the length of the white box in cm? ,velocity of the whiteboard at 1.4s = 1.9339m/s,"t=1.4s, distance_white_board_camera = 2.8150m
distance_blue_shopping_bag_camera = 3.3070m
distance_white_box_camera = 2.0820m
distance_trashbin_camera = 2.3030m
distance_mario_toy_camera = 2.0160m"
captured_0062s,lab,V3MS,24,DS,What is the width of the white box in cm? ,velocity of the whiteboard at 1.4s = 1.9339m/s,"t=1.4s, distance_white_board_camera = 2.8150m
distance_blue_shopping_bag_camera = 3.3070m
distance_white_box_camera = 2.0820m
distance_trashbin_camera = 2.3030m
distance_mario_toy_camera = 2.0160m"
captured_0062s,lab,V3MS,24,DS,What is the height of the mario toy in cm? ,velocity of the whiteboard at 1.4s = 1.9339m/s,"t=1.4s, distance_white_board_camera = 2.8150m
distance_blue_shopping_bag_camera = 3.3070m
distance_white_box_camera = 2.0820m
distance_trashbin_camera = 2.3030m
distance_mario_toy_camera = 2.0160m"
captured_0062s,lab,V3MS,24,DS,What is the height of the trashbin in cm? ,velocity of the whiteboard at 1.4s = 1.9339m/s,"t=1.4s, distance_white_board_camera = 2.8150m
distance_blue_shopping_bag_camera = 3.3070m
distance_white_box_camera = 2.0820m
distance_trashbin_camera = 2.3030m
distance_mario_toy_camera = 2.0160m"
captured_0062x,lab,V3MX,24,DS,What is the length of the whiteboard in cm? ,velocity of the whiteboard at 1.4s = 1.9339m/s,"t=1.4s, distance_white_board_camera = 2.8150m
distance_blue_shopping_bag_camera = 3.3070m
distance_white_box_camera = 2.0820m
distance_trashbin_camera = 2.3030m
distance_mario_toy_camera = 2.0160m"
captured_0062x,lab,V3MX,24,DS,What is the width of the whiteboard in cm? ,velocity of the whiteboard at 1.4s = 1.9339m/s,"t=1.4s, distance_white_board_camera = 2.8150m
distance_blue_shopping_bag_camera = 3.3070m
distance_white_box_camera = 2.0820m
distance_trashbin_camera = 2.3030m
distance_mario_toy_camera = 2.0160m"
captured_0062x,lab,V3MX,24,DS,What is the length of the blue shoppingbag in cm? ,velocity of the whiteboard at 1.4s = 1.9339m/s,"t=1.4s, distance_white_board_camera = 2.8150m
distance_blue_shopping_bag_camera = 3.3070m
distance_white_box_camera = 2.0820m
distance_trashbin_camera = 2.3030m
distance_mario_toy_camera = 2.0160m"
captured_0062x,lab,V3MX,24,DS,What is the width of the blue shoppingbag in cm? ,velocity of the whiteboard at 1.4s = 1.9339m/s,"t=1.4s, distance_white_board_camera = 2.8150m
distance_blue_shopping_bag_camera = 3.3070m
distance_white_box_camera = 2.0820m
distance_trashbin_camera = 2.3030m
distance_mario_toy_camera = 2.0160m"
captured_0062x,lab,V3MX,24,DS,What is the length of the white box in cm? ,velocity of the whiteboard at 1.4s = 1.9339m/s,"t=1.4s, distance_white_board_camera = 2.8150m
distance_blue_shopping_bag_camera = 3.3070m
distance_white_box_camera = 2.0820m
distance_trashbin_camera = 2.3030m
distance_mario_toy_camera = 2.0160m"
captured_0062x,lab,V3MX,24,DS,What is the width of the white box in cm? ,velocity of the whiteboard at 1.4s = 1.9339m/s,"t=1.4s, distance_white_board_camera = 2.8150m
distance_blue_shopping_bag_camera = 3.3070m
distance_white_box_camera = 2.0820m
distance_trashbin_camera = 2.3030m
distance_mario_toy_camera = 2.0160m"
captured_0062x,lab,V3MX,24,DS,What is the height of the mario toy in cm? ,velocity of the whiteboard at 1.4s = 1.9339m/s,"t=1.4s, distance_white_board_camera = 2.8150m
distance_blue_shopping_bag_camera = 3.3070m
distance_white_box_camera = 2.0820m
distance_trashbin_camera = 2.3030m
distance_mario_toy_camera = 2.0160m"
captured_0062x,lab,V3MX,24,DS,What is the height of the trashbin in cm? ,velocity of the whiteboard at 1.4s = 1.9339m/s,"t=1.4s, distance_white_board_camera = 2.8150m
distance_blue_shopping_bag_camera = 3.3070m
distance_white_box_camera = 2.0820m
distance_trashbin_camera = 2.3030m
distance_mario_toy_camera = 2.0160m"
internet_0001_segmented,segmentation,S2SC,30,SS,What is the length of the black car in meters? ,lane width = 3.66m,
internet_0001_segmented,segmentation,S2SC,30,SS,What is the width of the black car in meters? ,lane width = 3.66m,
internet_0001_segmented,segmentation,S2SC,30,SD,What is the speed of the black car in m/s? ,lane width = 3.66m,
internet_0002_segmented,segmentation,S2SC,30,SS,What is the length of the red car in meters? ,lane width = 3.66m,
internet_0002_segmented,segmentation,S2SC,30,SS,What is the width of the red car in meters? ,lane width = 3.66m,
internet_0002_segmented,segmentation,S2SC,30,SD,What is the speed of the red car in m/s? ,lane width = 3.66m,
internet_0003_segmented,segmentation,S2MC,30,SS,What is the diameter of the pizza in cm? ,money width = 7.5cm,
internet_0003_segmented,segmentation,S2MC,30,SS,What is the diameter of the wine glass in cm? ,money width = 7.5cm,
internet_0003_segmented,segmentation,S2MC,30,SD,What is the velocity of the pizza cutter in cm/s at 0.2s? ,money width = 7.5cm,
internet_0003_segmented,segmentation,S2MC,30,SS,What is the diameter of a pepperoni on the pizza in cm? ,money width = 7.5cm,
internet_0005_segmented,segmentation,V2MC,30,DS,What is the distance between the two black road signs in meters? ,walking velocity = 1.4m/s,
internet_0005_segmented,segmentation,V2MC,30,DS,What is the height of the woman in yellow in meters? ,walking velocity = 1.4m/s,
internet_0005_segmented,segmentation,V2MC,30,DS,What is the length of the light right above the woman's head in meters? ,walking velocity = 1.4m/s,
internet_0005_segmented,segmentation,V2MC,30,DS,What is the side length of the floor tiles in meters? ,walking velocity = 1.4m/s,
internet_0008_segmented,segmentation,S2MC,30,SD,What is the average speed of the sailboat in m/s? ,sailboat length = 12m,
internet_0008_segmented,segmentation,S2MC,30,SD,What is the average speed of the speedboat in m/s? ,sailboat length = 12m,
internet_0008_segmented,segmentation,S2MC,30,SS,What is the length of the speedboat in meters? ,sailboat length = 12m,
internet_0010_segmented,segmentation,S2MC,30,SS,How tall is the shooter in cm? ,basketball size = 24cm,
internet_0010_segmented,segmentation,S2MC,30,SD,What is the velocity of the ball at 2.00s in cm/s? ,basketball size = 24cm,
internet_0017_segmented,segmentation,S2MS,30,SS,What is the diameter of the round container in cm? ,credit card width = 5.4cm,
internet_0017_segmented,segmentation,S2MS,30,SS,What is the length of the keyboard in cm? ,credit card width = 5.4cm,
internet_0017_segmented,segmentation,S2MS,30,SS,What is the width of the keyboard in cm? ,credit card width = 5.4cm,
internet_0017_segmented,segmentation,S2MS,30,SS,What is the length of the pen in cm? ,credit card width = 5.4cm,
internet_0017_segmented,segmentation,S2MS,30,SD,What is moving speed of the user's (middle) fingertip at 0.4s in cm/s? ,credit card width = 5.4cm,
internet_0019_segmented,segmentation,A2MC,30,DS,What is the size of the ball in cm? ,gravity acc = 9.8m/s,
internet_0019_segmented,segmentation,A2MC,30,DS,What is the height of the person standing in the middle in cm? ,gravity acc = 9.8m/s,
internet_0019_segmented,segmentation,A2MC,30,DS,What is the height of the person on the left (the passer) in cm? ,gravity acc = 9.8m/s,
internet_0019_segmented,segmentation,A2MC,30,DS,What is the height of the person on the right (the receiver) in cm? ,gravity acc = 9.8m/s,
internet_0019_segmented,segmentation,A2MC,30,DS,What is the initial distance between the passer and the receiver in meters?,gravity acc = 9.8m/s,
internet_0019_segmented,segmentation,A2MC,30,DD,What is the velocity of the ball at 1.00s in m/s? ,gravity acc = 9.8m/s,
internet_0019_segmented,segmentation,A2MC,30,DD,What is the (average) horizontal velocity of the ball in m/s? ,gravity acc = 9.8m/s,
internet_0021_segmented,segmentation,S2SS,30,SD,What is the average speed of the airplane in m/s? ,length of the airplane = 40m,
internet_0021_segmented,segmentation,S2SS,30,SS,What is the distance between the airplane and the roof top at 0s in meters?,length of the airplane = 40m,
internet_0021_segmented,segmentation,S2SS,30,SS,What is the the displacement of the airplane from 0s to 2.00s in meters? ,length of the airplane = 40m,
internet_0025_segmented,segmentation,S2SC,30,SS,What is the length of the canoe in meters? ,height of the boatman = 1.75m,
internet_0025_segmented,segmentation,S2SC,30,SD,What is the average speed of the canoe in m/s?,height of the boatman = 1.75m,
internet_0025_segmented,segmentation,S2SC,30,SS,What is the displacement of the canoe in the first 5 seconds in meters?,height of the boatman = 1.75m,
internet_0026_segmented,segmentation,S2MC,30,SS,What is the sitting height of the baby in cm?,total height of the sofa = 90 cm,
internet_0026_segmented,segmentation,S2MC,30,SS,What is the distance between the baby and the man in meters? ,total height of the sofa = 90 cm,
internet_0026_segmented,segmentation,S2MC,30,SS,What is the length of the toy truck in cm?,total height of the sofa = 90 cm,
internet_0026_segmented,segmentation,S2MC,30,SS,What is the height of the toy truck in cm?,total height of the sofa = 90 cm,
internet_0026_segmented,segmentation,S2MC,30,SD,What is the speed of the toy truck at 0.50s in cm/s? ,total height of the sofa = 90 cm,
internet_0026_segmented,segmentation,S2MC,30,SD,What is the average speed of the toy truck in cm/s? ,total height of the sofa = 90 cm,
internet_0027_segmented,segmentation,S2MS,30,SS,What is the initial distance between the black ball and the purple ball in cm? ,diameter of billiard balls = 57.2 mm,
internet_0027_segmented,segmentation,S2MS,30,SD,What is the white ball's average velocity in 1.00s to 2.00s in cm/s? ,diameter of billiard balls = 57.2 mm,
internet_0027_segmented,segmentation,S2MS,30,SD,What is the velocity of the orange ball at 1.00s in cm/s? ,diameter of billiard balls = 57.2 mm,
internet_0027_segmented,segmentation,S2MS,30,SS,What is the final distance between the purple ball and the black ball in cm? ,diameter of billiard balls = 57.2 mm,
internet_0027_segmented,segmentation,S2MS,30,SD,What is the acceleration of the yellow ball on the left at 2.00s in cm/s^2? ,diameter of billiard balls = 57.2 mm,
internet_0028,internet,V2MC,24,DS,What is the length of the blue and grey bag in meters?,velocity of the conveyer belt = 0.5 m/s,
internet_0028,internet,V2MC,24,DS,What is the length of the orange suitcase in meters?,velocity of the conveyer belt = 0.5 m/s,
internet_0029,internet,A2SS,50,DS,What is the diameter of the ball in cm? ,gravity acceleration = 9.8 m/s^2,
internet_0029,internet,A2SS,50,DD,What is the velocity of the ball at 0.20s in m/s? ,gravity acceleration = 9.8 m/s^2,
internet_0029,internet,A2SS,50,DD,What is the velocity of the ball at 0.40s in m/s? ,gravity acceleration = 9.8 m/s^2,
internet_0029,internet,A2SS,50,DS,What is the distance of the ball from the desk at 0.40s in meters? ,gravity acceleration = 9.8 m/s^2,
internet_0029,internet,A2SS,50,DS,What is the distance of the ball from the desk at 0.30s in meters? ,gravity acceleration = 9.8 m/s^2,
internet_0029,internet,A2SS,50,DS,What is the displacement of the ball from 0.30s to 0.40s in meters? ,gravity acceleration = 9.8 m/s^2,
internet_0030,internet,S2SC,30,SS,What is the boat's moving distance between 0.5s to 1.0s in meters? ,length of the speedboat = 3.2 m,
internet_0030,internet,S2SC,30,SS,What is the boat's moving distance between 0.5s to 1.37s in meters? ,length of the speedboat = 3.2 m,
internet_0030,internet,S2SC,30,SD,What is the speed of the boat between 0.5s to 1s in m/s? ,length of the speedboat = 3.2 m,
internet_0030,internet,S2SC,30,SD,What is the speed of the boat between 0.5s to 1.37s in m/s? ,length of the speedboat = 3.2 m,
internet_0030,internet,S2SC,30,SD,What is the average acceleration of the boat over 0.5 s to 1.37 s in m/s^2?,length of the speedboat = 3.2 m,
internet_0031,internet,S2MS,30,SS,What is the distance traveled by the player in white shirt from 0.5 to 5.53 in meters?,length of the goal frame = 7.32m,
internet_0031,internet,S2MS,30,SS,What is the distance traveled by the player in black shirt from 0.5s to 5.53s in meters?,length of the goal frame = 7.32m,
internet_0031,internet,S2MS,30,SD,What is the speed of the player in white shirt from 0.5 to 5.53 in m/s?,length of the goal frame = 7.32m,
internet_0031,internet,S2MS,30,SD,What is the speed of the player in black shirt from 0.5 to 5.53 in m/s?,length of the goal frame = 7.32m,
internet_0031,internet,S2MS,30,SD,What is the width of football pitch in meters?,length of the goal frame = 7.32m,
internet_0032,internet,S2SC,30,SS,What is the distance traveled by the boat from 0s to 2s in meters?,length of the boat = 3.5 m,
internet_0032,internet,S2SC,30,SS,What is the distance traveled by the boat from 2s to 4.5s in meters?,length of the boat = 3.5 m,
internet_0032,internet,S2SC,30,SS,What is the distance traveled by the boat from 4.5s to 7s in meters?,length of the boat = 3.5 m,
internet_0032,internet,S2SC,30,SD,What is the average speed of the boat from 0s to 2s in m/s?,length of the boat = 3.5 m,
internet_0032,internet,S2SC,30,SD,What is the average speed of the boat from 2s to 4.5s in m/s?,length of the boat = 3.5 m,
internet_0032,internet,S2SC,30,SD,What is the average speed of the boat from 4.5s to 7s in m/s?,length of the boat = 3.5 m,
internet_0032,internet,S2SC,30,SD,What is the acceleration of the boat from 0s-2s to 2s-4.5s in m/s^2?,length of the boat = 3.5 m,
internet_0032,internet,S2SC,30,SD,What is the acceleration of the boat from 2s-4.5s to 4.5s-7s in m/s^2?,length of the boat = 3.5 m,
internet_0032,internet,S2SC,30,SD,What is the acceleration of the boat over 0-7s in m/s^2?,length of the boat = 3.5 m,
internet_0033,internet,S2MC,25,SD,What is the speed of the plate of tomatoes from 0s to 0.52s in m/s?,size of the fork = 20.3 cm,
internet_0033,internet,S2MC,25,SD,What is the speed of the plate of tomatoes from 1s to 1.6s in m/s?,size of the fork = 20.3 cm,
internet_0033,internet,S2MC,25,SS,What is the size of avocado in cm?,size of the fork = 20.3 cm,
internet_0033,internet,S2MC,25,SS,What is the size of baguette in cm?,size of the fork = 20.3 cm,
internet_0034,internet,S2SC,30,SS,What is the displacement of toilet paper roll from 0.5s to 1.73s in cm? ,size of toilet paper roll = 100 mm,
internet_0034,internet,S2SC,30,SD,What is the speed of toilet paper roll over 0.5s to 1.73s in cm/s?,size of toilet paper roll = 100 mm,
internet_0034,internet,S2SC,30,SS,What is the width of thumbnail in cm?,size of toilet paper roll = 100 mm,
internet_0035,internet,S2SC,30,SD,What is the speed of the toilet paper core from 0s to 0.83s in cm/s?,size of toilet paper core = 100 mm,
internet_0035,internet,S2SC,30,SS,What is the width of thumbnail in cm?,size of toilet paper core = 100 mm,
internet_0035,internet,S2SC,30,SS,What is the displacement of toilet paper core from the start to 0.83s in cm?,size of toilet paper core = 100 mm,
internet_0036,internet,S2SS,25,SS,What is the length of the US one-dollar bill in mm?,width of US one-dollar bill = 66.3 mm,
internet_0036,internet,S2SS,25,SD,What is the speed of the bottom hand moves between 0s to 1.4s in m/s?,width of US one-dollar bill = 66.3 mm,
internet_0036,internet,S2SS,25,SD,What is the speed of the bottom hand moves between 1.72s to 2.6s in m/s?,width of US one-dollar bill = 66.3 mm,
internet_0036,internet,S2SS,25,SD,What is the speed of the top hand moves between 1.4s to 2.2s in m/s?,width of US one-dollar bill = 66.3 mm,
internet_0037,internet,S2SC,24,SD,What is the speed of the swimming woman between 0s to 2.07s in m/s?,height of the swimming woman = 1.63 m,
internet_0037,internet,S2SC,24,SD,What is the speed of the swimming woman between 2.07s to 5.20s in m/s?,height of the swimming woman = 1.63 m,
internet_0037,internet,S2SC,24,SD,What is the speed of the swimming woman between 0s to 5.20s in m/s?,height of the swimming woman = 1.63 m,
internet_0037,internet,S2SC,24,SD,What is the acceleration of the swimming woman between 0s to 5.20s in m/s^2?,height of the swimming woman = 1.63 m,
internet_0037,internet,S2SC,24,SS,What is the width of the swimming pool in meters?,height of the swimming woman = 1.63 m,
internet_0038,internet,S2MS,26,SS,What is the length of the Apple Magic Mouse in cm? ,width of the Apple Magic Mouse = 5.71 cm,
internet_0038,internet,S2MS,26,SS,What is the length of the MacBook in cm? ,width of the Apple Magic Mouse = 5.71 cm,
internet_0038,internet,S2MS,26,SS,What is the width of the MacBook in cm? ,width of the Apple Magic Mouse = 5.71 cm,
internet_0038,internet,S2MS,26,SS,What is the length of the spacebar in cm? ,width of the Apple Magic Mouse = 5.71 cm,
internet_0038,internet,S2MS,26,SD,What is the speed of the right hand moves between 0s to 0.54s in m/s?,width of the Apple Magic Mouse = 5.71 cm,
internet_0039,internet,S2SC,25,SD,What is the speed of the swimming man between 0s to 1s in m/s?,height of the swimming man = 1.68 m,
internet_0039,internet,S2SC,25,SD,What is the speed of the swimming man between 1 to 2.33s in m/s?,height of the swimming man = 1.68 m,
internet_0039,internet,S2SC,25,SD,What is the speed of the swimming man between 0s to 2.33s in m/s?,height of the swimming man = 1.68 m,
internet_0039,internet,S2SC,25,SD,What is the acceleration of the swimming man between 0s to 2.33s in m/s^2?,height of the swimming man = 1.68 m,
internet_0039,internet,S2SC,25,SS,What is the distance between the two lane ropes in meters?,height of the swimming man = 1.68 m,
internet_0040,internet,S2SS,30,SS,What's the length of the credit card in cm?,width of credit card = 83.98 mm,
internet_0040,internet,S2SS,30,SS,What is the displacement of credit card from the start to 0.73s in cm?,width of credit card = 83.98 mm,
internet_0040,internet,S2SS,30,SD,What is the speed of credit card from the start to 0.73s in cm/s?,width of credit card = 83.98 mm,
internet_0041,internet,S2MC,24,SS,What is the displacement of the middle duck in cm?,size of the middle duck = 66 cm,
internet_0041,internet,S2MC,24,SD,What is the average speed of the middle duck in cm/s?,size of the middle duck = 66 cm,
internet_0041,internet,S2MC,24,SS,What is the distance between the pillars of the arches on the ground in cm?,size of the middle duck = 66 cm,
internet_0041,internet,S2MC,24,SS,What is the height of the arches on the ground in cm?,size of the middle duck = 66 cm,
internet_0041,internet,S2MC,24,SS,What is the distance between the pillars of the arches on the second floor in cm?,size of the middle duck = 66 cm,
internet_0041,internet,S2MC,24,SS,What is the height of the arches on the second floor in cm?,size of the middle duck = 66 cm,
internet_0042,internet,S2MS,30,SS,What is the width of the white car in meters?,length of the white car = 4.572 m,
internet_0042,internet,S2MS,30,SS,What is the width of the black car in meters?,length of the white car = 4.572 m,
internet_0042,internet,S2MS,30,SS,What is the length of the black car in meters?,length of the white car = 4.572 m,
internet_0042,internet,S2MS,30,SS,What is the width of the road in meters?,length of the white car = 4.572 m,
internet_0042,internet,S2MS,30,SS,What is the width of the bridge in meters?,length of the white car = 4.572 m,
internet_0042,internet,S2MS,30,SD,What is the average speed of the white car in m/s?,length of the white car = 4.572 m,
internet_0043,internet,V2MS,30,DS,What is the diameter of the white ball in cm? ,velocity of the white ball at 1.0s = 33.38 cm/s,
internet_0043,internet,V2MS,30,DS,What is the height of the kettle in cm? ,velocity of the white ball at 1.0s = 33.38 cm/s,
internet_0043,internet,V2MS,30,DS,What is the height of the white cylinder in cm? ,velocity of the white ball at 1.0s = 33.38 cm/s,
internet_0043,internet,V2MS,30,DS,What is the height of the green bottle in cm? ,velocity of the white ball at 1.0s = 33.38 cm/s,
internet_0043,internet,V2MS,30,DS,What is the height of the plastic bottle in cm? ,velocity of the white ball at 1.0s = 33.38 cm/s,
internet_0043,internet,V2MS,30,DS,What is the height of the plate in cm? ,velocity of the white ball at 1.0s = 33.38 cm/s,
internet_0043,internet,V2MS,30,DS,What is the distance between the kettle and the plate in cm? ,velocity of the white ball at 1.0s = 33.38 cm/s,
internet_0043,internet,V2MS,30,DS,What is the distance between the cylinder and the plastic bottle in cm? ,velocity of the white ball at 1.0s = 33.38 cm/s,
internet_0044,internet,V2MS,30,DS,What is the diameter of the white ball in cm? ,gravity acceleration = 9.8 m/s^2,
internet_0044,internet,V2MS,30,DS,What is the height of the kettle in cm? ,gravity acceleration = 9.8 m/s^2,
internet_0044,internet,V2MS,30,DS,What is the height of the white cylinder in cm? ,gravity acceleration = 9.8 m/s^2,
internet_0044,internet,V2MS,30,DS,What is the height of the green bottle in cm? ,gravity acceleration = 9.8 m/s^2,
internet_0044,internet,V2MS,30,DS,What is the height of the plastic bottle in cm? ,gravity acceleration = 9.8 m/s^2,
internet_0044,internet,V2MS,30,DS,What is the height of the plate in cm? ,gravity acceleration = 9.8 m/s^2,
internet_0044,internet,V2MS,30,DS,What is the distance between the kettle and the plate in cm? ,gravity acceleration = 9.8 m/s^2,
internet_0044,internet,V2MS,30,DS,What is the distance between the cylinder and the plastic bottle in cm? ,gravity acceleration = 9.8 m/s^2,
internet_0044,internet,V2MS,30,DS,What is the velocity of the white ball at 1.50s in m/s? ,gravity acceleration = 9.8 m/s^2,
internet_0044,internet,V2MS,30,DS,What is the velocity of the white ball at 2.50s in m/s? ,gravity acceleration = 9.8 m/s^2,
internet_0045,internet,V2MS,30,DS,What is the diameter of the rolling cylinder in cm? ,velocity of the rolling cylinder = 107.3 cm/s,
internet_0045,internet,V2MS,30,DS,What is the height of the green bottle in cm? ,velocity of the rolling cylinder = 107.3 cm/s,
internet_0045,internet,V2MS,30,DS,What is the height of the plastic bottle in cm? ,velocity of the rolling cylinder = 107.3 cm/s,
internet_0045,internet,V2MS,30,DS,What is the height of the plate in cm? ,velocity of the rolling cylinder = 107.3 cm/s,
internet_0045,internet,V2MS,30,DS,What is the distance between the two bottles in cm? ,velocity of the rolling cylinder = 107.3 cm/s,
internet_0045,internet,V2MS,30,DS,What is the distance between the kettle and the plate in cm? ,velocity of the rolling cylinder = 107.3 cm/s,
internet_0046,internet,S2SS,30,SD,What is the velocity of the cup at 1.00s in m/s?,height of the cup = 10.5 cm,
internet_0046,internet,S2SS,30,SD,What is the velocity of the cup at 1.10s in m/s?,height of the cup = 10.5 cm,
internet_0046,internet,S2SS,30,SD,What is the velocity of the cup at 1.20s in m/s?,height of the cup = 10.5 cm,
internet_0046,internet,S2SS,30,SS,What is the displacement of the cup between 1.00s and 1.10s in cm? ,height of the cup = 10.5 cm,
internet_0046,internet,S2SS,30,SS,What is the displacement of the cup between 1.10s and 1.30s in cm? ,height of the cup = 10.5 cm,
internet_0046,internet,S2SS,30,SD,What is the acceleration of the cup at 1.10s in m/s^2?,height of the cup = 10.5 cm,
internet_0047,internet,V2SS,30,DS,What is the diameter of the rolling ball in cm? ,velocity of the rolling ball at 0.5s = 2.94m/s,
internet_0047,internet,V2SS,30,DS,What is distance between the two vertical red lines in meters? ,velocity of the rolling ball at 0.5s = 2.94m/s,
internet_0047,internet,V2SS,30,DS,What is distance between the ball and the white line in meters? ,velocity of the rolling ball at 0.5s = 2.94m/s,
internet_0047,internet,V2SS,30,DS,What is displacement of the ball between 0.10s and 0.30s in meters? ,velocity of the rolling ball at 0.5s = 2.94m/s,
internet_0047,internet,V2SS,30,DS,What is distance between the red vertical line on the left and the white line in meters? ,velocity of the rolling ball at 0.5s = 2.94m/s,
internet_0047,internet,V2SS,30,DS,What is width of the lines on the floor in cm? ,velocity of the rolling ball at 0.5s = 2.94m/s,
internet_0048,internet,A2SS,30,DS,What is the diameter of the ball in cm? ,gravity acceleration = 9.8 m/s^2,
internet_0048,internet,A2SS,30,DS,What is the width of a single piece wall pad in cm? ,gravity acceleration = 9.8 m/s^2,
internet_0048,internet,A2SS,30,DS,What is the height of the height of the wall pads in cm? ,gravity acceleration = 9.8 m/s^2,
internet_0048,internet,A2SS,30,DS,What is the distance between the ball and the floor at 1.50s in meters?,gravity acceleration = 9.8 m/s^2,
internet_0048,internet,A2SS,30,DS,What is the displacement of the ball between 1.20s and 1.80s in meters? ,gravity acceleration = 9.8 m/s^2,
internet_0048,internet,A2SS,30,DD,What is the velocity of the ball at 1.50s in m/s?,gravity acceleration = 9.8 m/s^2,
internet_0048,internet,A2SS,30,DS,What is the height of the walking person in meters?,gravity acceleration = 9.8 m/s^2,
internet_0048,internet,A2SS,30,DD,What is the average walking speed of the walking person between 2.50s and 3.50s in m/s?,gravity acceleration = 9.8 m/s^2,
internet_0049,internet,V2MC,30,DS,What is the height of the person riding scooter in meters?,average speed of the person riding scooter = 3.8 m/s,
internet_0049,internet,V2MC,30,DS,What is the height of the gray table in meters?,average speed of the person riding scooter = 3.8 m/s,
internet_0049,internet,V2MC,30,DS,What is the height of the gray chairs in meters?,average speed of the person riding scooter = 3.8 m/s,
internet_0049,internet,V2MC,30,DS,What is the height of the brown table in meters?,average speed of the person riding scooter = 3.8 m/s,
internet_0049,internet,V2MC,30,DS,What is the length of the brown table in meters?,average speed of the person riding scooter = 3.8 m/s,
internet_0049,internet,V2MC,30,DS,What is the height of the canopy in meters?,average speed of the person riding scooter = 3.8 m/s,
internet_0049,internet,V2MC,30,DS,What is the distance between the middle brown table and the gray table in meters?,average speed of the person riding scooter = 3.8 m/s,
internet_0050,internet,V2MC,30,DS,What is the height of the person riding scooter in meters?,average speed of the person riding scooter = 2.9 m/s,
internet_0050,internet,V2MC,30,DS,What is the height of the right basketball stand in meters?,average speed of the person riding scooter = 2.9 m/s,
internet_0050,internet,V2MC,30,DS,What is the height of the left basketball stand in meters?,average speed of the person riding scooter = 2.9 m/s,
internet_0050,internet,V2MC,30,DS,What is the distance of the bird to ground in meters?,average speed of the person riding scooter = 2.9 m/s,
internet_0050,internet,V2MC,30,DS,What is the distance between the two basketball stands in meters?,average speed of the person riding scooter = 2.9 m/s,
internet_0050,internet,V2MC,30,DS,What is the width of the left basketball backboard in meters?,average speed of the person riding scooter = 2.9 m/s,
internet_0050,internet,V2MC,30,DS,What is the height of the left basketball backboard in meters?,average speed of the person riding scooter = 2.9 m/s,
internet_0051,internet,V2MC,30,DS,What is the height of the person riding scooter in meters?,average speed of the person riding scooter = 2.07 m/s,
internet_0051,internet,V2MC,30,DS,What is the width of the green car in meters?,average speed of the person riding scooter = 2.07 m/s,
internet_0051,internet,V2MC,30,DS,What is the height of the green car in meters?,average speed of the person riding scooter = 2.07 m/s,
internet_0051,internet,V2MC,30,DS,What is the height of the tree in the middle of the video in meters?,average speed of the person riding scooter = 2.07 m/s,
internet_0051,internet,V2MC,30,DS,What is the distance between the brown and green car in meters?,average speed of the person riding scooter = 2.07 m/s,
internet_0052,internet,V2MC,30,DS,What is the height of the person riding scooter in meters?,average speed of the person riding scooter = 2.91 m/s,
internet_0052,internet,V2MC,30,DS,What is the distance between the two closest tall trees in meters? ,average speed of the person riding scooter = 2.91 m/s,
internet_0052,internet,V2MC,30,DS,What is the height of the no-parking sign in meters?,average speed of the person riding scooter = 2.91 m/s,
internet_0052,internet,V2MC,30,DS,What is the width of the no-parking sign in meters?,average speed of the person riding scooter = 2.91 m/s,
internet_0052,internet,V2MC,30,DS,What is the height of the scooter in meters?,average speed of the person riding scooter = 2.91 m/s,
internet_0052,internet,V2MC,30,DS,What is the wheel-to-wheel width of the scooter in meters?,average speed of the person riding scooter = 2.91 m/s,
internet_0053,internet,V2MC,30,DS,What is the height of the person riding scooter in meters?,average speed of the person riding scooter = 4.46 m/s,
internet_0053,internet,V2MC,30,DS,What is the height of the lamp in meters?,average speed of the person riding scooter = 4.46 m/s,
internet_0053,internet,V2MC,30,DS,What is the wheel-to-wheel width of the scooter in meters?,average speed of the person riding scooter = 4.46 m/s,
internet_0053,internet,V2MC,30,DS,What is the height of the scooter in meters?,average speed of the person riding scooter = 4.46 m/s,
internet_0053,internet,V2MC,30,DS,What is the height of the sign on the ground in meters?,average speed of the person riding scooter = 4.46 m/s,
internet_0053,internet,V2MC,30,DS,What is the width of the sign on the ground in meters?,average speed of the person riding scooter = 4.46 m/s,
internet_0053,internet,V2MC,30,DS,What is the height of the fire hydrant in meters?,average speed of the person riding scooter = 4.46 m/s,
internet_0053,internet,V2MC,30,DS,What is the width of the bench in meters?,average speed of the person riding scooter = 4.46 m/s,
internet_0053,internet,V2MC,30,DS,What is the height of the bench in meters?,average speed of the person riding scooter = 4.46 m/s,
internet_0053,internet,V2MC,30,DS,What is the height of the trash bin in meters?,average speed of the person riding scooter = 4.46 m/s,
internet_0054,internet,V2MC,30,DS,What is the height of the person riding scooter in meters?,average speed of the person riding scooter = 4.9 m/s,
internet_0054,internet,V2MC,30,DS,What is the length of the brown chairs in meters?,average speed of the person riding scooter = 4.9 m/s,
internet_0054,internet,V2MC,30,DS,What is the height of the canopy in meters?,average speed of the person riding scooter = 4.9 m/s,
internet_0054,internet,V2MC,30,DS,What is the width of the canopy in meters?,average speed of the person riding scooter = 4.9 m/s,
internet_0054,internet,V2MC,30,DS,What is the height of the scooter in meters?,average speed of the person riding scooter = 4.9 m/s,
internet_0054,internet,V2MC,30,DS,What is the wheel-to-wheel width of the scooter in meters?,average speed of the person riding scooter = 4.9 m/s,
internet_0055,internet,V2MC,30,DS,What is the height of the walking person in meters?,average speed of the person riding scooter = 1.95 m/s,
internet_0055,internet,V2MC,30,DS,What is the height of the DO NOT ENTER sign in meters?,average speed of the person riding scooter = 1.95 m/s,
internet_0055,internet,V2MC,30,DS,What is the width of the DO NOT ENTER sign in meters?,average speed of the person riding scooter = 1.95 m/s,
internet_0055,internet,V2MC,30,DS,What is the distance of the DO NOT ENTER sign to the ground in meters?,average speed of the person riding scooter = 1.95 m/s,
internet_0055,internet,V2MC,30,DS,What is the height of the Bicycle sign in meters?,average speed of the person riding scooter = 1.95 m/s,
internet_0055,internet,V2MC,30,DS,What is the width of the Bicycle sign in meters?,average speed of the person riding scooter = 1.95 m/s,
internet_0055,internet,V2MC,30,DS,What is the distance of the Bicycle sign to the ground in meters?,average speed of the person riding scooter = 1.95 m/s,
internet_0055,internet,V2MC,30,DS,What is the width of the YIELD sign in meters?,average speed of the person riding scooter = 1.95 m/s,
internet_0056,internet,V2MC,30,DS,What is the height of the person riding scooter in meters?,average speed of the person riding scooter = 2.64 m/s,
internet_0056,internet,V2MC,30,DS,What is the distance between the two closest tall trees in meters? ,average speed of the person riding scooter = 2.64 m/s,
internet_0056,internet,V2MC,30,DS,What is the height of the left most tree in meters?,average speed of the person riding scooter = 2.64 m/s,
internet_0057,internet,A2MS,30,DS,What is the height of the person in meters? ,gravity acceleration = 9.8 m/s^2,
internet_0057,internet,A2MS,30,DS,What is the distance between the basket and the floor in meters? ,gravity acceleration = 9.8 m/s^2,
internet_0057,internet,A2MS,30,DD,What is the velocity of the ball at 2.00s in m/s?,gravity acceleration = 9.8 m/s^2,
internet_0057,internet,A2MS,30,DD,What is the velocity of the ball at 3.00s in m/s?,gravity acceleration = 9.8 m/s^2,
internet_0057,internet,A2MS,30,DS,What is the distance between the basket and the ball at 3.00s in meters?,gravity acceleration = 9.8 m/s^2,
internet_0057,internet,A2MS,30,DS,What is the distance between the person and the ball at 3.00s in meters?,gravity acceleration = 9.8 m/s^2,
internet_0057,internet,A2MS,30,DS,What is the distance between the ball and the floor at 4.00s in meters? ,gravity acceleration = 9.8 m/s^2,
internet_0057,internet,A2MS,30,DD,What is the person's average walking speed from 3.50s to 5.00s in m/s? ,gravity acceleration = 9.8 m/s^2,
internet_0057,internet,A2MS,30,DS,What is the displacement of the ball between 2.00s and 4.00s in meters? ,gravity acceleration = 9.8 m/s^2,
internet_0058,internet,A2MS,30,DS,What is the height of the person in meters? ,gravity acceleration = 9.8 m/s^2,
internet_0058,internet,A2MS,30,DS,What is the distance between the basket and the floor in meters? ,gravity acceleration = 9.8 m/s^2,
internet_0058,internet,A2MS,30,DD,What is the velocity of the ball at 1.00s in m/s?,gravity acceleration = 9.8 m/s^2,
internet_0058,internet,A2MS,30,DS,What is the distance between the ball and the floor at 1.00s in meters? ,gravity acceleration = 9.8 m/s^2,
internet_0058,internet,A2MS,30,DS,What is the distance between the ball and the basket at 1.00s in meters? ,gravity acceleration = 9.8 m/s^2,
internet_0058,internet,A2MS,30,DD,What is the velocity of the ball at 2.00s in m/s?,gravity acceleration = 9.8 m/s^2,
internet_0058,internet,A2MS,30,DS,What is the distance between the ball and the floor at 2.00s in meters? ,gravity acceleration = 9.8 m/s^2,
internet_0058,internet,A2MS,30,DS,What is the distance between the ball and the floor at 1.40s in meters? ,gravity acceleration = 9.8 m/s^2,
internet_0058,internet,A2MS,30,DD, What is the average speed of the ball between 1.40s and 2.00s in m/s?,gravity acceleration = 9.8 m/s^2,
internet_0059,internet,A2SS,30,DS,What is the diameter of the ball in cm? ,gravity acceleration = 9.8 m/s^2,
internet_0059,internet,A2SS,30,DS,What is the length of the billboard in the middle in cm?,gravity acceleration = 9.8 m/s^2,
internet_0059,internet,A2SS,30,DS,What is the height of the billboard on the left in cm?,gravity acceleration = 9.8 m/s^2,
internet_0059,internet,A2SS,30,DS,What is the height of the billboard on the right in cm?,gravity acceleration = 9.8 m/s^2,
internet_0059,internet,A2SS,30,DS,What is distance between the left edge of the left billboard and the right edge of the right bill board in cm? ,gravity acceleration = 9.8 m/s^2,
internet_0059,internet,A2SS,30,DD,What is velocity of the ball at 2.50s in m/s?,gravity acceleration = 9.8 m/s^2,
internet_0059,internet,A2SS,30,DD,What is velocity of the ball at 3.00s in m/s? ,gravity acceleration = 9.8 m/s^2,
internet_0059,internet,A2SS,30,DD,What is the average velocity of the ball between 2.50s and 3.20s in m/s? ,gravity acceleration = 9.8 m/s^2,
internet_0059,internet,A2SS,30,DS,What is the displacement of the ball between 2.50s and 3.00s in meters?,gravity acceleration = 9.8 m/s^2,
internet_0060,internet,A2SS,30,DS,What is the length of the pink box in cm?,gravity acceleration = 9.8 m/s^2,
internet_0060,internet,A2SS,30,DS,What is the width of the pink box in cm?,gravity acceleration = 9.8 m/s^2,
internet_0060,internet,A2SS,30,DS,What is the distance between the pink box and the floor at 0.00s in meters?,gravity acceleration = 9.8 m/s^2,
internet_0060,internet,A2SS,30,DD,What is the velocity of the box at 2.00s in m/s?,gravity acceleration = 9.8 m/s^2,
internet_0060,internet,A2SS,30,DS,What is the displacement of the box between 0.00s and 2.00s in meters?,gravity acceleration = 9.8 m/s^2,
internet_0060,internet,A2SS,30,DS,What is displacement of the box between 2.20s and 3.00s in meters?,gravity acceleration = 9.8 m/s^2,
internet_0061,internet,A2SS,30,DS,What is the width of the acorn in cm? ,gravity acceleration = 9.8 m/s^2,
internet_0061,internet,A2SS,30,DS,What is the height of the acorn in cm? ,gravity acceleration = 9.8 m/s^2,
internet_0061,internet,A2SS,30,DD,What is the velocity of the acorn at 1.40s in m/s? ,gravity acceleration = 9.8 m/s^2,
internet_0061,internet,A2SS,30,DS,What is the distance between the bottom of the acorn and the chair surface at 1.40s in cm?,gravity acceleration = 9.8 m/s^2,
internet_0061,internet,A2SS,30,DS,What is the distance between the bottom of the acorn and the chair surface at 1.80s in cm? ,gravity acceleration = 9.8 m/s^2,
internet_0061,internet,A2SS,30,DS,What is the displacement of the acorn between 1.30s and 1.40s in cm? ,gravity acceleration = 9.8 m/s^2,
internet_0062,internet,A2SS,30,DS,What is the length of the longer side of the wallet in cm? ,gravity acceleration = 9.8 m/s^2,
internet_0062,internet,A2SS,30,DS,What is the length of the shorter side of the wallet in cm? ,gravity acceleration = 9.8 m/s^2,
internet_0062,internet,A2SS,30,DD,What is the velocity of the wallet at 2.50s in m/s? ,gravity acceleration = 9.8 m/s^2,
internet_0062,internet,A2SS,30,DS,What is the distance between the bottom corner of the wallet and the floor at 2.50s in meters? ,gravity acceleration = 9.8 m/s^2,
internet_0062,internet,A2SS,30,DS,What is the displacement of the wallet between 2.20s and 2.50s in meters?,gravity acceleration = 9.8 m/s^2,
internet_0062,internet,A2SS,30,DD,What is the velocity of the wallet at 2.60s in m/s? ,gravity acceleration = 9.8 m/s^2,
internet_0063,internet,A2SS,30,DS,What is the height of the water bottle in cm?,gravity acceleration = 9.8 m/s^2,
internet_0063,internet,A2SS,30,DS,What is the diameter of the water bottle in cm? ,gravity acceleration = 9.8 m/s^2,
internet_0063,internet,A2SS,30,DD,What is the velocity of the water bottle at 1.50s in m/s?,gravity acceleration = 9.8 m/s^2,
internet_0063,internet,A2SS,30,DD,What is the velocity of the water bottle at 1.70s in m/s?,gravity acceleration = 9.8 m/s^2,
internet_0063,internet,A2SS,30,DS,What is the displacement of the water bottle between 1.50s and 1.70s in meters?,gravity acceleration = 9.8 m/s^2,
internet_0063,internet,A2SS,30,DS,What is the distance between the bottom of the water bottle and the floor at 1.50s in meters?,gravity acceleration = 9.8 m/s^2,
internet_0064,internet,A2MS,30,DS,What is the height of the person in meters? ,gravity acceleration = 9.8 m/s^2,
internet_0064,internet,A2MS,30,DD,What is the velocity of the ball at 3.0s in m/s? ,gravity acceleration = 9.8 m/s^2,
internet_0064,internet,A2MS,30,DD,What is the velocity of the ball at 3.6s in m/s? ,gravity acceleration = 9.8 m/s^2,
internet_0064,internet,A2MS,30,DD,What is the velocity of the person at 4.4s in m/s? ,gravity acceleration = 9.8 m/s^2,
internet_0064,internet,A2MS,30,DS,What is the distance between the bottom of the ball and the floor at 3.5s in meters?,gravity acceleration = 9.8 m/s^2,
internet_0064,internet,A2MS,30,DS,What is the displacement of the ball between 3.50s and 3.70s in meters? ,gravity acceleration = 9.8 m/s^2,
internet_0064,internet,A2MS,30,DS,What is the displacement of the person between 4.00s and 5.00s in meters? ,gravity acceleration = 9.8 m/s^2,
internet_0064,internet,A2MS,30,DS,What is the diameter of the ball in cm? ,gravity acceleration = 9.8 m/s^2,
internet_0065,internet,A2SS,30,DD,What is the velocity of the ball at 0.20s in m/s? ,gravity acceleration = 9.8 m/s^2,
internet_0065,internet,A2SS,30,DD,What is the velocity of the ball at 0.30s in m/s? ,gravity acceleration = 9.8 m/s^2,
internet_0065,internet,A2SS,30,DD,What is the velocity of the ball at 0.40s in m/s? ,gravity acceleration = 9.8 m/s^2,
internet_0065,internet,A2SS,30,DD,What is the velocity of the ball at 0.50s in m/s? ,gravity acceleration = 9.8 m/s^2,
internet_0065,internet,A2SS,30,DS,What is the displacement of the ball between 0.20s and 0.30 in meters?,gravity acceleration = 9.8 m/s^2,
internet_0065,internet,A2SS,30,DS,What is the displacement of the ball between 0.30s and 0.40s in meters?,gravity acceleration = 9.8 m/s^2,
internet_0065,internet,A2SS,30,DS,What is the displacement of the ball between 0.40s and 0.50s in meters?,gravity acceleration = 9.8 m/s^2,
internet_0065,internet,A2SS,30,DS,What is the diameter of the ball in cm? ,gravity acceleration = 9.8 m/s^2,
internet_0066,internet,A2SS,30,DS,What is the diameter of the ball in cm? ,gravity acceleration = 9.8 m/s^2,
internet_0066,internet,A2SS,30,DD,What is the velocity of the ball at 1.80s in m/s?,gravity acceleration = 9.8 m/s^2,
internet_0066,internet,A2SS,30,DD,What is the velocity of the ball at 1.90s in m/s?,gravity acceleration = 9.8 m/s^2,
internet_0066,internet,A2SS,30,DD,What is the velocity of the ball at 2.00s in m/s?,gravity acceleration = 9.8 m/s^2,
internet_0066,internet,A2SS,30,DD,What is the velocity of the ball at 2.10s in m/s?,gravity acceleration = 9.8 m/s^2,
internet_0066,internet,A2SS,30,DD,What is the velocity of the ball at 2.20s in m/s?,gravity acceleration = 9.8 m/s^2,
internet_0066,internet,A2SS,30,DS,What is the displacement of the ball between 1.70s and 1.80s in meters?,gravity acceleration = 9.8 m/s^2,
internet_0066,internet,A2SS,30,DS,What is the displacement of the ball between 1.80s and 1.90s in meters?,gravity acceleration = 9.8 m/s^2,
internet_0066,internet,A2SS,30,DS,What is the displacement of the ball between 1.90s and 2.00s in meters?,gravity acceleration = 9.8 m/s^2,
internet_0066,internet,A2SS,30,DS,What is the displacement of the ball between 2.00s and 2.10s in meters?,gravity acceleration = 9.8 m/s^2,
internet_0067,internet,S2SS,30,DD,What is the acceleration of the acorn at 0.17s in m/s^2? ,height of the acorn = 8 cm,
internet_0067,internet,S2SS,30,DD,What is the velocity of the acorn at 0.17s in m/s? ,height of the acorn = 8 cm,
internet_0067,internet,S2SS,30,DD,What is the velocity of the acorn at 0.20s in m/s? ,height of the acorn = 8 cm,
internet_0067,internet,S2SS,30,DS,What is the width of the acorn in cm? ,height of the acorn = 8 cm,
internet_0068,internet,A2SS,30,DS,What is the height of the acorn in cm? ,acceleration of the acorn from 2.00s to 2.30s = 0.77m/s^2,
internet_0068,internet,A2SS,30,DD,What is the velocity of the acorn at 2.00s in m/s? ,acceleration of the acorn from 2.00s to 2.30s = 0.77m/s^2,
internet_0068,internet,A2SS,30,DD,What is the velocity of the acorn at 2.10s in m/s? ,acceleration of the acorn from 2.00s to 2.30s = 0.77m/s^2,
internet_0068,internet,A2SS,30,DD,What is the velocity of the acorn at 2.30s in m/s? ,acceleration of the acorn from 2.00s to 2.30s = 0.77m/s^2,
internet_0068,internet,A2SS,30,DS,What is the displacement of the acorn between 2.00s and 2.10s in cm?,acceleration of the acorn from 2.00s to 2.30s = 0.77m/s^2,
internet_0068,internet,A2SS,30,DS,What is the displacement of the acorn between 2.10s and 2.20s in cm?,acceleration of the acorn from 2.00s to 2.30s = 0.77m/s^2,
internet_0068,internet,A2SS,30,DS,What is the displacement of the acorn between 2.20s and 2.30s in cm?,acceleration of the acorn from 2.00s to 2.30s = 0.77m/s^2,
internet_0068,internet,A2SS,30,DS,What is the displacement of the acorn between 2.30s and 2.40s in cm?,acceleration of the acorn from 2.00s to 2.30s = 0.77m/s^2,
internet_0069,internet,A2SS,30,DS,What is the height of the cup in cm? ,acceleration of the cup from 2.00s to 2.30s = 0.32m/s^2,
internet_0069,internet,A2SS,30,DD,What is the velocity of the cup at 2.00s in m/s?,acceleration of the cup from 2.00s to 2.30s = 0.32m/s^2,
internet_0069,internet,A2SS,30,DD,What is the velocity of the cup at 2.10s in m/s?,acceleration of the cup from 2.00s to 2.30s = 0.32m/s^2,
internet_0069,internet,A2SS,30,DD,What is the velocity of the cup at 2.20s in m/s?,acceleration of the cup from 2.00s to 2.30s = 0.32m/s^2,
internet_0069,internet,A2SS,30,DD,What is the velocity of the cup at 2.30s in m/s?,acceleration of the cup from 2.00s to 2.30s = 0.32m/s^2,
internet_0069,internet,A2SS,30,DS,What is the displacement of the cup between 2.00s and 2.10s in cm? ,acceleration of the cup from 2.00s to 2.30s = 0.32m/s^2,
internet_0069,internet,A2SS,30,DS,What is the displacement of the cup between 2.10s and 2.30s in cm? ,acceleration of the cup from 2.00s to 2.30s = 0.32m/s^2,
internet_0069,internet,A2SS,30,DS,What is the displacement of the cup between 2.30s and 2.50s in cm? ,acceleration of the cup from 2.00s to 2.30s = 0.32m/s^2,
internet_0070,internet,V2SC,30,DS,What is the length of the speedboat in meters?,velocity of the speedboat at 1.00s = 11 m/s,
internet_0070,internet,V2SC,30,DS,What is the height of the speedboat in meters?,velocity of the speedboat at 1.00s = 11 m/s,
internet_0070,internet,V2SC,30,DS,What is the displacement of the speedboat between 1.00s and 4.00s in meters?,velocity of the speedboat at 1.00s = 11 m/s,
internet_0070,internet,V2SC,30,DS,What is the displacement of the speedboat between 2.00s and 3.00s in meters?,velocity of the speedboat at 1.00s = 11 m/s,
internet_0070,internet,V2SC,30,DD,What is the velocity of the speed boat at 2.00s in m/s?,velocity of the speedboat at 1.00s = 11 m/s,
internet_0071,internet,S2SS,30,SS,What is the diameter of the toilet paper roll in cm?,width of the toilet paper = 10 cm,
internet_0071,internet,S2SS,30,SS,What is the length of the toilet paper holder in cm?,width of the toilet paper = 10 cm,
internet_0071,internet,S2SS,30,SS,What is the length of a wall tile in cm?,width of the toilet paper = 10 cm,
internet_0071,internet,S2SS,30,SS,What is the height of a wall tile in cm? ,width of the toilet paper = 10 cm,
internet_0071,internet,S2SS,30,SD,What is the moving velocity of the toilet paper at 0.50s in cm/s? ,width of the toilet paper = 10 cm,
internet_0071,internet,S2SS,30,SD,What is the moving velocity of the toilet paper at 1.00s in cm/s? ,width of the toilet paper = 10 cm,
internet_0071,internet,S2SS,30,SD,What is the average moving velocity of the toilet paper from 0.50s to 1.50s in cm/s? ,width of the toilet paper = 10 cm,
internet_0072,internet,S2SS,30,SS,What is the width of the credit card in cm? ,lenth of the credit card = 8.56 cm,
internet_0072,internet,S2SS,30,SD,What is the moving velocity of the credit card at 0.50s in cm/s?,lenth of the credit card = 8.56 cm,
internet_0072,internet,S2SS,30,SD,What is the moving velocity of the credit card at 1.00s in cm/s?,lenth of the credit card = 8.56 cm,
internet_0072,internet,S2SS,30,SD,What is the acceleration of the credit card at 0.50s in cm/s^2? ,lenth of the credit card = 8.56 cm,
internet_0073,internet,S2MC,30,SS,What is the distance between the blue bag and the yellow bag in meters? ,velocity of the conveyor belt = 0.3m/s,
internet_0073,internet,S2MC,30,SS,What is the width of the red package in meters?,velocity of the conveyor belt = 0.3m/s,
internet_0073,internet,S2MC,30,SS,What is the height of the red package in meters?,velocity of the conveyor belt = 0.3m/s,
internet_0073,internet,S2MC,30,SS,What is the width of the package in the middle of the read package and the blue bag in meters?,velocity of the conveyor belt = 0.3m/s,
internet_0073,internet,S2MC,30,SS,What is the height of the package in the middle of the read package and the blue bag in meters?,velocity of the conveyor belt = 0.3m/s,
internet_0073,internet,S2MC,30,SS,What is the distance between the red package and the blue bag in meters?,velocity of the conveyor belt = 0.3m/s,
internet_0073,internet,S2MC,30,SS,What is the displacement of the blue bag between 2.00s and 3.50s in meters? ,velocity of the conveyor belt = 0.3m/s,
internet_0074,internet,S2MS,30,SS,What is the total length of the pickle ball court in meters? ,width of the pickleball court = 6.1 m,
internet_0074,internet,S2MS,30,SS,What is the distance between the two players at 0.00s in meters? ,width of the pickleball court = 6.1 m,
internet_0074,internet,S2MS,30,SD,What is the velocity of the ball at 1.00s in m/s? ,width of the pickleball court = 6.1 m,
internet_0074,internet,S2MS,30,SS,What is the distance between the ball and the net at 1.00s in meters? ,width of the pickleball court = 6.1 m,
internet_0074,internet,S2MS,30,SS,What is the distance between the ball and the nearest player at 2.00s in meters? ,width of the pickleball court = 6.1 m,
internet_0074,internet,S2MS,30,SD,What is the velocity of the ball at 3.00s in m/s? ,width of the pickleball court = 6.1 m,
internet_0074,internet,S2MS,30,SS,What is the length of the net in meters?,width of the pickleball court = 6.1 m,
internet_0074,internet,S2MS,30,SS,What is the distance between the two players at 4.50s in meters?,width of the pickleball court = 6.1 m,
